Job Title,Skills,Job Description
Data Analyst,"SQL, CSS, Communication, Java, Deep Learning, Docker, Data Analysis, Kubernetes, TensorFlow","We are looking for a Data Analyst with expertise in SQL, CSS, Communication, Java, Deep Learning, Docker, Data Analysis, Kubernetes, TensorFlow. Responsibilities include developing solutions, analyzing data, collaborating across teams, and implementing modern AI or software practices."
HR Specialist,"Cloud, Teamwork, Azure, Data Analysis, Docker, Deep Learning, SQL, NLP","We are looking for a HR Specialist with expertise in Cloud, Teamwork, Azure, Data Analysis, Docker, Deep Learning, SQL, NLP. Responsibilities include developing solutions, analyzing data, collaborating across teams, and implementing modern AI or software practices."
AI Engineer,"Deep Learning, CSS, React, AWS, NLP, Data Analysis, TensorFlow, Problem Solving, Communication","We are looking for a AI Engineer with expertise in Deep Learning, CSS, React, AWS, NLP, Data Analysis, TensorFlow, Problem Solving, Communication. Responsibilities include developing solutions, analyzing data, collaborating across teams, and implementing modern AI or software practices."
Machine Learning Engineer,"CSS, React, Statistics, NLP, Kubernetes, Deep Learning, Azure","We are looking for a Machine Learning Engineer with expertise in CSS, React, Statistics, NLP, Kubernetes, Deep Learning, Azure. Responsibilities include developing solutions, analyzing data, collaborating across teams, and implementing modern AI or software practices."
Web Developer,"Python, Leadership, Kubernetes, Communication, TensorFlow, Problem Solving","We are looking for a Web Developer with expertise in Python, Leadership, Kubernetes, Communication, TensorFlow, Problem Solving. Responsibilities include developing solutions, analyzing data, collaborating across teams, and implementing modern AI or software practices."
Software Engineer,"Problem Solving, Cloud, Docker, NLP, Statistics, CSS, TensorFlow, Deep Learning, Java","We are looking for a Software Engineer with expertise in Problem Solving, Cloud, Docker, NLP, Statistics, CSS, TensorFlow, Deep Learning, Java. Responsibilities include developing solutions, analyzing data, collaborating across teams, and implementing modern AI or software practices."
Python Developer,"Docker, NLP, Teamwork, TensorFlow, Azure","We are looking for a Python Developer with expertise in Docker, NLP, Teamwork, TensorFlow, Azure. Responsibilities include developing solutions, analyzing data, collaborating across teams, and implementing modern AI or software practices."
Data Scientist,"Docker, Cloud, React, Python, SQL, NLP, Data Analysis, TensorFlow, Communication","We are looking for a Data Scientist with expertise in Docker, Cloud, React, Python, SQL, NLP, Data Analysis, TensorFlow, Communication. Responsibilities include developing solutions, analyzing data, collaborating across teams, and implementing modern AI or software practices."
Cloud Engineer,"Flask, React, Communication, Cloud, Data Analysis, NLP","We are looking for a Cloud Engineer with expertise in Flask, React, Communication, Cloud, Data Analysis, NLP. Responsibilities include developing solutions, analyzing data, collaborating across teams, and implementing modern AI or software practices."
HR Recruiter,"Teamwork, Leadership, HTML, Python, Communication, SQL","We are looking for a HR Recruiter with expertise in Teamwork, Leadership, HTML, Python, Communication, SQL. Responsibilities include developing solutions, analyzing data, collaborating across teams, and implementing modern AI or software practices."
DevOps Engineer,"Leadership, Problem Solving, React, Deep Learning, Data Analysis, Statistics, Python, AWS","We are looking for a DevOps Engineer with expertise in Leadership, Problem Solving, React, Deep Learning, Data Analysis, Statistics, Python, AWS. Responsibilities include developing solutions, analyzing data, collaborating across teams, and implementing modern AI or software practices."
UI/UX Designer,"Data Analysis, Kubernetes, Docker, Python, Flask, Deep Learning, React, TensorFlow","We are looking for a UI/UX Designer with expertise in Data Analysis, Kubernetes, Docker, Python, Flask, Deep Learning, React, TensorFlow. Responsibilities include developing solutions, analyzing data, collaborating across teams, and implementing modern AI or software practices."
Business Analyst,"Docker, Kubernetes, Deep Learning, Data Analysis, React, HTML","We are looking for a Business Analyst with expertise in Docker, Kubernetes, Deep Learning, Data Analysis, React, HTML. Responsibilities include developing solutions, analyzing data, collaborating across teams, and implementing modern AI or software practices."
NLP Engineer,"Communication, Problem Solving, Docker, Flask, Azure, TensorFlow, Statistics, Python","We are looking for a NLP Engineer with expertise in Communication, Problem Solving, Docker, Flask, Azure, TensorFlow, Statistics, Python. Responsibilities include developing solutions, analyzing data, collaborating across teams, and implementing modern AI or software practices."
Cybersecurity Specialist,"Kubernetes, Python, Java, CSS, Leadership, Communication, Flask, Statistics, Deep Learning","We are looking for a Cybersecurity Specialist with expertise in Kubernetes, Python, Java, CSS, Leadership, Communication, Flask, Statistics, Deep Learning. Responsibilities include developing solutions, analyzing data, collaborating across teams, and implementing modern AI or software practices."
Data Analyst,"Azure, NLP, React, CSS, Deep Learning, AWS","We are looking for a Data Analyst with expertise in Azure, NLP, React, CSS, Deep Learning, AWS. Responsibilities include developing solutions, analyzing data, collaborating across teams, and implementing modern AI or software practices."
HR Specialist,"CSS, HTML, NLP, SQL, Azure, Problem Solving","We are looking for a HR Specialist with expertise in CSS, HTML, NLP, SQL, Azure, Problem Solving. Responsibilities include developing solutions, analyzing data, collaborating across teams, and implementing modern AI or software practices."
AI Engineer,"NLP, Leadership, Data Analysis, Teamwork, Flask, TensorFlow, Statistics","We are looking for a AI Engineer with expertise in NLP, Leadership, Data Analysis, Teamwork, Flask, TensorFlow, Statistics. Responsibilities include developing solutions, analyzing data, collaborating across teams, and implementing modern AI or software practices."
Machine Learning Engineer,"AWS, Flask, Teamwork, HTML, Deep Learning, Azure","We are looking for a Machine Learning Engineer with expertise in AWS, Flask, Teamwork, HTML, Deep Learning, Azure. Responsibilities include developing solutions, analyzing data, collaborating across teams, and implementing modern AI or software practices."
Web Developer,"Problem Solving, Deep Learning, SQL, Azure, Data Analysis, Docker","We are looking for a Web Developer with expertise in Problem Solving, Deep Learning, SQL, Azure, Data Analysis, Docker. Responsibilities include developing solutions, analyzing data, collaborating across teams, and implementing modern AI or software practices."
Software Engineer,"Cloud, CSS, Kubernetes, TensorFlow, Deep Learning","We are looking for a Software Engineer with expertise in Cloud, CSS, Kubernetes, TensorFlow, Deep Learning. Responsibilities include developing solutions, analyzing data, collaborating across teams, and implementing modern AI or software practices."
Python Developer,"Python, React, Teamwork, Leadership, Azure, TensorFlow, Docker, CSS","We are looking for a Python Developer with expertise in Python, React, Teamwork, Leadership, Azure, TensorFlow, Docker, CSS. Responsibilities include developing solutions, analyzing data, collaborating across teams, and implementing modern AI or software practices."
Data Scientist,"Teamwork, Java, Data Analysis, React, Azure, Python","We are looking for a Data Scientist with expertise in Teamwork, Java, Data Analysis, React, Azure, Python. Responsibilities include developing solutions, analyzing data, collaborating across teams, and implementing modern AI or software practices."
Cloud Engineer,"AWS, Flask, HTML, TensorFlow, Machine Learning, Kubernetes, Azure, Teamwork, Communication","We are looking for a Cloud Engineer with expertise in AWS, Flask, HTML, TensorFlow, Machine Learning, Kubernetes, Azure, Teamwork, Communication. Responsibilities include developing solutions, analyzing data, collaborating across teams, and implementing modern AI or software practices."
HR Recruiter,"Communication, Cloud, Teamwork, HTML, SQL, Docker","We are looking for a HR Recruiter with expertise in Communication, Cloud, Teamwork, HTML, SQL, Docker. Responsibilities include developing solutions, analyzing data, collaborating across teams, and implementing modern AI or software practices."
DevOps Engineer,"Statistics, Azure, Flask, Machine Learning, Problem Solving, HTML","We are looking for a DevOps Engineer with expertise in Statistics, Azure, Flask, Machine Learning, Problem Solving, HTML. Responsibilities include developing solutions, analyzing data, collaborating across teams, and implementing modern AI or software practices."
UI/UX Designer,"Data Analysis, Communication, CSS, Flask, Azure, Python, Teamwork, React","We are looking for a UI/UX Designer with expertise in Data Analysis, Communication, CSS, Flask, Azure, Python, Teamwork, React. Responsibilities include developing solutions, analyzing data, collaborating across teams, and implementing modern AI or software practices."
Business Analyst,"CSS, Azure, Leadership, Java, HTML, Teamwork, Deep Learning, NLP, React","We are looking for a Business Analyst with expertise in CSS, Azure, Leadership, Java, HTML, Teamwork, Deep Learning, NLP, React. Responsibilities include developing solutions, analyzing data, collaborating across teams, and implementing modern AI or software practices."
NLP Engineer,"Docker, Deep Learning, Communication, SQL, Leadership, React, Statistics","We are looking for a NLP Engineer with expertise in Docker, Deep Learning, Communication, SQL, Leadership, React, Statistics. Responsibilities include developing solutions, analyzing data, collaborating across teams, and implementing modern AI or software practices."
Cybersecurity Specialist,"Docker, TensorFlow, Statistics, NLP, Leadership, Problem Solving, Cloud, Flask, CSS","We are looking for a Cybersecurity Specialist with expertise in Docker, TensorFlow, Statistics, NLP, Leadership, Problem Solving, Cloud, Flask, CSS. Responsibilities include developing solutions, analyzing data, collaborating across teams, and implementing modern AI or software practices."
Data Analyst,"AWS, HTML, SQL, NLP, Flask, CSS, React, Kubernetes","We are looking for a Data Analyst with expertise in AWS, HTML, SQL, NLP, Flask, CSS, React, Kubernetes. Responsibilities include developing solutions, analyzing data, collaborating across teams, and implementing modern AI or software practices."
HR Specialist,"Docker, SQL, Cloud, Communication, Leadership, Teamwork, Data Analysis, Java","We are looking for a HR Specialist with expertise in Docker, SQL, Cloud, Communication, Leadership, Teamwork, Data Analysis, Java. Responsibilities include developing solutions, analyzing data, collaborating across teams, and implementing modern AI or software practices."
AI Engineer,"Statistics, Python, CSS, NLP, Kubernetes, Cloud, React","We are looking for a AI Engineer with expertise in Statistics, Python, CSS, NLP, Kubernetes, Cloud, React. Responsibilities include developing solutions, analyzing data, collaborating across teams, and implementing modern AI or software practices."
Machine Learning Engineer,"Deep Learning, Flask, Cloud, Statistics, AWS, SQL, CSS, Leadership, Machine Learning","We are looking for a Machine Learning Engineer with expertise in Deep Learning, Flask, Cloud, Statistics, AWS, SQL, CSS, Leadership, Machine Learning. Responsibilities include developing solutions, analyzing data, collaborating across teams, and implementing modern AI or software practices."
Web Developer,"Machine Learning, Python, Communication, HTML, NLP, CSS","We are looking for a Web Developer with expertise in Machine Learning, Python, Communication, HTML, NLP, CSS. Responsibilities include developing solutions, analyzing data, collaborating across teams, and implementing modern AI or software practices."
Software Engineer,"Data Analysis, Cloud, Communication, Teamwork, SQL, Python","We are looking for a Software Engineer with expertise in Data Analysis, Cloud, Communication, Teamwork, SQL, Python. Responsibilities include developing solutions, analyzing data, collaborating across teams, and implementing modern AI or software practices."
Python Developer,"Teamwork, CSS, Leadership, Docker, Machine Learning, Problem Solving, Statistics, Java, Communication","We are looking for a Python Developer with expertise in Teamwork, CSS, Leadership, Docker, Machine Learning, Problem Solving, Statistics, Java, Communication. Responsibilities include developing solutions, analyzing data, collaborating across teams, and implementing modern AI or software practices."
Data Scientist,"CSS, Kubernetes, SQL, HTML, Communication, Java, Statistics, Leadership","We are looking for a Data Scientist with expertise in CSS, Kubernetes, SQL, HTML, Communication, Java, Statistics, Leadership. Responsibilities include developing solutions, analyzing data, collaborating across teams, and implementing modern AI or software practices."
Cloud Engineer,"Leadership, Data Analysis, Teamwork, Deep Learning, Statistics, Machine Learning, Java, Communication","We are looking for a Cloud Engineer with expertise in Leadership, Data Analysis, Teamwork, Deep Learning, Statistics, Machine Learning, Java, Communication. Responsibilities include developing solutions, analyzing data, collaborating across teams, and implementing modern AI or software practices."
HR Recruiter,"Deep Learning, Cloud, TensorFlow, Data Analysis, Java, Python","We are looking for a HR Recruiter with expertise in Deep Learning, Cloud, TensorFlow, Data Analysis, Java, Python. Responsibilities include developing solutions, analyzing data, collaborating across teams, and implementing modern AI or software practices."
DevOps Engineer,"HTML, AWS, Kubernetes, Deep Learning, Python","We are looking for a DevOps Engineer with expertise in HTML, AWS, Kubernetes, Deep Learning, Python. Responsibilities include developing solutions, analyzing data, collaborating across teams, and implementing modern AI or software practices."
UI/UX Designer,"NLP, Flask, Teamwork, Deep Learning, AWS, Azure","We are looking for a UI/UX Designer with expertise in NLP, Flask, Teamwork, Deep Learning, AWS, Azure. Responsibilities include developing solutions, analyzing data, collaborating across teams, and implementing modern AI or software practices."
Business Analyst,"Machine Learning, Java, NLP, TensorFlow, Communication, SQL","We are looking for a Business Analyst with expertise in Machine Learning, Java, NLP, TensorFlow, Communication, SQL. Responsibilities include developing solutions, analyzing data, collaborating across teams, and implementing modern AI or software practices."
NLP Engineer,"Docker, Statistics, HTML, Teamwork, SQL, CSS, Data Analysis, NLP, Java","We are looking for a NLP Engineer with expertise in Docker, Statistics, HTML, Teamwork, SQL, CSS, Data Analysis, NLP, Java. Responsibilities include developing solutions, analyzing data, collaborating across teams, and implementing modern AI or software practices."
Cybersecurity Specialist,"NLP, CSS, Problem Solving, Cloud, Leadership, TensorFlow","We are looking for a Cybersecurity Specialist with expertise in NLP, CSS, Problem Solving, Cloud, Leadership, TensorFlow. Responsibilities include developing solutions, analyzing data, collaborating across teams, and implementing modern AI or software practices."
Data Analyst,"CSS, Data Analysis, Statistics, React, Docker","We are looking for a Data Analyst with expertise in CSS, Data Analysis, Statistics, React, Docker. Responsibilities include developing solutions, analyzing data, collaborating across teams, and implementing modern AI or software practices."
HR Specialist,"Java, React, SQL, Machine Learning, Deep Learning, CSS, Leadership","We are looking for a HR Specialist with expertise in Java, React, SQL, Machine Learning, Deep Learning, CSS, Leadership. Responsibilities include developing solutions, analyzing data, collaborating across teams, and implementing modern AI or software practices."
AI Engineer,"AWS, Teamwork, Data Analysis, Docker, TensorFlow, Communication","We are looking for a AI Engineer with expertise in AWS, Teamwork, Data Analysis, Docker, TensorFlow, Communication. Responsibilities include developing solutions, analyzing data, collaborating across teams, and implementing modern AI or software practices."
Machine Learning Engineer,"Machine Learning, Data Analysis, Leadership, Problem Solving, Python, Docker, React, CSS","We are looking for a Machine Learning Engineer with expertise in Machine Learning, Data Analysis, Leadership, Problem Solving, Python, Docker, React, CSS. Responsibilities include developing solutions, analyzing data, collaborating across teams, and implementing modern AI or software practices."
Web Developer,"Java, CSS, Teamwork, Communication, Statistics, Kubernetes, AWS","We are looking for a Web Developer with expertise in Java, CSS, Teamwork, Communication, Statistics, Kubernetes, AWS. Responsibilities include developing solutions, analyzing data, collaborating across teams, and implementing modern AI or software practices."
Software Engineer,"Cloud, TensorFlow, Kubernetes, Flask, Docker, Communication","We are looking for a Software Engineer with expertise in Cloud, TensorFlow, Kubernetes, Flask, Docker, Communication. Responsibilities include developing solutions, analyzing data, collaborating across teams, and implementing modern AI or software practices."
Python Developer,"Flask, Statistics, Communication, AWS, TensorFlow","We are looking for a Python Developer with expertise in Flask, Statistics, Communication, AWS, TensorFlow. Responsibilities include developing solutions, analyzing data, collaborating across teams, and implementing modern AI or software practices."
Data Scientist,"Kubernetes, NLP, Python, React, Deep Learning, Teamwork, Docker, Communication","We are looking for a Data Scientist with expertise in Kubernetes, NLP, Python, React, Deep Learning, Teamwork, Docker, Communication. Responsibilities include developing solutions, analyzing data, collaborating across teams, and implementing modern AI or software practices."
Cloud Engineer,"TensorFlow, Docker, Communication, NLP, Problem Solving, SQL, Python","We are looking for a Cloud Engineer with expertise in TensorFlow, Docker, Communication, NLP, Problem Solving, SQL, Python. Responsibilities include developing solutions, analyzing data, collaborating across teams, and implementing modern AI or software practices."
HR Recruiter,"Data Analysis, Leadership, Deep Learning, Azure, Docker, NLP","We are looking for a HR Recruiter with expertise in Data Analysis, Leadership, Deep Learning, Azure, Docker, NLP. Responsibilities include developing solutions, analyzing data, collaborating across teams, and implementing modern AI or software practices."
DevOps Engineer,"TensorFlow, NLP, Docker, CSS, Azure, Cloud, HTML","We are looking for a DevOps Engineer with expertise in TensorFlow, NLP, Docker, CSS, Azure, Cloud, HTML. Responsibilities include developing solutions, analyzing data, collaborating across teams, and implementing modern AI or software practices."
UI/UX Designer,"HTML, Problem Solving, Kubernetes, CSS, TensorFlow, Deep Learning","We are looking for a UI/UX Designer with expertise in HTML, Problem Solving, Kubernetes, CSS, TensorFlow, Deep Learning. Responsibilities include developing solutions, analyzing data, collaborating across teams, and implementing modern AI or software practices."
Business Analyst,"Python, Machine Learning, Docker, Flask, Teamwork, TensorFlow, Kubernetes, SQL, Java","We are looking for a Business Analyst with expertise in Python, Machine Learning, Docker, Flask, Teamwork, TensorFlow, Kubernetes, SQL, Java. Responsibilities include developing solutions, analyzing data, collaborating across teams, and implementing modern AI or software practices."
NLP Engineer,"HTML, Python, Deep Learning, Machine Learning, CSS, Problem Solving, NLP, Communication","We are looking for a NLP Engineer with expertise in HTML, Python, Deep Learning, Machine Learning, CSS, Problem Solving, NLP, Communication. Responsibilities include developing solutions, analyzing data, collaborating across teams, and implementing modern AI or software practices."
Cybersecurity Specialist,"Cloud, Azure, Docker, HTML, Flask, Leadership, Problem Solving, CSS","We are looking for a Cybersecurity Specialist with expertise in Cloud, Azure, Docker, HTML, Flask, Leadership, Problem Solving, CSS. Responsibilities include developing solutions, analyzing data, collaborating across teams, and implementing modern AI or software practices."
Data Analyst,"Java, Leadership, TensorFlow, Docker, Flask, Deep Learning","We are looking for a Data Analyst with expertise in Java, Leadership, TensorFlow, Docker, Flask, Deep Learning. Responsibilities include developing solutions, analyzing data, collaborating across teams, and implementing modern AI or software practices."
HR Specialist,"Machine Learning, Docker, AWS, Teamwork, Leadership, Data Analysis","We are looking for a HR Specialist with expertise in Machine Learning, Docker, AWS, Teamwork, Leadership, Data Analysis. Responsibilities include developing solutions, analyzing data, collaborating across teams, and implementing modern AI or software practices."
AI Engineer,"Cloud, CSS, Problem Solving, Python, Leadership","We are looking for a AI Engineer with expertise in Cloud, CSS, Problem Solving, Python, Leadership. Responsibilities include developing solutions, analyzing data, collaborating across teams, and implementing modern AI or software practices."
Machine Learning Engineer,"Statistics, NLP, Machine Learning, Communication, CSS, Python","We are looking for a Machine Learning Engineer with expertise in Statistics, NLP, Machine Learning, Communication, CSS, Python. Responsibilities include developing solutions, analyzing data, collaborating across teams, and implementing modern AI or software practices."
Web Developer,"Communication, Teamwork, Leadership, Docker, Flask","We are looking for a Web Developer with expertise in Communication, Teamwork, Leadership, Docker, Flask. Responsibilities include developing solutions, analyzing data, collaborating across teams, and implementing modern AI or software practices."
Software Engineer,"Azure, Data Analysis, Java, Leadership, SQL, TensorFlow, Problem Solving","We are looking for a Software Engineer with expertise in Azure, Data Analysis, Java, Leadership, SQL, TensorFlow, Problem Solving. Responsibilities include developing solutions, analyzing data, collaborating across teams, and implementing modern AI or software practices."
Python Developer,"HTML, Teamwork, Statistics, Problem Solving, Communication, NLP","We are looking for a Python Developer with expertise in HTML, Teamwork, Statistics, Problem Solving, Communication, NLP. Responsibilities include developing solutions, analyzing data, collaborating across teams, and implementing modern AI or software practices."
Data Scientist,"Machine Learning, Python, Deep Learning, NLP, Leadership, SQL, Java","We are looking for a Data Scientist with expertise in Machine Learning, Python, Deep Learning, NLP, Leadership, SQL, Java. Responsibilities include developing solutions, analyzing data, collaborating across teams, and implementing modern AI or software practices."
Cloud Engineer,"Leadership, React, Machine Learning, TensorFlow, Docker, Python, SQL, Problem Solving, NLP","We are looking for a Cloud Engineer with expertise in Leadership, React, Machine Learning, TensorFlow, Docker, Python, SQL, Problem Solving, NLP. Responsibilities include developing solutions, analyzing data, collaborating across teams, and implementing modern AI or software practices."
HR Recruiter,"Deep Learning, Teamwork, Machine Learning, Problem Solving, HTML","We are looking for a HR Recruiter with expertise in Deep Learning, Teamwork, Machine Learning, Problem Solving, HTML. Responsibilities include developing solutions, analyzing data, collaborating across teams, and implementing modern AI or software practices."
DevOps Engineer,"Teamwork, Python, NLP, Statistics, TensorFlow","We are looking for a DevOps Engineer with expertise in Teamwork, Python, NLP, Statistics, TensorFlow. Responsibilities include developing solutions, analyzing data, collaborating across teams, and implementing modern AI or software practices."
UI/UX Designer,"Leadership, TensorFlow, SQL, Statistics, Python, Java, Kubernetes, Communication, Cloud","We are looking for a UI/UX Designer with expertise in Leadership, TensorFlow, SQL, Statistics, Python, Java, Kubernetes, Communication, Cloud. Responsibilities include developing solutions, analyzing data, collaborating across teams, and implementing modern AI or software practices."
Business Analyst,"Cloud, Machine Learning, Kubernetes, React, Teamwork, CSS","We are looking for a Business Analyst with expertise in Cloud, Machine Learning, Kubernetes, React, Teamwork, CSS. Responsibilities include developing solutions, analyzing data, collaborating across teams, and implementing modern AI or software practices."
NLP Engineer,"Teamwork, HTML, React, Leadership, Docker","We are looking for a NLP Engineer with expertise in Teamwork, HTML, React, Leadership, Docker. Responsibilities include developing solutions, analyzing data, collaborating across teams, and implementing modern AI or software practices."
Cybersecurity Specialist,"React, Data Analysis, Statistics, Deep Learning, Leadership, Machine Learning, Kubernetes","We are looking for a Cybersecurity Specialist with expertise in React, Data Analysis, Statistics, Deep Learning, Leadership, Machine Learning, Kubernetes. Responsibilities include developing solutions, analyzing data, collaborating across teams, and implementing modern AI or software practices."
Data Analyst,"Python, Cloud, Flask, TensorFlow, Docker","We are looking for a Data Analyst with expertise in Python, Cloud, Flask, TensorFlow, Docker. Responsibilities include developing solutions, analyzing data, collaborating across teams, and implementing modern AI or software practices."
HR Specialist,"AWS, Statistics, Python, Data Analysis, CSS, Teamwork","We are looking for a HR Specialist with expertise in AWS, Statistics, Python, Data Analysis, CSS, Teamwork. Responsibilities include developing solutions, analyzing data, collaborating across teams, and implementing modern AI or software practices."
AI Engineer,"CSS, Problem Solving, React, Statistics, Communication, NLP, Java","We are looking for a AI Engineer with expertise in CSS, Problem Solving, React, Statistics, Communication, NLP, Java. Responsibilities include developing solutions, analyzing data, collaborating across teams, and implementing modern AI or software practices."
Machine Learning Engineer,"Flask, Kubernetes, React, NLP, Communication, Data Analysis, SQL, Azure, AWS","We are looking for a Machine Learning Engineer with expertise in Flask, Kubernetes, React, NLP, Communication, Data Analysis, SQL, Azure, AWS. Responsibilities include developing solutions, analyzing data, collaborating across teams, and implementing modern AI or software practices."
Web Developer,"Flask, SQL, Machine Learning, Docker, Statistics","We are looking for a Web Developer with expertise in Flask, SQL, Machine Learning, Docker, Statistics. Responsibilities include developing solutions, analyzing data, collaborating across teams, and implementing modern AI or software practices."
Software Engineer,"Azure, SQL, Kubernetes, CSS, React, AWS","We are looking for a Software Engineer with expertise in Azure, SQL, Kubernetes, CSS, React, AWS. Responsibilities include developing solutions, analyzing data, collaborating across teams, and implementing modern AI or software practices."
Python Developer,"AWS, Flask, NLP, Teamwork, Kubernetes, Cloud, TensorFlow","We are looking for a Python Developer with expertise in AWS, Flask, NLP, Teamwork, Kubernetes, Cloud, TensorFlow. Responsibilities include developing solutions, analyzing data, collaborating across teams, and implementing modern AI or software practices."
Data Scientist,"Python, Cloud, Flask, Data Analysis, HTML, CSS, Java, Deep Learning, Problem Solving","We are looking for a Data Scientist with expertise in Python, Cloud, Flask, Data Analysis, HTML, CSS, Java, Deep Learning, Problem Solving. Responsibilities include developing solutions, analyzing data, collaborating across teams, and implementing modern AI or software practices."
Cloud Engineer,"Cloud, Problem Solving, Leadership, NLP, Kubernetes, TensorFlow, HTML","We are looking for a Cloud Engineer with expertise in Cloud, Problem Solving, Leadership, NLP, Kubernetes, TensorFlow, HTML. Responsibilities include developing solutions, analyzing data, collaborating across teams, and implementing modern AI or software practices."
HR Recruiter,"Kubernetes, Flask, Leadership, Problem Solving, Communication, Java, SQL, CSS, React","We are looking for a HR Recruiter with expertise in Kubernetes, Flask, Leadership, Problem Solving, Communication, Java, SQL, CSS, React. Responsibilities include developing solutions, analyzing data, collaborating across teams, and implementing modern AI or software practices."
DevOps Engineer,"React, TensorFlow, Communication, Data Analysis, Flask, Teamwork, Cloud, Java, Deep Learning","We are looking for a DevOps Engineer with expertise in React, TensorFlow, Communication, Data Analysis, Flask, Teamwork, Cloud, Java, Deep Learning. Responsibilities include developing solutions, analyzing data, collaborating across teams, and implementing modern AI or software practices."
UI/UX Designer,"Teamwork, HTML, Data Analysis, Statistics, Communication","We are looking for a UI/UX Designer with expertise in Teamwork, HTML, Data Analysis, Statistics, Communication. Responsibilities include developing solutions, analyzing data, collaborating across teams, and implementing modern AI or software practices."
Business Analyst,"Deep Learning, Statistics, Communication, AWS, Machine Learning, Teamwork, Python, Leadership, HTML","We are looking for a Business Analyst with expertise in Deep Learning, Statistics, Communication, AWS, Machine Learning, Teamwork, Python, Leadership, HTML. Responsibilities include developing solutions, analyzing data, collaborating across teams, and implementing modern AI or software practices."
NLP Engineer,"Flask, Machine Learning, Kubernetes, Azure, Communication, SQL, React, Python","We are looking for a NLP Engineer with expertise in Flask, Machine Learning, Kubernetes, Azure, Communication, SQL, React, Python. Responsibilities include developing solutions, analyzing data, collaborating across teams, and implementing modern AI or software practices."
Cybersecurity Specialist,"Leadership, NLP, Azure, TensorFlow, Flask, CSS, Docker, Communication","We are looking for a Cybersecurity Specialist with expertise in Leadership, NLP, Azure, TensorFlow, Flask, CSS, Docker, Communication. Responsibilities include developing solutions, analyzing data, collaborating across teams, and implementing modern AI or software practices."
Data Analyst,"CSS, Deep Learning, Cloud, Kubernetes, SQL, React, Docker, Machine Learning, TensorFlow","We are looking for a Data Analyst with expertise in CSS, Deep Learning, Cloud, Kubernetes, SQL, React, Docker, Machine Learning, TensorFlow. Responsibilities include developing solutions, analyzing data, collaborating across teams, and implementing modern AI or software practices."
HR Specialist,"Azure, Leadership, HTML, Kubernetes, Cloud, React, Java, Statistics, AWS","We are looking for a HR Specialist with expertise in Azure, Leadership, HTML, Kubernetes, Cloud, React, Java, Statistics, AWS. Responsibilities include developing solutions, analyzing data, collaborating across teams, and implementing modern AI or software practices."
AI Engineer,"Cloud, Deep Learning, NLP, React, Data Analysis, Communication, Kubernetes, Java, Flask","We are looking for a AI Engineer with expertise in Cloud, Deep Learning, NLP, React, Data Analysis, Communication, Kubernetes, Java, Flask. Responsibilities include developing solutions, analyzing data, collaborating across teams, and implementing modern AI or software practices."
Machine Learning Engineer,"AWS, TensorFlow, Python, Communication, HTML, Statistics, Leadership, Java","We are looking for a Machine Learning Engineer with expertise in AWS, TensorFlow, Python, Communication, HTML, Statistics, Leadership, Java. Responsibilities include developing solutions, analyzing data, collaborating across teams, and implementing modern AI or software practices."
Web Developer,"Teamwork, HTML, React, Docker, Azure, Flask, Python","We are looking for a Web Developer with expertise in Teamwork, HTML, React, Docker, Azure, Flask, Python. Responsibilities include developing solutions, analyzing data, collaborating across teams, and implementing modern AI or software practices."
Software Engineer,"Data Analysis, Communication, Statistics, Teamwork, Machine Learning","We are looking for a Software Engineer with expertise in Data Analysis, Communication, Statistics, Teamwork, Machine Learning. Responsibilities include developing solutions, analyzing data, collaborating across teams, and implementing modern AI or software practices."
Python Developer,"Leadership, Azure, Deep Learning, CSS, Machine Learning, React","We are looking for a Python Developer with expertise in Leadership, Azure, Deep Learning, CSS, Machine Learning, React. Responsibilities include developing solutions, analyzing data, collaborating across teams, and implementing modern AI or software practices."
Data Scientist,"Statistics, Problem Solving, Machine Learning, Data Analysis, AWS, Communication","We are looking for a Data Scientist with expertise in Statistics, Problem Solving, Machine Learning, Data Analysis, AWS, Communication. Responsibilities include developing solutions, analyzing data, collaborating across teams, and implementing modern AI or software practices."
Cloud Engineer,"CSS, NLP, Python, TensorFlow, React, Kubernetes, HTML","We are looking for a Cloud Engineer with expertise in CSS, NLP, Python, TensorFlow, React, Kubernetes, HTML. Responsibilities include developing solutions, analyzing data, collaborating across teams, and implementing modern AI or software practices."
HR Recruiter,"Azure, HTML, Leadership, NLP, TensorFlow, Kubernetes, Python, Problem Solving","We are looking for a HR Recruiter with expertise in Azure, HTML, Leadership, NLP, TensorFlow, Kubernetes, Python, Problem Solving. Responsibilities include developing solutions, analyzing data, collaborating across teams, and implementing modern AI or software practices."
DevOps Engineer,"AWS, Statistics, NLP, CSS, Cloud","We are looking for a DevOps Engineer with expertise in AWS, Statistics, NLP, CSS, Cloud. Responsibilities include developing solutions, analyzing data, collaborating across teams, and implementing modern AI or software practices."
UI/UX Designer,"Python, Azure, Problem Solving, Docker, HTML, Statistics","We are looking for a UI/UX Designer with expertise in Python, Azure, Problem Solving, Docker, HTML, Statistics. Responsibilities include developing solutions, analyzing data, collaborating across teams, and implementing modern AI or software practices."
Business Analyst,"Cloud, React, TensorFlow, Python, HTML, Azure, Deep Learning, Java, Machine Learning","We are looking for a Business Analyst with expertise in Cloud, React, TensorFlow, Python, HTML, Azure, Deep Learning, Java, Machine Learning. Responsibilities include developing solutions, analyzing data, collaborating across teams, and implementing modern AI or software practices."
NLP Engineer,"CSS, NLP, Flask, SQL, TensorFlow, Cloud","We are looking for a NLP Engineer with expertise in CSS, NLP, Flask, SQL, TensorFlow, Cloud. Responsibilities include developing solutions, analyzing data, collaborating across teams, and implementing modern AI or software practices."
Cybersecurity Specialist,"CSS, HTML, Python, TensorFlow, Kubernetes, Communication, Docker, Teamwork","We are looking for a Cybersecurity Specialist with expertise in CSS, HTML, Python, TensorFlow, Kubernetes, Communication, Docker, Teamwork. Responsibilities include developing solutions, analyzing data, collaborating across teams, and implementing modern AI or software practices."
Data Analyst,"Machine Learning, Flask, HTML, Leadership, Communication","We are looking for a Data Analyst with expertise in Machine Learning, Flask, HTML, Leadership, Communication. Responsibilities include developing solutions, analyzing data, collaborating across teams, and implementing modern AI or software practices."
HR Specialist,"TensorFlow, Communication, Docker, Azure, Problem Solving, Cloud, Deep Learning, NLP","We are looking for a HR Specialist with expertise in TensorFlow, Communication, Docker, Azure, Problem Solving, Cloud, Deep Learning, NLP. Responsibilities include developing solutions, analyzing data, collaborating across teams, and implementing modern AI or software practices."
AI Engineer,"Deep Learning, AWS, Data Analysis, Communication, Machine Learning","We are looking for a AI Engineer with expertise in Deep Learning, AWS, Data Analysis, Communication, Machine Learning. Responsibilities include developing solutions, analyzing data, collaborating across teams, and implementing modern AI or software practices."
Machine Learning Engineer,"Teamwork, Statistics, Leadership, Problem Solving, Kubernetes, Azure, Machine Learning, Flask, AWS","We are looking for a Machine Learning Engineer with expertise in Teamwork, Statistics, Leadership, Problem Solving, Kubernetes, Azure, Machine Learning, Flask, AWS. Responsibilities include developing solutions, analyzing data, collaborating across teams, and implementing modern AI or software practices."
Web Developer,"Problem Solving, TensorFlow, Python, Azure, Java, Teamwork","We are looking for a Web Developer with expertise in Problem Solving, TensorFlow, Python, Azure, Java, Teamwork. Responsibilities include developing solutions, analyzing data, collaborating across teams, and implementing modern AI or software practices."
Software Engineer,"Java, Problem Solving, Python, Leadership, Cloud, Kubernetes, React, Flask, Statistics","We are looking for a Software Engineer with expertise in Java, Problem Solving, Python, Leadership, Cloud, Kubernetes, React, Flask, Statistics. Responsibilities include developing solutions, analyzing data, collaborating across teams, and implementing modern AI or software practices."
Python Developer,"Azure, Leadership, Deep Learning, Kubernetes, Cloud","We are looking for a Python Developer with expertise in Azure, Leadership, Deep Learning, Kubernetes, Cloud. Responsibilities include developing solutions, analyzing data, collaborating across teams, and implementing modern AI or software practices."
Data Scientist,"Azure, Cloud, Data Analysis, React, Machine Learning, Problem Solving, Deep Learning, Communication, Python","We are looking for a Data Scientist with expertise in Azure, Cloud, Data Analysis, React, Machine Learning, Problem Solving, Deep Learning, Communication, Python. Responsibilities include developing solutions, analyzing data, collaborating across teams, and implementing modern AI or software practices."
Cloud Engineer,"HTML, Machine Learning, Flask, Python, NLP, Statistics","We are looking for a Cloud Engineer with expertise in HTML, Machine Learning, Flask, Python, NLP, Statistics. Responsibilities include developing solutions, analyzing data, collaborating across teams, and implementing modern AI or software practices."
HR Recruiter,"Cloud, HTML, Java, CSS, AWS, Python, Flask","We are looking for a HR Recruiter with expertise in Cloud, HTML, Java, CSS, AWS, Python, Flask. Responsibilities include developing solutions, analyzing data, collaborating across teams, and implementing modern AI or software practices."
DevOps Engineer,"Kubernetes, React, Machine Learning, Deep Learning, SQL, Leadership, Python, HTML, Azure","We are looking for a DevOps Engineer with expertise in Kubernetes, React, Machine Learning, Deep Learning, SQL, Leadership, Python, HTML, Azure. Responsibilities include developing solutions, analyzing data, collaborating across teams, and implementing modern AI or software practices."
UI/UX Designer,"Communication, Machine Learning, React, AWS, Cloud, Java","We are looking for a UI/UX Designer with expertise in Communication, Machine Learning, React, AWS, Cloud, Java. Responsibilities include developing solutions, analyzing data, collaborating across teams, and implementing modern AI or software practices."
Business Analyst,"AWS, Leadership, CSS, Cloud, Data Analysis, Flask, React","We are looking for a Business Analyst with expertise in AWS, Leadership, CSS, Cloud, Data Analysis, Flask, React. Responsibilities include developing solutions, analyzing data, collaborating across teams, and implementing modern AI or software practices."
NLP Engineer,"Kubernetes, TensorFlow, Machine Learning, SQL, Flask, AWS","We are looking for a NLP Engineer with expertise in Kubernetes, TensorFlow, Machine Learning, SQL, Flask, AWS. Responsibilities include developing solutions, analyzing data, collaborating across teams, and implementing modern AI or software practices."
Cybersecurity Specialist,"Python, Leadership, CSS, Data Analysis, Cloud, Deep Learning, NLP","We are looking for a Cybersecurity Specialist with expertise in Python, Leadership, CSS, Data Analysis, Cloud, Deep Learning, NLP. Responsibilities include developing solutions, analyzing data, collaborating across teams, and implementing modern AI or software practices."
Data Analyst,"SQL, Leadership, Java, Flask, NLP","We are looking for a Data Analyst with expertise in SQL, Leadership, Java, Flask, NLP. Responsibilities include developing solutions, analyzing data, collaborating across teams, and implementing modern AI or software practices."
HR Specialist,"CSS, Data Analysis, Teamwork, Flask, NLP, Docker, Kubernetes","We are looking for a HR Specialist with expertise in CSS, Data Analysis, Teamwork, Flask, NLP, Docker, Kubernetes. Responsibilities include developing solutions, analyzing data, collaborating across teams, and implementing modern AI or software practices."
AI Engineer,"CSS, NLP, TensorFlow, Communication, Flask, Cloud, Machine Learning","We are looking for a AI Engineer with expertise in CSS, NLP, TensorFlow, Communication, Flask, Cloud, Machine Learning. Responsibilities include developing solutions, analyzing data, collaborating across teams, and implementing modern AI or software practices."
Machine Learning Engineer,"Teamwork, Flask, Machine Learning, Azure, NLP, Leadership","We are looking for a Machine Learning Engineer with expertise in Teamwork, Flask, Machine Learning, Azure, NLP, Leadership. Responsibilities include developing solutions, analyzing data, collaborating across teams, and implementing modern AI or software practices."
Web Developer,"Python, SQL, React, Data Analysis, Azure, Docker, Machine Learning","We are looking for a Web Developer with expertise in Python, SQL, React, Data Analysis, Azure, Docker, Machine Learning. Responsibilities include developing solutions, analyzing data, collaborating across teams, and implementing modern AI or software practices."
Software Engineer,"AWS, Data Analysis, Communication, TensorFlow, NLP, Java, React, Deep Learning","We are looking for a Software Engineer with expertise in AWS, Data Analysis, Communication, TensorFlow, NLP, Java, React, Deep Learning. Responsibilities include developing solutions, analyzing data, collaborating across teams, and implementing modern AI or software practices."
Python Developer,"SQL, Azure, Leadership, Docker, Cloud, Python, TensorFlow, Teamwork","We are looking for a Python Developer with expertise in SQL, Azure, Leadership, Docker, Cloud, Python, TensorFlow, Teamwork. Responsibilities include developing solutions, analyzing data, collaborating across teams, and implementing modern AI or software practices."
Data Scientist,"CSS, Deep Learning, Leadership, Statistics, Cloud","We are looking for a Data Scientist with expertise in CSS, Deep Learning, Leadership, Statistics, Cloud. Responsibilities include developing solutions, analyzing data, collaborating across teams, and implementing modern AI or software practices."
Cloud Engineer,"Python, Flask, CSS, React, Leadership, Data Analysis","We are looking for a Cloud Engineer with expertise in Python, Flask, CSS, React, Leadership, Data Analysis. Responsibilities include developing solutions, analyzing data, collaborating across teams, and implementing modern AI or software practices."
HR Recruiter,"TensorFlow, Deep Learning, Problem Solving, SQL, Communication, Azure, React, AWS","We are looking for a HR Recruiter with expertise in TensorFlow, Deep Learning, Problem Solving, SQL, Communication, Azure, React, AWS. Responsibilities include developing solutions, analyzing data, collaborating across teams, and implementing modern AI or software practices."
DevOps Engineer,"Python, Kubernetes, Data Analysis, Deep Learning, Leadership, NLP, TensorFlow, Statistics","We are looking for a DevOps Engineer with expertise in Python, Kubernetes, Data Analysis, Deep Learning, Leadership, NLP, TensorFlow, Statistics. Responsibilities include developing solutions, analyzing data, collaborating across teams, and implementing modern AI or software practices."
UI/UX Designer,"Machine Learning, Flask, AWS, Python, TensorFlow, SQL","We are looking for a UI/UX Designer with expertise in Machine Learning, Flask, AWS, Python, TensorFlow, SQL. Responsibilities include developing solutions, analyzing data, collaborating across teams, and implementing modern AI or software practices."
Business Analyst,"Statistics, Python, CSS, TensorFlow, Communication","We are looking for a Business Analyst with expertise in Statistics, Python, CSS, TensorFlow, Communication. Responsibilities include developing solutions, analyzing data, collaborating across teams, and implementing modern AI or software practices."
NLP Engineer,"Machine Learning, Java, CSS, React, Data Analysis, AWS, Python, Cloud","We are looking for a NLP Engineer with expertise in Machine Learning, Java, CSS, React, Data Analysis, AWS, Python, Cloud. Responsibilities include developing solutions, analyzing data, collaborating across teams, and implementing modern AI or software practices."
Cybersecurity Specialist,"Data Analysis, TensorFlow, SQL, React, Machine Learning, NLP, CSS, Deep Learning","We are looking for a Cybersecurity Specialist with expertise in Data Analysis, TensorFlow, SQL, React, Machine Learning, NLP, CSS, Deep Learning. Responsibilities include developing solutions, analyzing data, collaborating across teams, and implementing modern AI or software practices."
Data Analyst,"AWS, Problem Solving, Flask, Kubernetes, Leadership","We are looking for a Data Analyst with expertise in AWS, Problem Solving, Flask, Kubernetes, Leadership. Responsibilities include developing solutions, analyzing data, collaborating across teams, and implementing modern AI or software practices."
HR Specialist,"Cloud, Leadership, Data Analysis, NLP, Machine Learning","We are looking for a HR Specialist with expertise in Cloud, Leadership, Data Analysis, NLP, Machine Learning. Responsibilities include developing solutions, analyzing data, collaborating across teams, and implementing modern AI or software practices."
AI Engineer,"Cloud, CSS, Communication, AWS, Azure","We are looking for a AI Engineer with expertise in Cloud, CSS, Communication, AWS, Azure. Responsibilities include developing solutions, analyzing data, collaborating across teams, and implementing modern AI or software practices."
Machine Learning Engineer,"CSS, Statistics, React, Data Analysis, Machine Learning, Cloud, Problem Solving, Azure","We are looking for a Machine Learning Engineer with expertise in CSS, Statistics, React, Data Analysis, Machine Learning, Cloud, Problem Solving, Azure. Responsibilities include developing solutions, analyzing data, collaborating across teams, and implementing modern AI or software practices."
Web Developer,"Teamwork, Machine Learning, Statistics, SQL, TensorFlow, Deep Learning, NLP, Problem Solving, Cloud","We are looking for a Web Developer with expertise in Teamwork, Machine Learning, Statistics, SQL, TensorFlow, Deep Learning, NLP, Problem Solving, Cloud. Responsibilities include developing solutions, analyzing data, collaborating across teams, and implementing modern AI or software practices."
Software Engineer,"Kubernetes, Machine Learning, Cloud, TensorFlow, Data Analysis","We are looking for a Software Engineer with expertise in Kubernetes, Machine Learning, Cloud, TensorFlow, Data Analysis. Responsibilities include developing solutions, analyzing data, collaborating across teams, and implementing modern AI or software practices."
Python Developer,"Data Analysis, Communication, Azure, Python, Docker","We are looking for a Python Developer with expertise in Data Analysis, Communication, Azure, Python, Docker. Responsibilities include developing solutions, analyzing data, collaborating across teams, and implementing modern AI or software practices."
Data Scientist,"Flask, React, CSS, HTML, NLP","We are looking for a Data Scientist with expertise in Flask, React, CSS, HTML, NLP. Responsibilities include developing solutions, analyzing data, collaborating across teams, and implementing modern AI or software practices."
Cloud Engineer,"CSS, Problem Solving, Python, Azure, Cloud, Deep Learning, NLP, Java","We are looking for a Cloud Engineer with expertise in CSS, Problem Solving, Python, Azure, Cloud, Deep Learning, NLP, Java. Responsibilities include developing solutions, analyzing data, collaborating across teams, and implementing modern AI or software practices."
HR Recruiter,"AWS, Flask, Problem Solving, NLP, Java, Cloud, Kubernetes, Communication, CSS","We are looking for a HR Recruiter with expertise in AWS, Flask, Problem Solving, NLP, Java, Cloud, Kubernetes, Communication, CSS. Responsibilities include developing solutions, analyzing data, collaborating across teams, and implementing modern AI or software practices."
DevOps Engineer,"Problem Solving, Cloud, Azure, AWS, CSS","We are looking for a DevOps Engineer with expertise in Problem Solving, Cloud, Azure, AWS, CSS. Responsibilities include developing solutions, analyzing data, collaborating across teams, and implementing modern AI or software practices."
UI/UX Designer,"Statistics, Problem Solving, HTML, Leadership, Deep Learning, Cloud, Python","We are looking for a UI/UX Designer with expertise in Statistics, Problem Solving, HTML, Leadership, Deep Learning, Cloud, Python. Responsibilities include developing solutions, analyzing data, collaborating across teams, and implementing modern AI or software practices."
Business Analyst,"HTML, Cloud, Docker, React, Kubernetes","We are looking for a Business Analyst with expertise in HTML, Cloud, Docker, React, Kubernetes. Responsibilities include developing solutions, analyzing data, collaborating across teams, and implementing modern AI or software practices."
NLP Engineer,"Cloud, Communication, Java, React, Data Analysis, Problem Solving","We are looking for a NLP Engineer with expertise in Cloud, Communication, Java, React, Data Analysis, Problem Solving. Responsibilities include developing solutions, analyzing data, collaborating across teams, and implementing modern AI or software practices."
Cybersecurity Specialist,"Java, Teamwork, Cloud, Azure, CSS, Deep Learning","We are looking for a Cybersecurity Specialist with expertise in Java, Teamwork, Cloud, Azure, CSS, Deep Learning. Responsibilities include developing solutions, analyzing data, collaborating across teams, and implementing modern AI or software practices."
Data Analyst,"Data Analysis, HTML, Kubernetes, React, Deep Learning, NLP, TensorFlow","We are looking for a Data Analyst with expertise in Data Analysis, HTML, Kubernetes, React, Deep Learning, NLP, TensorFlow. Responsibilities include developing solutions, analyzing data, collaborating across teams, and implementing modern AI or software practices."
HR Specialist,"Deep Learning, TensorFlow, Flask, Leadership, Python","We are looking for a HR Specialist with expertise in Deep Learning, TensorFlow, Flask, Leadership, Python. Responsibilities include developing solutions, analyzing data, collaborating across teams, and implementing modern AI or software practices."
AI Engineer,"Python, SQL, Statistics, Kubernetes, Java, HTML, Data Analysis","We are looking for a AI Engineer with expertise in Python, SQL, Statistics, Kubernetes, Java, HTML, Data Analysis. Responsibilities include developing solutions, analyzing data, collaborating across teams, and implementing modern AI or software practices."
Machine Learning Engineer,"Flask, Python, NLP, SQL, HTML, Problem Solving","We are looking for a Machine Learning Engineer with expertise in Flask, Python, NLP, SQL, HTML, Problem Solving. Responsibilities include developing solutions, analyzing data, collaborating across teams, and implementing modern AI or software practices."
Web Developer,"Deep Learning, Azure, Machine Learning, CSS, NLP","We are looking for a Web Developer with expertise in Deep Learning, Azure, Machine Learning, CSS, NLP. Responsibilities include developing solutions, analyzing data, collaborating across teams, and implementing modern AI or software practices."
Software Engineer,"HTML, Java, Deep Learning, NLP, Azure, SQL, React, AWS","We are looking for a Software Engineer with expertise in HTML, Java, Deep Learning, NLP, Azure, SQL, React, AWS. Responsibilities include developing solutions, analyzing data, collaborating across teams, and implementing modern AI or software practices."
Python Developer,"CSS, React, SQL, NLP, Python, Data Analysis, Flask","We are looking for a Python Developer with expertise in CSS, React, SQL, NLP, Python, Data Analysis, Flask. Responsibilities include developing solutions, analyzing data, collaborating across teams, and implementing modern AI or software practices."
Data Scientist,"Docker, React, Java, Machine Learning, Cloud, Communication","We are looking for a Data Scientist with expertise in Docker, React, Java, Machine Learning, Cloud, Communication. Responsibilities include developing solutions, analyzing data, collaborating across teams, and implementing modern AI or software practices."
Cloud Engineer,"Teamwork, Kubernetes, Python, Communication, NLP, Java, Azure, Cloud","We are looking for a Cloud Engineer with expertise in Teamwork, Kubernetes, Python, Communication, NLP, Java, Azure, Cloud. Responsibilities include developing solutions, analyzing data, collaborating across teams, and implementing modern AI or software practices."
HR Recruiter,"HTML, AWS, Kubernetes, SQL, Java, NLP, CSS, Leadership","We are looking for a HR Recruiter with expertise in HTML, AWS, Kubernetes, SQL, Java, NLP, CSS, Leadership. Responsibilities include developing solutions, analyzing data, collaborating across teams, and implementing modern AI or software practices."
DevOps Engineer,"Leadership, Python, Data Analysis, Docker, Azure, TensorFlow, AWS, Deep Learning, Kubernetes","We are looking for a DevOps Engineer with expertise in Leadership, Python, Data Analysis, Docker, Azure, TensorFlow, AWS, Deep Learning, Kubernetes. Responsibilities include developing solutions, analyzing data, collaborating across teams, and implementing modern AI or software practices."
UI/UX Designer,"Teamwork, CSS, TensorFlow, Leadership, Machine Learning, AWS, NLP, Java","We are looking for a UI/UX Designer with expertise in Teamwork, CSS, TensorFlow, Leadership, Machine Learning, AWS, NLP, Java. Responsibilities include developing solutions, analyzing data, collaborating across teams, and implementing modern AI or software practices."
Business Analyst,"AWS, SQL, Docker, CSS, Machine Learning","We are looking for a Business Analyst with expertise in AWS, SQL, Docker, CSS, Machine Learning. Responsibilities include developing solutions, analyzing data, collaborating across teams, and implementing modern AI or software practices."
NLP Engineer,"SQL, Kubernetes, Leadership, Communication, Azure, Java, Flask, CSS, Deep Learning","We are looking for a NLP Engineer with expertise in SQL, Kubernetes, Leadership, Communication, Azure, Java, Flask, CSS, Deep Learning. Responsibilities include developing solutions, analyzing data, collaborating across teams, and implementing modern AI or software practices."
Cybersecurity Specialist,"Communication, HTML, Java, Cloud, SQL, Azure, Problem Solving, CSS, Teamwork","We are looking for a Cybersecurity Specialist with expertise in Communication, HTML, Java, Cloud, SQL, Azure, Problem Solving, CSS, Teamwork. Responsibilities include developing solutions, analyzing data, collaborating across teams, and implementing modern AI or software practices."
Data Analyst,"Teamwork, Communication, React, Machine Learning, AWS, CSS, Azure, Docker, Kubernetes","We are looking for a Data Analyst with expertise in Teamwork, Communication, React, Machine Learning, AWS, CSS, Azure, Docker, Kubernetes. Responsibilities include developing solutions, analyzing data, collaborating across teams, and implementing modern AI or software practices."
HR Specialist,"Leadership, Data Analysis, Teamwork, HTML, Python, React, CSS, Communication","We are looking for a HR Specialist with expertise in Leadership, Data Analysis, Teamwork, HTML, Python, React, CSS, Communication. Responsibilities include developing solutions, analyzing data, collaborating across teams, and implementing modern AI or software practices."
AI Engineer,"Azure, TensorFlow, Cloud, NLP, Machine Learning, Kubernetes","We are looking for a AI Engineer with expertise in Azure, TensorFlow, Cloud, NLP, Machine Learning, Kubernetes. Responsibilities include developing solutions, analyzing data, collaborating across teams, and implementing modern AI or software practices."
Machine Learning Engineer,"CSS, Python, React, TensorFlow, Cloud, SQL, Deep Learning, Java","We are looking for a Machine Learning Engineer with expertise in CSS, Python, React, TensorFlow, Cloud, SQL, Deep Learning, Java. Responsibilities include developing solutions, analyzing data, collaborating across teams, and implementing modern AI or software practices."
Web Developer,"SQL, Kubernetes, TensorFlow, Communication, CSS","We are looking for a Web Developer with expertise in SQL, Kubernetes, TensorFlow, Communication, CSS. Responsibilities include developing solutions, analyzing data, collaborating across teams, and implementing modern AI or software practices."
Software Engineer,"Java, Data Analysis, Azure, Flask, Leadership, AWS, Cloud, Docker","We are looking for a Software Engineer with expertise in Java, Data Analysis, Azure, Flask, Leadership, AWS, Cloud, Docker. Responsibilities include developing solutions, analyzing data, collaborating across teams, and implementing modern AI or software practices."
Python Developer,"Machine Learning, Docker, HTML, Problem Solving, Statistics","We are looking for a Python Developer with expertise in Machine Learning, Docker, HTML, Problem Solving, Statistics. Responsibilities include developing solutions, analyzing data, collaborating across teams, and implementing modern AI or software practices."
Data Scientist,"NLP, Statistics, Kubernetes, Leadership, AWS, Problem Solving","We are looking for a Data Scientist with expertise in NLP, Statistics, Kubernetes, Leadership, AWS, Problem Solving. Responsibilities include developing solutions, analyzing data, collaborating across teams, and implementing modern AI or software practices."
Cloud Engineer,"Azure, Python, Data Analysis, Deep Learning, CSS, Communication, Machine Learning, HTML","We are looking for a Cloud Engineer with expertise in Azure, Python, Data Analysis, Deep Learning, CSS, Communication, Machine Learning, HTML. Responsibilities include developing solutions, analyzing data, collaborating across teams, and implementing modern AI or software practices."
HR Recruiter,"Java, Flask, Teamwork, Deep Learning, CSS, TensorFlow, SQL","We are looking for a HR Recruiter with expertise in Java, Flask, Teamwork, Deep Learning, CSS, TensorFlow, SQL. Responsibilities include developing solutions, analyzing data, collaborating across teams, and implementing modern AI or software practices."
DevOps Engineer,"Deep Learning, Docker, Leadership, Flask, NLP, Azure","We are looking for a DevOps Engineer with expertise in Deep Learning, Docker, Leadership, Flask, NLP, Azure. Responsibilities include developing solutions, analyzing data, collaborating across teams, and implementing modern AI or software practices."
UI/UX Designer,"Teamwork, Statistics, TensorFlow, Flask, Cloud, React, Python, Azure, Leadership","We are looking for a UI/UX Designer with expertise in Teamwork, Statistics, TensorFlow, Flask, Cloud, React, Python, Azure, Leadership. Responsibilities include developing solutions, analyzing data, collaborating across teams, and implementing modern AI or software practices."
Business Analyst,"Statistics, Docker, Kubernetes, HTML, Python, Flask, TensorFlow","We are looking for a Business Analyst with expertise in Statistics, Docker, Kubernetes, HTML, Python, Flask, TensorFlow. Responsibilities include developing solutions, analyzing data, collaborating across teams, and implementing modern AI or software practices."
NLP Engineer,"Flask, SQL, Machine Learning, Statistics, NLP","We are looking for a NLP Engineer with expertise in Flask, SQL, Machine Learning, Statistics, NLP. Responsibilities include developing solutions, analyzing data, collaborating across teams, and implementing modern AI or software practices."
Cybersecurity Specialist,"Python, Azure, Teamwork, TensorFlow, Problem Solving, Machine Learning, HTML","We are looking for a Cybersecurity Specialist with expertise in Python, Azure, Teamwork, TensorFlow, Problem Solving, Machine Learning, HTML. Responsibilities include developing solutions, analyzing data, collaborating across teams, and implementing modern AI or software practices."
Data Analyst,"Python, Java, Docker, Data Analysis, React, Statistics, AWS","We are looking for a Data Analyst with expertise in Python, Java, Docker, Data Analysis, React, Statistics, AWS. Responsibilities include developing solutions, analyzing data, collaborating across teams, and implementing modern AI or software practices."
HR Specialist,"Communication, AWS, Data Analysis, Azure, Java, Teamwork, Statistics, TensorFlow","We are looking for a HR Specialist with expertise in Communication, AWS, Data Analysis, Azure, Java, Teamwork, Statistics, TensorFlow. Responsibilities include developing solutions, analyzing data, collaborating across teams, and implementing modern AI or software practices."
AI Engineer,"Problem Solving, Java, Cloud, React, SQL, Machine Learning, TensorFlow","We are looking for a AI Engineer with expertise in Problem Solving, Java, Cloud, React, SQL, Machine Learning, TensorFlow. Responsibilities include developing solutions, analyzing data, collaborating across teams, and implementing modern AI or software practices."
Machine Learning Engineer,"Azure, AWS, Docker, Statistics, HTML, Cloud, React, Problem Solving, Java","We are looking for a Machine Learning Engineer with expertise in Azure, AWS, Docker, Statistics, HTML, Cloud, React, Problem Solving, Java. Responsibilities include developing solutions, analyzing data, collaborating across teams, and implementing modern AI or software practices."
Web Developer,"TensorFlow, Problem Solving, Teamwork, Communication, Data Analysis, Machine Learning, HTML","We are looking for a Web Developer with expertise in TensorFlow, Problem Solving, Teamwork, Communication, Data Analysis, Machine Learning, HTML. Responsibilities include developing solutions, analyzing data, collaborating across teams, and implementing modern AI or software practices."
Software Engineer,"Leadership, Docker, Data Analysis, React, Flask, Azure, Communication","We are looking for a Software Engineer with expertise in Leadership, Docker, Data Analysis, React, Flask, Azure, Communication. Responsibilities include developing solutions, analyzing data, collaborating across teams, and implementing modern AI or software practices."
Python Developer,"CSS, AWS, Problem Solving, Cloud, Kubernetes, TensorFlow, NLP, SQL, Statistics","We are looking for a Python Developer with expertise in CSS, AWS, Problem Solving, Cloud, Kubernetes, TensorFlow, NLP, SQL, Statistics. Responsibilities include developing solutions, analyzing data, collaborating across teams, and implementing modern AI or software practices."
Data Scientist,"Data Analysis, AWS, CSS, React, NLP, SQL, HTML","We are looking for a Data Scientist with expertise in Data Analysis, AWS, CSS, React, NLP, SQL, HTML. Responsibilities include developing solutions, analyzing data, collaborating across teams, and implementing modern AI or software practices."
Cloud Engineer,"Data Analysis, NLP, Java, Machine Learning, Kubernetes, Azure, SQL, HTML","We are looking for a Cloud Engineer with expertise in Data Analysis, NLP, Java, Machine Learning, Kubernetes, Azure, SQL, HTML. Responsibilities include developing solutions, analyzing data, collaborating across teams, and implementing modern AI or software practices."
HR Recruiter,"HTML, Docker, Leadership, Teamwork, CSS, React, AWS, Kubernetes","We are looking for a HR Recruiter with expertise in HTML, Docker, Leadership, Teamwork, CSS, React, AWS, Kubernetes. Responsibilities include developing solutions, analyzing data, collaborating across teams, and implementing modern AI or software practices."
DevOps Engineer,"Teamwork, Python, NLP, TensorFlow, CSS, Cloud, HTML","We are looking for a DevOps Engineer with expertise in Teamwork, Python, NLP, TensorFlow, CSS, Cloud, HTML. Responsibilities include developing solutions, analyzing data, collaborating across teams, and implementing modern AI or software practices."
UI/UX Designer,"Communication, SQL, Data Analysis, Statistics, Leadership, Teamwork, React, Python","We are looking for a UI/UX Designer with expertise in Communication, SQL, Data Analysis, Statistics, Leadership, Teamwork, React, Python. Responsibilities include developing solutions, analyzing data, collaborating across teams, and implementing modern AI or software practices."
Business Analyst,"Flask, NLP, AWS, Java, Azure, Python, Data Analysis, Communication","We are looking for a Business Analyst with expertise in Flask, NLP, AWS, Java, Azure, Python, Data Analysis, Communication. Responsibilities include developing solutions, analyzing data, collaborating across teams, and implementing modern AI or software practices."
NLP Engineer,"Deep Learning, Docker, Leadership, Kubernetes, React, NLP, Cloud, TensorFlow","We are looking for a NLP Engineer with expertise in Deep Learning, Docker, Leadership, Kubernetes, React, NLP, Cloud, TensorFlow. Responsibilities include developing solutions, analyzing data, collaborating across teams, and implementing modern AI or software practices."
Cybersecurity Specialist,"Flask, Communication, HTML, Teamwork, Docker, CSS, NLP, Deep Learning, SQL","We are looking for a Cybersecurity Specialist with expertise in Flask, Communication, HTML, Teamwork, Docker, CSS, NLP, Deep Learning, SQL. Responsibilities include developing solutions, analyzing data, collaborating across teams, and implementing modern AI or software practices."
Data Analyst,"AWS, SQL, HTML, Problem Solving, Kubernetes, CSS, Docker","We are looking for a Data Analyst with expertise in AWS, SQL, HTML, Problem Solving, Kubernetes, CSS, Docker. Responsibilities include developing solutions, analyzing data, collaborating across teams, and implementing modern AI or software practices."
HR Specialist,"HTML, NLP, Teamwork, Flask, Azure, Machine Learning, Cloud, TensorFlow, Kubernetes","We are looking for a HR Specialist with expertise in HTML, NLP, Teamwork, Flask, Azure, Machine Learning, Cloud, TensorFlow, Kubernetes. Responsibilities include developing solutions, analyzing data, collaborating across teams, and implementing modern AI or software practices."
AI Engineer,"Deep Learning, Python, SQL, Problem Solving, Machine Learning, NLP, Java, Cloud, CSS","We are looking for a AI Engineer with expertise in Deep Learning, Python, SQL, Problem Solving, Machine Learning, NLP, Java, Cloud, CSS. Responsibilities include developing solutions, analyzing data, collaborating across teams, and implementing modern AI or software practices."
Machine Learning Engineer,"Leadership, AWS, Python, HTML, Deep Learning","We are looking for a Machine Learning Engineer with expertise in Leadership, AWS, Python, HTML, Deep Learning. Responsibilities include developing solutions, analyzing data, collaborating across teams, and implementing modern AI or software practices."
Web Developer,"React, Flask, Cloud, AWS, Leadership","We are looking for a Web Developer with expertise in React, Flask, Cloud, AWS, Leadership. Responsibilities include developing solutions, analyzing data, collaborating across teams, and implementing modern AI or software practices."
Software Engineer,"Leadership, HTML, Teamwork, Statistics, Cloud, React, NLP, Kubernetes, Deep Learning","We are looking for a Software Engineer with expertise in Leadership, HTML, Teamwork, Statistics, Cloud, React, NLP, Kubernetes, Deep Learning. Responsibilities include developing solutions, analyzing data, collaborating across teams, and implementing modern AI or software practices."
Python Developer,"React, Problem Solving, Leadership, AWS, Azure, Python","We are looking for a Python Developer with expertise in React, Problem Solving, Leadership, AWS, Azure, Python. Responsibilities include developing solutions, analyzing data, collaborating across teams, and implementing modern AI or software practices."
Data Scientist,"Problem Solving, SQL, Statistics, TensorFlow, Teamwork, HTML, Docker","We are looking for a Data Scientist with expertise in Problem Solving, SQL, Statistics, TensorFlow, Teamwork, HTML, Docker. Responsibilities include developing solutions, analyzing data, collaborating across teams, and implementing modern AI or software practices."
Cloud Engineer,"Statistics, Data Analysis, SQL, React, Deep Learning, Cloud, NLP, Docker","We are looking for a Cloud Engineer with expertise in Statistics, Data Analysis, SQL, React, Deep Learning, Cloud, NLP, Docker. Responsibilities include developing solutions, analyzing data, collaborating across teams, and implementing modern AI or software practices."
HR Recruiter,"Flask, Cloud, Statistics, NLP, Java, Data Analysis","We are looking for a HR Recruiter with expertise in Flask, Cloud, Statistics, NLP, Java, Data Analysis. Responsibilities include developing solutions, analyzing data, collaborating across teams, and implementing modern AI or software practices."
DevOps Engineer,"Azure, Problem Solving, TensorFlow, Java, Python, Statistics","We are looking for a DevOps Engineer with expertise in Azure, Problem Solving, TensorFlow, Java, Python, Statistics. Responsibilities include developing solutions, analyzing data, collaborating across teams, and implementing modern AI or software practices."
UI/UX Designer,"Machine Learning, Docker, Azure, Cloud, CSS, NLP, SQL, Java","We are looking for a UI/UX Designer with expertise in Machine Learning, Docker, Azure, Cloud, CSS, NLP, SQL, Java. Responsibilities include developing solutions, analyzing data, collaborating across teams, and implementing modern AI or software practices."
Business Analyst,"React, HTML, Azure, Kubernetes, Machine Learning, SQL, TensorFlow","We are looking for a Business Analyst with expertise in React, HTML, Azure, Kubernetes, Machine Learning, SQL, TensorFlow. Responsibilities include developing solutions, analyzing data, collaborating across teams, and implementing modern AI or software practices."
NLP Engineer,"HTML, Cloud, Flask, Java, Leadership, Communication, SQL, AWS","We are looking for a NLP Engineer with expertise in HTML, Cloud, Flask, Java, Leadership, Communication, SQL, AWS. Responsibilities include developing solutions, analyzing data, collaborating across teams, and implementing modern AI or software practices."
Cybersecurity Specialist,"Kubernetes, Python, Deep Learning, Flask, CSS","We are looking for a Cybersecurity Specialist with expertise in Kubernetes, Python, Deep Learning, Flask, CSS. Responsibilities include developing solutions, analyzing data, collaborating across teams, and implementing modern AI or software practices."
Data Analyst,"NLP, SQL, Problem Solving, HTML, Cloud, Communication, Kubernetes","We are looking for a Data Analyst with expertise in NLP, SQL, Problem Solving, HTML, Cloud, Communication, Kubernetes. Responsibilities include developing solutions, analyzing data, collaborating across teams, and implementing modern AI or software practices."
HR Specialist,"Communication, HTML, Statistics, Cloud, Leadership","We are looking for a HR Specialist with expertise in Communication, HTML, Statistics, Cloud, Leadership. Responsibilities include developing solutions, analyzing data, collaborating across teams, and implementing modern AI or software practices."
AI Engineer,"Statistics, Data Analysis, Kubernetes, HTML, TensorFlow, Teamwork, Cloud, React","We are looking for a AI Engineer with expertise in Statistics, Data Analysis, Kubernetes, HTML, TensorFlow, Teamwork, Cloud, React. Responsibilities include developing solutions, analyzing data, collaborating across teams, and implementing modern AI or software practices."
Machine Learning Engineer,"Docker, Machine Learning, Teamwork, Cloud, Leadership, TensorFlow, Python, Communication, Azure","We are looking for a Machine Learning Engineer with expertise in Docker, Machine Learning, Teamwork, Cloud, Leadership, TensorFlow, Python, Communication, Azure. Responsibilities include developing solutions, analyzing data, collaborating across teams, and implementing modern AI or software practices."
Web Developer,"Azure, TensorFlow, Machine Learning, Kubernetes, SQL","We are looking for a Web Developer with expertise in Azure, TensorFlow, Machine Learning, Kubernetes, SQL. Responsibilities include developing solutions, analyzing data, collaborating across teams, and implementing modern AI or software practices."
Software Engineer,"Deep Learning, Kubernetes, Docker, Java, Azure, CSS, Cloud, Flask, TensorFlow","We are looking for a Software Engineer with expertise in Deep Learning, Kubernetes, Docker, Java, Azure, CSS, Cloud, Flask, TensorFlow. Responsibilities include developing solutions, analyzing data, collaborating across teams, and implementing modern AI or software practices."
Python Developer,"Flask, React, Machine Learning, HTML, Leadership, Deep Learning, Docker","We are looking for a Python Developer with expertise in Flask, React, Machine Learning, HTML, Leadership, Deep Learning, Docker. Responsibilities include developing solutions, analyzing data, collaborating across teams, and implementing modern AI or software practices."
Data Scientist,"Azure, Problem Solving, Flask, SQL, NLP, Leadership, Docker, CSS, Teamwork","We are looking for a Data Scientist with expertise in Azure, Problem Solving, Flask, SQL, NLP, Leadership, Docker, CSS, Teamwork. Responsibilities include developing solutions, analyzing data, collaborating across teams, and implementing modern AI or software practices."
Cloud Engineer,"Java, Teamwork, Azure, Machine Learning, Problem Solving, Deep Learning, AWS, Cloud","We are looking for a Cloud Engineer with expertise in Java, Teamwork, Azure, Machine Learning, Problem Solving, Deep Learning, AWS, Cloud. Responsibilities include developing solutions, analyzing data, collaborating across teams, and implementing modern AI or software practices."
HR Recruiter,"Flask, CSS, Deep Learning, Docker, Kubernetes, Communication","We are looking for a HR Recruiter with expertise in Flask, CSS, Deep Learning, Docker, Kubernetes, Communication. Responsibilities include developing solutions, analyzing data, collaborating across teams, and implementing modern AI or software practices."
DevOps Engineer,"TensorFlow, NLP, Problem Solving, AWS, React, CSS, Communication, Leadership","We are looking for a DevOps Engineer with expertise in TensorFlow, NLP, Problem Solving, AWS, React, CSS, Communication, Leadership. Responsibilities include developing solutions, analyzing data, collaborating across teams, and implementing modern AI or software practices."
UI/UX Designer,"NLP, Docker, Python, Cloud, CSS, Kubernetes","We are looking for a UI/UX Designer with expertise in NLP, Docker, Python, Cloud, CSS, Kubernetes. Responsibilities include developing solutions, analyzing data, collaborating across teams, and implementing modern AI or software practices."
Business Analyst,"React, Data Analysis, Machine Learning, Docker, Cloud, Statistics, NLP, Java, Flask","We are looking for a Business Analyst with expertise in React, Data Analysis, Machine Learning, Docker, Cloud, Statistics, NLP, Java, Flask. Responsibilities include developing solutions, analyzing data, collaborating across teams, and implementing modern AI or software practices."
NLP Engineer,"Machine Learning, Azure, TensorFlow, Deep Learning, Cloud, Problem Solving, Teamwork, React","We are looking for a NLP Engineer with expertise in Machine Learning, Azure, TensorFlow, Deep Learning, Cloud, Problem Solving, Teamwork, React. Responsibilities include developing solutions, analyzing data, collaborating across teams, and implementing modern AI or software practices."
Cybersecurity Specialist,"Java, Kubernetes, Teamwork, HTML, AWS, Python, Deep Learning","We are looking for a Cybersecurity Specialist with expertise in Java, Kubernetes, Teamwork, HTML, AWS, Python, Deep Learning. Responsibilities include developing solutions, analyzing data, collaborating across teams, and implementing modern AI or software practices."
Data Analyst,"Leadership, Flask, Data Analysis, Azure, Machine Learning, Docker, SQL, Problem Solving, Java","We are looking for a Data Analyst with expertise in Leadership, Flask, Data Analysis, Azure, Machine Learning, Docker, SQL, Problem Solving, Java. Responsibilities include developing solutions, analyzing data, collaborating across teams, and implementing modern AI or software practices."
HR Specialist,"SQL, Flask, Azure, Cloud, Deep Learning, TensorFlow, Statistics, NLP","We are looking for a HR Specialist with expertise in SQL, Flask, Azure, Cloud, Deep Learning, TensorFlow, Statistics, NLP. Responsibilities include developing solutions, analyzing data, collaborating across teams, and implementing modern AI or software practices."
AI Engineer,"AWS, Communication, Leadership, Cloud, Machine Learning, Data Analysis, Flask","We are looking for a AI Engineer with expertise in AWS, Communication, Leadership, Cloud, Machine Learning, Data Analysis, Flask. Responsibilities include developing solutions, analyzing data, collaborating across teams, and implementing modern AI or software practices."
Machine Learning Engineer,"Problem Solving, TensorFlow, CSS, AWS, Statistics","We are looking for a Machine Learning Engineer with expertise in Problem Solving, TensorFlow, CSS, AWS, Statistics. Responsibilities include developing solutions, analyzing data, collaborating across teams, and implementing modern AI or software practices."
Web Developer,"React, CSS, Deep Learning, NLP, SQL, Problem Solving, Cloud","We are looking for a Web Developer with expertise in React, CSS, Deep Learning, NLP, SQL, Problem Solving, Cloud. Responsibilities include developing solutions, analyzing data, collaborating across teams, and implementing modern AI or software practices."
Software Engineer,"Data Analysis, NLP, Kubernetes, Machine Learning, TensorFlow, Leadership","We are looking for a Software Engineer with expertise in Data Analysis, NLP, Kubernetes, Machine Learning, TensorFlow, Leadership. Responsibilities include developing solutions, analyzing data, collaborating across teams, and implementing modern AI or software practices."
Python Developer,"React, Docker, CSS, Data Analysis, TensorFlow","We are looking for a Python Developer with expertise in React, Docker, CSS, Data Analysis, TensorFlow. Responsibilities include developing solutions, analyzing data, collaborating across teams, and implementing modern AI or software practices."
Data Scientist,"Azure, Docker, Deep Learning, Statistics, Data Analysis, React, Python, TensorFlow, NLP","We are looking for a Data Scientist with expertise in Azure, Docker, Deep Learning, Statistics, Data Analysis, React, Python, TensorFlow, NLP. Responsibilities include developing solutions, analyzing data, collaborating across teams, and implementing modern AI or software practices."
Cloud Engineer,"TensorFlow, Docker, CSS, HTML, Java, NLP, AWS, React","We are looking for a Cloud Engineer with expertise in TensorFlow, Docker, CSS, HTML, Java, NLP, AWS, React. Responsibilities include developing solutions, analyzing data, collaborating across teams, and implementing modern AI or software practices."
HR Recruiter,"AWS, Communication, Machine Learning, Azure, Docker, SQL","We are looking for a HR Recruiter with expertise in AWS, Communication, Machine Learning, Azure, Docker, SQL. Responsibilities include developing solutions, analyzing data, collaborating across teams, and implementing modern AI or software practices."
DevOps Engineer,"Teamwork, Java, Statistics, SQL, CSS, HTML, Docker","We are looking for a DevOps Engineer with expertise in Teamwork, Java, Statistics, SQL, CSS, HTML, Docker. Responsibilities include developing solutions, analyzing data, collaborating across teams, and implementing modern AI or software practices."
UI/UX Designer,"Problem Solving, Java, Teamwork, Communication, Python, AWS, Deep Learning, Statistics","We are looking for a UI/UX Designer with expertise in Problem Solving, Java, Teamwork, Communication, Python, AWS, Deep Learning, Statistics. Responsibilities include developing solutions, analyzing data, collaborating across teams, and implementing modern AI or software practices."
Business Analyst,"Kubernetes, Problem Solving, Leadership, CSS, Docker, SQL, Java, AWS","We are looking for a Business Analyst with expertise in Kubernetes, Problem Solving, Leadership, CSS, Docker, SQL, Java, AWS. Responsibilities include developing solutions, analyzing data, collaborating across teams, and implementing modern AI or software practices."
NLP Engineer,"Kubernetes, Machine Learning, NLP, Docker, Leadership, Teamwork, TensorFlow, Deep Learning, React","We are looking for a NLP Engineer with expertise in Kubernetes, Machine Learning, NLP, Docker, Leadership, Teamwork, TensorFlow, Deep Learning, React. Responsibilities include developing solutions, analyzing data, collaborating across teams, and implementing modern AI or software practices."
Cybersecurity Specialist,"Java, AWS, Kubernetes, Docker, Statistics, Cloud","We are looking for a Cybersecurity Specialist with expertise in Java, AWS, Kubernetes, Docker, Statistics, Cloud. Responsibilities include developing solutions, analyzing data, collaborating across teams, and implementing modern AI or software practices."
Data Analyst,"TensorFlow, Azure, Problem Solving, Cloud, Teamwork","We are looking for a Data Analyst with expertise in TensorFlow, Azure, Problem Solving, Cloud, Teamwork. Responsibilities include developing solutions, analyzing data, collaborating across teams, and implementing modern AI or software practices."
HR Specialist,"Teamwork, Data Analysis, AWS, Problem Solving, Deep Learning, React, NLP, Docker, Python","We are looking for a HR Specialist with expertise in Teamwork, Data Analysis, AWS, Problem Solving, Deep Learning, React, NLP, Docker, Python. Responsibilities include developing solutions, analyzing data, collaborating across teams, and implementing modern AI or software practices."
AI Engineer,"Machine Learning, HTML, SQL, Cloud, Docker, Deep Learning, Kubernetes, NLP","We are looking for a AI Engineer with expertise in Machine Learning, HTML, SQL, Cloud, Docker, Deep Learning, Kubernetes, NLP. Responsibilities include developing solutions, analyzing data, collaborating across teams, and implementing modern AI or software practices."
Machine Learning Engineer,"React, Data Analysis, SQL, CSS, Teamwork","We are looking for a Machine Learning Engineer with expertise in React, Data Analysis, SQL, CSS, Teamwork. Responsibilities include developing solutions, analyzing data, collaborating across teams, and implementing modern AI or software practices."
Web Developer,"Cloud, TensorFlow, CSS, Statistics, Data Analysis, HTML, SQL, NLP","We are looking for a Web Developer with expertise in Cloud, TensorFlow, CSS, Statistics, Data Analysis, HTML, SQL, NLP. Responsibilities include developing solutions, analyzing data, collaborating across teams, and implementing modern AI or software practices."
Software Engineer,"AWS, Teamwork, React, Flask, Statistics, Docker, Python","We are looking for a Software Engineer with expertise in AWS, Teamwork, React, Flask, Statistics, Docker, Python. Responsibilities include developing solutions, analyzing data, collaborating across teams, and implementing modern AI or software practices."
Python Developer,"NLP, Docker, Communication, CSS, Leadership, Cloud","We are looking for a Python Developer with expertise in NLP, Docker, Communication, CSS, Leadership, Cloud. Responsibilities include developing solutions, analyzing data, collaborating across teams, and implementing modern AI or software practices."
Data Scientist,"TensorFlow, Data Analysis, NLP, Communication, Machine Learning, Leadership, SQL, CSS","We are looking for a Data Scientist with expertise in TensorFlow, Data Analysis, NLP, Communication, Machine Learning, Leadership, SQL, CSS. Responsibilities include developing solutions, analyzing data, collaborating across teams, and implementing modern AI or software practices."
Cloud Engineer,"Flask, Deep Learning, Python, NLP, Kubernetes, Problem Solving, Azure, Machine Learning, Data Analysis","We are looking for a Cloud Engineer with expertise in Flask, Deep Learning, Python, NLP, Kubernetes, Problem Solving, Azure, Machine Learning, Data Analysis. Responsibilities include developing solutions, analyzing data, collaborating across teams, and implementing modern AI or software practices."
HR Recruiter,"Azure, Deep Learning, Machine Learning, Flask, Docker","We are looking for a HR Recruiter with expertise in Azure, Deep Learning, Machine Learning, Flask, Docker. Responsibilities include developing solutions, analyzing data, collaborating across teams, and implementing modern AI or software practices."
DevOps Engineer,"CSS, Statistics, React, Cloud, TensorFlow, AWS, Docker, Deep Learning","We are looking for a DevOps Engineer with expertise in CSS, Statistics, React, Cloud, TensorFlow, AWS, Docker, Deep Learning. Responsibilities include developing solutions, analyzing data, collaborating across teams, and implementing modern AI or software practices."
UI/UX Designer,"Machine Learning, AWS, Data Analysis, HTML, SQL","We are looking for a UI/UX Designer with expertise in Machine Learning, AWS, Data Analysis, HTML, SQL. Responsibilities include developing solutions, analyzing data, collaborating across teams, and implementing modern AI or software practices."
Business Analyst,"Deep Learning, Docker, Azure, Teamwork, TensorFlow, Statistics, React","We are looking for a Business Analyst with expertise in Deep Learning, Docker, Azure, Teamwork, TensorFlow, Statistics, React. Responsibilities include developing solutions, analyzing data, collaborating across teams, and implementing modern AI or software practices."
NLP Engineer,"Flask, Docker, NLP, Statistics, Kubernetes, AWS, Java, Cloud","We are looking for a NLP Engineer with expertise in Flask, Docker, NLP, Statistics, Kubernetes, AWS, Java, Cloud. Responsibilities include developing solutions, analyzing data, collaborating across teams, and implementing modern AI or software practices."
Cybersecurity Specialist,"Problem Solving, Python, Statistics, React, Flask, CSS, TensorFlow, Kubernetes","We are looking for a Cybersecurity Specialist with expertise in Problem Solving, Python, Statistics, React, Flask, CSS, TensorFlow, Kubernetes. Responsibilities include developing solutions, analyzing data, collaborating across teams, and implementing modern AI or software practices."
Data Analyst,"Flask, Leadership, HTML, AWS, CSS, React, Python","We are looking for a Data Analyst with expertise in Flask, Leadership, HTML, AWS, CSS, React, Python. Responsibilities include developing solutions, analyzing data, collaborating across teams, and implementing modern AI or software practices."
HR Specialist,"Python, Leadership, Teamwork, Azure, Deep Learning","We are looking for a HR Specialist with expertise in Python, Leadership, Teamwork, Azure, Deep Learning. Responsibilities include developing solutions, analyzing data, collaborating across teams, and implementing modern AI or software practices."
AI Engineer,"Data Analysis, Machine Learning, Teamwork, Azure, AWS, Communication, CSS, SQL","We are looking for a AI Engineer with expertise in Data Analysis, Machine Learning, Teamwork, Azure, AWS, Communication, CSS, SQL. Responsibilities include developing solutions, analyzing data, collaborating across teams, and implementing modern AI or software practices."
Machine Learning Engineer,"Docker, HTML, Teamwork, AWS, Data Analysis, Leadership, Kubernetes, Azure, Problem Solving","We are looking for a Machine Learning Engineer with expertise in Docker, HTML, Teamwork, AWS, Data Analysis, Leadership, Kubernetes, Azure, Problem Solving. Responsibilities include developing solutions, analyzing data, collaborating across teams, and implementing modern AI or software practices."
Web Developer,"React, Docker, Statistics, Python, Problem Solving, Teamwork","We are looking for a Web Developer with expertise in React, Docker, Statistics, Python, Problem Solving, Teamwork. Responsibilities include developing solutions, analyzing data, collaborating across teams, and implementing modern AI or software practices."
Software Engineer,"NLP, Communication, Leadership, Flask, Java, Machine Learning","We are looking for a Software Engineer with expertise in NLP, Communication, Leadership, Flask, Java, Machine Learning. Responsibilities include developing solutions, analyzing data, collaborating across teams, and implementing modern AI or software practices."
Python Developer,"Azure, Problem Solving, Flask, SQL, Kubernetes, HTML","We are looking for a Python Developer with expertise in Azure, Problem Solving, Flask, SQL, Kubernetes, HTML. Responsibilities include developing solutions, analyzing data, collaborating across teams, and implementing modern AI or software practices."
Data Scientist,"Teamwork, React, CSS, Cloud, SQL, Problem Solving, Flask","We are looking for a Data Scientist with expertise in Teamwork, React, CSS, Cloud, SQL, Problem Solving, Flask. Responsibilities include developing solutions, analyzing data, collaborating across teams, and implementing modern AI or software practices."
Cloud Engineer,"Python, Java, Statistics, Deep Learning, Machine Learning","We are looking for a Cloud Engineer with expertise in Python, Java, Statistics, Deep Learning, Machine Learning. Responsibilities include developing solutions, analyzing data, collaborating across teams, and implementing modern AI or software practices."
HR Recruiter,"AWS, Problem Solving, Flask, Data Analysis, Teamwork, Communication, TensorFlow, Machine Learning","We are looking for a HR Recruiter with expertise in AWS, Problem Solving, Flask, Data Analysis, Teamwork, Communication, TensorFlow, Machine Learning. Responsibilities include developing solutions, analyzing data, collaborating across teams, and implementing modern AI or software practices."
DevOps Engineer,"TensorFlow, Problem Solving, Teamwork, Statistics, React, Leadership","We are looking for a DevOps Engineer with expertise in TensorFlow, Problem Solving, Teamwork, Statistics, React, Leadership. Responsibilities include developing solutions, analyzing data, collaborating across teams, and implementing modern AI or software practices."
UI/UX Designer,"Data Analysis, Docker, Python, Java, Azure","We are looking for a UI/UX Designer with expertise in Data Analysis, Docker, Python, Java, Azure. Responsibilities include developing solutions, analyzing data, collaborating across teams, and implementing modern AI or software practices."
Business Analyst,"TensorFlow, Azure, Machine Learning, NLP, HTML, AWS","We are looking for a Business Analyst with expertise in TensorFlow, Azure, Machine Learning, NLP, HTML, AWS. Responsibilities include developing solutions, analyzing data, collaborating across teams, and implementing modern AI or software practices."
NLP Engineer,"Cloud, Docker, TensorFlow, SQL, Statistics, CSS, Flask","We are looking for a NLP Engineer with expertise in Cloud, Docker, TensorFlow, SQL, Statistics, CSS, Flask. Responsibilities include developing solutions, analyzing data, collaborating across teams, and implementing modern AI or software practices."
Cybersecurity Specialist,"Teamwork, Azure, SQL, TensorFlow, CSS, HTML","We are looking for a Cybersecurity Specialist with expertise in Teamwork, Azure, SQL, TensorFlow, CSS, HTML. Responsibilities include developing solutions, analyzing data, collaborating across teams, and implementing modern AI or software practices."
Data Analyst,"Teamwork, Docker, React, NLP, CSS, SQL, Data Analysis, Flask, HTML","We are looking for a Data Analyst with expertise in Teamwork, Docker, React, NLP, CSS, SQL, Data Analysis, Flask, HTML. Responsibilities include developing solutions, analyzing data, collaborating across teams, and implementing modern AI or software practices."
HR Specialist,"Deep Learning, SQL, AWS, Problem Solving, Cloud","We are looking for a HR Specialist with expertise in Deep Learning, SQL, AWS, Problem Solving, Cloud. Responsibilities include developing solutions, analyzing data, collaborating across teams, and implementing modern AI or software practices."
AI Engineer,"Cloud, HTML, Communication, Data Analysis, Azure","We are looking for a AI Engineer with expertise in Cloud, HTML, Communication, Data Analysis, Azure. Responsibilities include developing solutions, analyzing data, collaborating across teams, and implementing modern AI or software practices."
Machine Learning Engineer,"Communication, Python, Docker, Flask, Kubernetes, HTML, Deep Learning, NLP, Teamwork","We are looking for a Machine Learning Engineer with expertise in Communication, Python, Docker, Flask, Kubernetes, HTML, Deep Learning, NLP, Teamwork. Responsibilities include developing solutions, analyzing data, collaborating across teams, and implementing modern AI or software practices."
Web Developer,"Statistics, HTML, Java, Problem Solving, Leadership, NLP","We are looking for a Web Developer with expertise in Statistics, HTML, Java, Problem Solving, Leadership, NLP. Responsibilities include developing solutions, analyzing data, collaborating across teams, and implementing modern AI or software practices."
Software Engineer,"Java, Azure, Data Analysis, Flask, Kubernetes, Problem Solving, AWS, CSS, HTML","We are looking for a Software Engineer with expertise in Java, Azure, Data Analysis, Flask, Kubernetes, Problem Solving, AWS, CSS, HTML. Responsibilities include developing solutions, analyzing data, collaborating across teams, and implementing modern AI or software practices."
Python Developer,"Docker, Teamwork, CSS, Problem Solving, AWS, Java, TensorFlow","We are looking for a Python Developer with expertise in Docker, Teamwork, CSS, Problem Solving, AWS, Java, TensorFlow. Responsibilities include developing solutions, analyzing data, collaborating across teams, and implementing modern AI or software practices."
Data Scientist,"Statistics, Azure, CSS, Deep Learning, React","We are looking for a Data Scientist with expertise in Statistics, Azure, CSS, Deep Learning, React. Responsibilities include developing solutions, analyzing data, collaborating across teams, and implementing modern AI or software practices."
Cloud Engineer,"NLP, TensorFlow, Statistics, Teamwork, Flask","We are looking for a Cloud Engineer with expertise in NLP, TensorFlow, Statistics, Teamwork, Flask. Responsibilities include developing solutions, analyzing data, collaborating across teams, and implementing modern AI or software practices."
HR Recruiter,"Flask, Communication, Leadership, Java, Docker, Cloud, Python","We are looking for a HR Recruiter with expertise in Flask, Communication, Leadership, Java, Docker, Cloud, Python. Responsibilities include developing solutions, analyzing data, collaborating across teams, and implementing modern AI or software practices."
DevOps Engineer,"Azure, Python, Communication, NLP, Flask","We are looking for a DevOps Engineer with expertise in Azure, Python, Communication, NLP, Flask. Responsibilities include developing solutions, analyzing data, collaborating across teams, and implementing modern AI or software practices."
UI/UX Designer,"TensorFlow, Cloud, Azure, AWS, Kubernetes, NLP, CSS","We are looking for a UI/UX Designer with expertise in TensorFlow, Cloud, Azure, AWS, Kubernetes, NLP, CSS. Responsibilities include developing solutions, analyzing data, collaborating across teams, and implementing modern AI or software practices."
Business Analyst,"Deep Learning, CSS, TensorFlow, Cloud, Communication, AWS, Kubernetes","We are looking for a Business Analyst with expertise in Deep Learning, CSS, TensorFlow, Cloud, Communication, AWS, Kubernetes. Responsibilities include developing solutions, analyzing data, collaborating across teams, and implementing modern AI or software practices."
NLP Engineer,"Flask, Leadership, Deep Learning, CSS, TensorFlow, HTML, Machine Learning","We are looking for a NLP Engineer with expertise in Flask, Leadership, Deep Learning, CSS, TensorFlow, HTML, Machine Learning. Responsibilities include developing solutions, analyzing data, collaborating across teams, and implementing modern AI or software practices."
Cybersecurity Specialist,"Docker, NLP, AWS, Machine Learning, Python, Statistics, TensorFlow","We are looking for a Cybersecurity Specialist with expertise in Docker, NLP, AWS, Machine Learning, Python, Statistics, TensorFlow. Responsibilities include developing solutions, analyzing data, collaborating across teams, and implementing modern AI or software practices."
Data Analyst,"Java, CSS, Azure, Deep Learning, React, TensorFlow, Cloud, Problem Solving, Communication","We are looking for a Data Analyst with expertise in Java, CSS, Azure, Deep Learning, React, TensorFlow, Cloud, Problem Solving, Communication. Responsibilities include developing solutions, analyzing data, collaborating across teams, and implementing modern AI or software practices."
HR Specialist,"Deep Learning, Docker, Kubernetes, Machine Learning, CSS, TensorFlow, AWS, SQL","We are looking for a HR Specialist with expertise in Deep Learning, Docker, Kubernetes, Machine Learning, CSS, TensorFlow, AWS, SQL. Responsibilities include developing solutions, analyzing data, collaborating across teams, and implementing modern AI or software practices."
AI Engineer,"HTML, NLP, Kubernetes, Machine Learning, Flask","We are looking for a AI Engineer with expertise in HTML, NLP, Kubernetes, Machine Learning, Flask. Responsibilities include developing solutions, analyzing data, collaborating across teams, and implementing modern AI or software practices."
Machine Learning Engineer,"Machine Learning, SQL, Flask, Java, Cloud, Docker","We are looking for a Machine Learning Engineer with expertise in Machine Learning, SQL, Flask, Java, Cloud, Docker. Responsibilities include developing solutions, analyzing data, collaborating across teams, and implementing modern AI or software practices."
Web Developer,"Cloud, Problem Solving, Communication, Teamwork, AWS","We are looking for a Web Developer with expertise in Cloud, Problem Solving, Communication, Teamwork, AWS. Responsibilities include developing solutions, analyzing data, collaborating across teams, and implementing modern AI or software practices."
Software Engineer,"Kubernetes, Machine Learning, Data Analysis, Communication, HTML, Statistics, Flask, TensorFlow, Java","We are looking for a Software Engineer with expertise in Kubernetes, Machine Learning, Data Analysis, Communication, HTML, Statistics, Flask, TensorFlow, Java. Responsibilities include developing solutions, analyzing data, collaborating across teams, and implementing modern AI or software practices."
Python Developer,"Kubernetes, HTML, Teamwork, Flask, Leadership, CSS, Docker, SQL, Problem Solving","We are looking for a Python Developer with expertise in Kubernetes, HTML, Teamwork, Flask, Leadership, CSS, Docker, SQL, Problem Solving. Responsibilities include developing solutions, analyzing data, collaborating across teams, and implementing modern AI or software practices."
Data Scientist,"CSS, Azure, Docker, Deep Learning, Cloud, Flask, TensorFlow","We are looking for a Data Scientist with expertise in CSS, Azure, Docker, Deep Learning, Cloud, Flask, TensorFlow. Responsibilities include developing solutions, analyzing data, collaborating across teams, and implementing modern AI or software practices."
Cloud Engineer,"CSS, Leadership, SQL, AWS, Azure, Java","We are looking for a Cloud Engineer with expertise in CSS, Leadership, SQL, AWS, Azure, Java. Responsibilities include developing solutions, analyzing data, collaborating across teams, and implementing modern AI or software practices."
HR Recruiter,"Data Analysis, Java, Python, Cloud, Kubernetes, Leadership, Docker","We are looking for a HR Recruiter with expertise in Data Analysis, Java, Python, Cloud, Kubernetes, Leadership, Docker. Responsibilities include developing solutions, analyzing data, collaborating across teams, and implementing modern AI or software practices."
DevOps Engineer,"Machine Learning, Cloud, Leadership, Docker, Teamwork, Java","We are looking for a DevOps Engineer with expertise in Machine Learning, Cloud, Leadership, Docker, Teamwork, Java. Responsibilities include developing solutions, analyzing data, collaborating across teams, and implementing modern AI or software practices."
UI/UX Designer,"Azure, Data Analysis, Docker, Communication, Statistics, Python, Teamwork","We are looking for a UI/UX Designer with expertise in Azure, Data Analysis, Docker, Communication, Statistics, Python, Teamwork. Responsibilities include developing solutions, analyzing data, collaborating across teams, and implementing modern AI or software practices."
Business Analyst,"Machine Learning, NLP, Statistics, Flask, TensorFlow, Java","We are looking for a Business Analyst with expertise in Machine Learning, NLP, Statistics, Flask, TensorFlow, Java. Responsibilities include developing solutions, analyzing data, collaborating across teams, and implementing modern AI or software practices."
NLP Engineer,"React, Deep Learning, Cloud, SQL, TensorFlow, Docker, Flask","We are looking for a NLP Engineer with expertise in React, Deep Learning, Cloud, SQL, TensorFlow, Docker, Flask. Responsibilities include developing solutions, analyzing data, collaborating across teams, and implementing modern AI or software practices."
Cybersecurity Specialist,"Deep Learning, AWS, Cloud, TensorFlow, React, SQL, Flask, HTML","We are looking for a Cybersecurity Specialist with expertise in Deep Learning, AWS, Cloud, TensorFlow, React, SQL, Flask, HTML. Responsibilities include developing solutions, analyzing data, collaborating across teams, and implementing modern AI or software practices."
Data Analyst,"Flask, SQL, Deep Learning, Docker, Java, Azure, Cloud","We are looking for a Data Analyst with expertise in Flask, SQL, Deep Learning, Docker, Java, Azure, Cloud. Responsibilities include developing solutions, analyzing data, collaborating across teams, and implementing modern AI or software practices."
HR Specialist,"React, AWS, TensorFlow, Statistics, Deep Learning, Teamwork, CSS, Machine Learning","We are looking for a HR Specialist with expertise in React, AWS, TensorFlow, Statistics, Deep Learning, Teamwork, CSS, Machine Learning. Responsibilities include developing solutions, analyzing data, collaborating across teams, and implementing modern AI or software practices."
AI Engineer,"Deep Learning, Azure, CSS, Communication, Java, Machine Learning, NLP, HTML, SQL","We are looking for a AI Engineer with expertise in Deep Learning, Azure, CSS, Communication, Java, Machine Learning, NLP, HTML, SQL. Responsibilities include developing solutions, analyzing data, collaborating across teams, and implementing modern AI or software practices."
Machine Learning Engineer,"Azure, Docker, Java, Problem Solving, Statistics, Teamwork, Deep Learning, Cloud, Python","We are looking for a Machine Learning Engineer with expertise in Azure, Docker, Java, Problem Solving, Statistics, Teamwork, Deep Learning, Cloud, Python. Responsibilities include developing solutions, analyzing data, collaborating across teams, and implementing modern AI or software practices."
Web Developer,"Machine Learning, Leadership, Teamwork, Deep Learning, React, NLP","We are looking for a Web Developer with expertise in Machine Learning, Leadership, Teamwork, Deep Learning, React, NLP. Responsibilities include developing solutions, analyzing data, collaborating across teams, and implementing modern AI or software practices."
Software Engineer,"CSS, Python, Communication, Deep Learning, Problem Solving, Teamwork, Azure, React, Data Analysis","We are looking for a Software Engineer with expertise in CSS, Python, Communication, Deep Learning, Problem Solving, Teamwork, Azure, React, Data Analysis. Responsibilities include developing solutions, analyzing data, collaborating across teams, and implementing modern AI or software practices."
Python Developer,"SQL, Teamwork, React, AWS, Leadership, Cloud, Java","We are looking for a Python Developer with expertise in SQL, Teamwork, React, AWS, Leadership, Cloud, Java. Responsibilities include developing solutions, analyzing data, collaborating across teams, and implementing modern AI or software practices."
Data Scientist,"CSS, Docker, Data Analysis, Python, SQL, HTML, Problem Solving","We are looking for a Data Scientist with expertise in CSS, Docker, Data Analysis, Python, SQL, HTML, Problem Solving. Responsibilities include developing solutions, analyzing data, collaborating across teams, and implementing modern AI or software practices."
Cloud Engineer,"Deep Learning, React, Problem Solving, Statistics, SQL, Flask","We are looking for a Cloud Engineer with expertise in Deep Learning, React, Problem Solving, Statistics, SQL, Flask. Responsibilities include developing solutions, analyzing data, collaborating across teams, and implementing modern AI or software practices."
HR Recruiter,"Kubernetes, NLP, Docker, Leadership, Communication, Python","We are looking for a HR Recruiter with expertise in Kubernetes, NLP, Docker, Leadership, Communication, Python. Responsibilities include developing solutions, analyzing data, collaborating across teams, and implementing modern AI or software practices."
DevOps Engineer,"Data Analysis, Kubernetes, Azure, NLP, Problem Solving, HTML, Communication, Cloud, AWS","We are looking for a DevOps Engineer with expertise in Data Analysis, Kubernetes, Azure, NLP, Problem Solving, HTML, Communication, Cloud, AWS. Responsibilities include developing solutions, analyzing data, collaborating across teams, and implementing modern AI or software practices."
UI/UX Designer,"Python, Docker, CSS, SQL, Flask, Java, Leadership, Deep Learning","We are looking for a UI/UX Designer with expertise in Python, Docker, CSS, SQL, Flask, Java, Leadership, Deep Learning. Responsibilities include developing solutions, analyzing data, collaborating across teams, and implementing modern AI or software practices."
Business Analyst,"Docker, Statistics, TensorFlow, Azure, Communication, Python","We are looking for a Business Analyst with expertise in Docker, Statistics, TensorFlow, Azure, Communication, Python. Responsibilities include developing solutions, analyzing data, collaborating across teams, and implementing modern AI or software practices."
NLP Engineer,"TensorFlow, Docker, Machine Learning, React, Data Analysis, Python, CSS, AWS","We are looking for a NLP Engineer with expertise in TensorFlow, Docker, Machine Learning, React, Data Analysis, Python, CSS, AWS. Responsibilities include developing solutions, analyzing data, collaborating across teams, and implementing modern AI or software practices."
Cybersecurity Specialist,"SQL, Problem Solving, Kubernetes, Teamwork, Cloud","We are looking for a Cybersecurity Specialist with expertise in SQL, Problem Solving, Kubernetes, Teamwork, Cloud. Responsibilities include developing solutions, analyzing data, collaborating across teams, and implementing modern AI or software practices."
Data Analyst,"SQL, Leadership, AWS, Kubernetes, NLP, Statistics","We are looking for a Data Analyst with expertise in SQL, Leadership, AWS, Kubernetes, NLP, Statistics. Responsibilities include developing solutions, analyzing data, collaborating across teams, and implementing modern AI or software practices."
HR Specialist,"Kubernetes, Flask, Azure, Statistics, Python, AWS, Docker, NLP","We are looking for a HR Specialist with expertise in Kubernetes, Flask, Azure, Statistics, Python, AWS, Docker, NLP. Responsibilities include developing solutions, analyzing data, collaborating across teams, and implementing modern AI or software practices."
AI Engineer,"Communication, Teamwork, Cloud, Statistics, NLP, AWS","We are looking for a AI Engineer with expertise in Communication, Teamwork, Cloud, Statistics, NLP, AWS. Responsibilities include developing solutions, analyzing data, collaborating across teams, and implementing modern AI or software practices."
Machine Learning Engineer,"React, Kubernetes, Machine Learning, Data Analysis, Docker, SQL, Statistics","We are looking for a Machine Learning Engineer with expertise in React, Kubernetes, Machine Learning, Data Analysis, Docker, SQL, Statistics. Responsibilities include developing solutions, analyzing data, collaborating across teams, and implementing modern AI or software practices."
Web Developer,"Communication, Machine Learning, Problem Solving, Azure, Statistics, Flask, Leadership","We are looking for a Web Developer with expertise in Communication, Machine Learning, Problem Solving, Azure, Statistics, Flask, Leadership. Responsibilities include developing solutions, analyzing data, collaborating across teams, and implementing modern AI or software practices."
Software Engineer,"Teamwork, NLP, Statistics, Kubernetes, AWS, Deep Learning","We are looking for a Software Engineer with expertise in Teamwork, NLP, Statistics, Kubernetes, AWS, Deep Learning. Responsibilities include developing solutions, analyzing data, collaborating across teams, and implementing modern AI or software practices."
Python Developer,"Azure, Leadership, SQL, Communication, Flask, Python","We are looking for a Python Developer with expertise in Azure, Leadership, SQL, Communication, Flask, Python. Responsibilities include developing solutions, analyzing data, collaborating across teams, and implementing modern AI or software practices."
Data Scientist,"Azure, Communication, Kubernetes, NLP, AWS, Machine Learning, Cloud, Leadership, Teamwork","We are looking for a Data Scientist with expertise in Azure, Communication, Kubernetes, NLP, AWS, Machine Learning, Cloud, Leadership, Teamwork. Responsibilities include developing solutions, analyzing data, collaborating across teams, and implementing modern AI or software practices."
Cloud Engineer,"Cloud, Azure, SQL, Statistics, Deep Learning, React, Leadership, Java, Kubernetes","We are looking for a Cloud Engineer with expertise in Cloud, Azure, SQL, Statistics, Deep Learning, React, Leadership, Java, Kubernetes. Responsibilities include developing solutions, analyzing data, collaborating across teams, and implementing modern AI or software practices."
HR Recruiter,"Leadership, Flask, NLP, TensorFlow, Data Analysis","We are looking for a HR Recruiter with expertise in Leadership, Flask, NLP, TensorFlow, Data Analysis. Responsibilities include developing solutions, analyzing data, collaborating across teams, and implementing modern AI or software practices."
DevOps Engineer,"Azure, Leadership, Deep Learning, Java, Data Analysis, AWS, Docker, Statistics","We are looking for a DevOps Engineer with expertise in Azure, Leadership, Deep Learning, Java, Data Analysis, AWS, Docker, Statistics. Responsibilities include developing solutions, analyzing data, collaborating across teams, and implementing modern AI or software practices."
UI/UX Designer,"Java, Python, React, Communication, Statistics, Cloud","We are looking for a UI/UX Designer with expertise in Java, Python, React, Communication, Statistics, Cloud. Responsibilities include developing solutions, analyzing data, collaborating across teams, and implementing modern AI or software practices."
Business Analyst,"Problem Solving, Docker, React, Statistics, NLP, SQL, Deep Learning","We are looking for a Business Analyst with expertise in Problem Solving, Docker, React, Statistics, NLP, SQL, Deep Learning. Responsibilities include developing solutions, analyzing data, collaborating across teams, and implementing modern AI or software practices."
NLP Engineer,"SQL, NLP, Machine Learning, Leadership, Communication, Deep Learning, Azure","We are looking for a NLP Engineer with expertise in SQL, NLP, Machine Learning, Leadership, Communication, Deep Learning, Azure. Responsibilities include developing solutions, analyzing data, collaborating across teams, and implementing modern AI or software practices."
Cybersecurity Specialist,"NLP, SQL, CSS, Problem Solving, Docker, React, Teamwork, Cloud, TensorFlow","We are looking for a Cybersecurity Specialist with expertise in NLP, SQL, CSS, Problem Solving, Docker, React, Teamwork, Cloud, TensorFlow. Responsibilities include developing solutions, analyzing data, collaborating across teams, and implementing modern AI or software practices."
Data Analyst,"HTML, Python, NLP, TensorFlow, Machine Learning, Communication, Statistics","We are looking for a Data Analyst with expertise in HTML, Python, NLP, TensorFlow, Machine Learning, Communication, Statistics. Responsibilities include developing solutions, analyzing data, collaborating across teams, and implementing modern AI or software practices."
HR Specialist,"Deep Learning, Docker, Cloud, Statistics, Java, React, Communication, Data Analysis","We are looking for a HR Specialist with expertise in Deep Learning, Docker, Cloud, Statistics, Java, React, Communication, Data Analysis. Responsibilities include developing solutions, analyzing data, collaborating across teams, and implementing modern AI or software practices."
AI Engineer,"Deep Learning, Kubernetes, Flask, Cloud, Azure, CSS, Data Analysis, Docker","We are looking for a AI Engineer with expertise in Deep Learning, Kubernetes, Flask, Cloud, Azure, CSS, Data Analysis, Docker. Responsibilities include developing solutions, analyzing data, collaborating across teams, and implementing modern AI or software practices."
Machine Learning Engineer,"React, Statistics, Deep Learning, Azure, Python, Problem Solving, Leadership, Cloud, Java","We are looking for a Machine Learning Engineer with expertise in React, Statistics, Deep Learning, Azure, Python, Problem Solving, Leadership, Cloud, Java. Responsibilities include developing solutions, analyzing data, collaborating across teams, and implementing modern AI or software practices."
Web Developer,"Deep Learning, SQL, Java, Cloud, Statistics","We are looking for a Web Developer with expertise in Deep Learning, SQL, Java, Cloud, Statistics. Responsibilities include developing solutions, analyzing data, collaborating across teams, and implementing modern AI or software practices."
Software Engineer,"Java, Azure, SQL, Cloud, Flask, NLP","We are looking for a Software Engineer with expertise in Java, Azure, SQL, Cloud, Flask, NLP. Responsibilities include developing solutions, analyzing data, collaborating across teams, and implementing modern AI or software practices."
Python Developer,"Python, Communication, Machine Learning, CSS, Deep Learning, Kubernetes, Leadership, Data Analysis","We are looking for a Python Developer with expertise in Python, Communication, Machine Learning, CSS, Deep Learning, Kubernetes, Leadership, Data Analysis. Responsibilities include developing solutions, analyzing data, collaborating across teams, and implementing modern AI or software practices."
Data Scientist,"Communication, Teamwork, Python, Cloud, Deep Learning, React, CSS, HTML","We are looking for a Data Scientist with expertise in Communication, Teamwork, Python, Cloud, Deep Learning, React, CSS, HTML. Responsibilities include developing solutions, analyzing data, collaborating across teams, and implementing modern AI or software practices."
Cloud Engineer,"Statistics, NLP, Kubernetes, Communication, Deep Learning","We are looking for a Cloud Engineer with expertise in Statistics, NLP, Kubernetes, Communication, Deep Learning. Responsibilities include developing solutions, analyzing data, collaborating across teams, and implementing modern AI or software practices."
HR Recruiter,"HTML, Teamwork, AWS, Kubernetes, NLP, Communication, Docker","We are looking for a HR Recruiter with expertise in HTML, Teamwork, AWS, Kubernetes, NLP, Communication, Docker. Responsibilities include developing solutions, analyzing data, collaborating across teams, and implementing modern AI or software practices."
DevOps Engineer,"Leadership, TensorFlow, Cloud, Flask, Data Analysis, Deep Learning","We are looking for a DevOps Engineer with expertise in Leadership, TensorFlow, Cloud, Flask, Data Analysis, Deep Learning. Responsibilities include developing solutions, analyzing data, collaborating across teams, and implementing modern AI or software practices."
UI/UX Designer,"React, HTML, Machine Learning, Deep Learning, Statistics","We are looking for a UI/UX Designer with expertise in React, HTML, Machine Learning, Deep Learning, Statistics. Responsibilities include developing solutions, analyzing data, collaborating across teams, and implementing modern AI or software practices."
Business Analyst,"Azure, Leadership, NLP, Teamwork, Python, SQL, Machine Learning","We are looking for a Business Analyst with expertise in Azure, Leadership, NLP, Teamwork, Python, SQL, Machine Learning. Responsibilities include developing solutions, analyzing data, collaborating across teams, and implementing modern AI or software practices."
NLP Engineer,"NLP, Problem Solving, Leadership, React, TensorFlow, Azure, Data Analysis, Docker","We are looking for a NLP Engineer with expertise in NLP, Problem Solving, Leadership, React, TensorFlow, Azure, Data Analysis, Docker. Responsibilities include developing solutions, analyzing data, collaborating across teams, and implementing modern AI or software practices."
Cybersecurity Specialist,"Leadership, Data Analysis, HTML, SQL, TensorFlow, Docker","We are looking for a Cybersecurity Specialist with expertise in Leadership, Data Analysis, HTML, SQL, TensorFlow, Docker. Responsibilities include developing solutions, analyzing data, collaborating across teams, and implementing modern AI or software practices."
Data Analyst,"Data Analysis, React, Python, Flask, SQL","We are looking for a Data Analyst with expertise in Data Analysis, React, Python, Flask, SQL. Responsibilities include developing solutions, analyzing data, collaborating across teams, and implementing modern AI or software practices."
HR Specialist,"Docker, Deep Learning, Azure, Communication, Problem Solving, Data Analysis, SQL, Statistics, TensorFlow","We are looking for a HR Specialist with expertise in Docker, Deep Learning, Azure, Communication, Problem Solving, Data Analysis, SQL, Statistics, TensorFlow. Responsibilities include developing solutions, analyzing data, collaborating across teams, and implementing modern AI or software practices."
AI Engineer,"Cloud, TensorFlow, SQL, Teamwork, HTML","We are looking for a AI Engineer with expertise in Cloud, TensorFlow, SQL, Teamwork, HTML. Responsibilities include developing solutions, analyzing data, collaborating across teams, and implementing modern AI or software practices."
Machine Learning Engineer,"Statistics, Cloud, Machine Learning, TensorFlow, Problem Solving","We are looking for a Machine Learning Engineer with expertise in Statistics, Cloud, Machine Learning, TensorFlow, Problem Solving. Responsibilities include developing solutions, analyzing data, collaborating across teams, and implementing modern AI or software practices."
Web Developer,"Machine Learning, Leadership, Docker, Azure, AWS, HTML, Communication, Flask","We are looking for a Web Developer with expertise in Machine Learning, Leadership, Docker, Azure, AWS, HTML, Communication, Flask. Responsibilities include developing solutions, analyzing data, collaborating across teams, and implementing modern AI or software practices."
Software Engineer,"HTML, SQL, AWS, React, Java, Problem Solving, CSS","We are looking for a Software Engineer with expertise in HTML, SQL, AWS, React, Java, Problem Solving, CSS. Responsibilities include developing solutions, analyzing data, collaborating across teams, and implementing modern AI or software practices."
Python Developer,"AWS, Kubernetes, Data Analysis, Problem Solving, Communication","We are looking for a Python Developer with expertise in AWS, Kubernetes, Data Analysis, Problem Solving, Communication. Responsibilities include developing solutions, analyzing data, collaborating across teams, and implementing modern AI or software practices."
Data Scientist,"Problem Solving, Azure, Leadership, Java, AWS, NLP","We are looking for a Data Scientist with expertise in Problem Solving, Azure, Leadership, Java, AWS, NLP. Responsibilities include developing solutions, analyzing data, collaborating across teams, and implementing modern AI or software practices."
Cloud Engineer,"Docker, Java, Communication, SQL, CSS, HTML","We are looking for a Cloud Engineer with expertise in Docker, Java, Communication, SQL, CSS, HTML. Responsibilities include developing solutions, analyzing data, collaborating across teams, and implementing modern AI or software practices."
HR Recruiter,"Problem Solving, Communication, Machine Learning, Statistics, AWS","We are looking for a HR Recruiter with expertise in Problem Solving, Communication, Machine Learning, Statistics, AWS. Responsibilities include developing solutions, analyzing data, collaborating across teams, and implementing modern AI or software practices."
DevOps Engineer,"Java, Flask, Communication, Leadership, Problem Solving, Docker","We are looking for a DevOps Engineer with expertise in Java, Flask, Communication, Leadership, Problem Solving, Docker. Responsibilities include developing solutions, analyzing data, collaborating across teams, and implementing modern AI or software practices."
UI/UX Designer,"Docker, SQL, Leadership, Kubernetes, Java","We are looking for a UI/UX Designer with expertise in Docker, SQL, Leadership, Kubernetes, Java. Responsibilities include developing solutions, analyzing data, collaborating across teams, and implementing modern AI or software practices."
Business Analyst,"Docker, Azure, Java, TensorFlow, Communication, NLP, Cloud, React","We are looking for a Business Analyst with expertise in Docker, Azure, Java, TensorFlow, Communication, NLP, Cloud, React. Responsibilities include developing solutions, analyzing data, collaborating across teams, and implementing modern AI or software practices."
NLP Engineer,"Docker, Deep Learning, NLP, TensorFlow, React, CSS","We are looking for a NLP Engineer with expertise in Docker, Deep Learning, NLP, TensorFlow, React, CSS. Responsibilities include developing solutions, analyzing data, collaborating across teams, and implementing modern AI or software practices."
Cybersecurity Specialist,"AWS, TensorFlow, Deep Learning, Kubernetes, HTML","We are looking for a Cybersecurity Specialist with expertise in AWS, TensorFlow, Deep Learning, Kubernetes, HTML. Responsibilities include developing solutions, analyzing data, collaborating across teams, and implementing modern AI or software practices."
Data Analyst,"Flask, Python, CSS, SQL, Docker, Cloud, NLP, Machine Learning","We are looking for a Data Analyst with expertise in Flask, Python, CSS, SQL, Docker, Cloud, NLP, Machine Learning. Responsibilities include developing solutions, analyzing data, collaborating across teams, and implementing modern AI or software practices."
HR Specialist,"Data Analysis, Flask, Python, HTML, Teamwork, Docker, Azure, Kubernetes, React","We are looking for a HR Specialist with expertise in Data Analysis, Flask, Python, HTML, Teamwork, Docker, Azure, Kubernetes, React. Responsibilities include developing solutions, analyzing data, collaborating across teams, and implementing modern AI or software practices."
AI Engineer,"Python, SQL, CSS, Leadership, Problem Solving, HTML, Deep Learning, Data Analysis","We are looking for a AI Engineer with expertise in Python, SQL, CSS, Leadership, Problem Solving, HTML, Deep Learning, Data Analysis. Responsibilities include developing solutions, analyzing data, collaborating across teams, and implementing modern AI or software practices."
Machine Learning Engineer,"Machine Learning, React, Python, Kubernetes, AWS, Docker","We are looking for a Machine Learning Engineer with expertise in Machine Learning, React, Python, Kubernetes, AWS, Docker. Responsibilities include developing solutions, analyzing data, collaborating across teams, and implementing modern AI or software practices."
Web Developer,"Java, Machine Learning, AWS, NLP, Teamwork, Azure, Kubernetes, Deep Learning, React","We are looking for a Web Developer with expertise in Java, Machine Learning, AWS, NLP, Teamwork, Azure, Kubernetes, Deep Learning, React. Responsibilities include developing solutions, analyzing data, collaborating across teams, and implementing modern AI or software practices."
Software Engineer,"AWS, SQL, Leadership, Docker, NLP, Teamwork, Machine Learning, Flask","We are looking for a Software Engineer with expertise in AWS, SQL, Leadership, Docker, NLP, Teamwork, Machine Learning, Flask. Responsibilities include developing solutions, analyzing data, collaborating across teams, and implementing modern AI or software practices."
Python Developer,"CSS, Flask, Problem Solving, Java, Leadership","We are looking for a Python Developer with expertise in CSS, Flask, Problem Solving, Java, Leadership. Responsibilities include developing solutions, analyzing data, collaborating across teams, and implementing modern AI or software practices."
Data Scientist,"Statistics, CSS, Docker, Data Analysis, React, Flask","We are looking for a Data Scientist with expertise in Statistics, CSS, Docker, Data Analysis, React, Flask. Responsibilities include developing solutions, analyzing data, collaborating across teams, and implementing modern AI or software practices."
Cloud Engineer,"Java, TensorFlow, HTML, Communication, Cloud, CSS, Python, Deep Learning","We are looking for a Cloud Engineer with expertise in Java, TensorFlow, HTML, Communication, Cloud, CSS, Python, Deep Learning. Responsibilities include developing solutions, analyzing data, collaborating across teams, and implementing modern AI or software practices."
HR Recruiter,"Leadership, AWS, Docker, Kubernetes, Data Analysis, SQL, Problem Solving, Communication","We are looking for a HR Recruiter with expertise in Leadership, AWS, Docker, Kubernetes, Data Analysis, SQL, Problem Solving, Communication. Responsibilities include developing solutions, analyzing data, collaborating across teams, and implementing modern AI or software practices."
DevOps Engineer,"CSS, Azure, AWS, Leadership, TensorFlow, Python, Docker, Java","We are looking for a DevOps Engineer with expertise in CSS, Azure, AWS, Leadership, TensorFlow, Python, Docker, Java. Responsibilities include developing solutions, analyzing data, collaborating across teams, and implementing modern AI or software practices."
UI/UX Designer,"Azure, NLP, Flask, Communication, Docker, AWS, React, TensorFlow","We are looking for a UI/UX Designer with expertise in Azure, NLP, Flask, Communication, Docker, AWS, React, TensorFlow. Responsibilities include developing solutions, analyzing data, collaborating across teams, and implementing modern AI or software practices."
Business Analyst,"Cloud, Data Analysis, Docker, Java, Python, Statistics, Deep Learning, TensorFlow","We are looking for a Business Analyst with expertise in Cloud, Data Analysis, Docker, Java, Python, Statistics, Deep Learning, TensorFlow. Responsibilities include developing solutions, analyzing data, collaborating across teams, and implementing modern AI or software practices."
NLP Engineer,"Python, CSS, TensorFlow, NLP, SQL, Docker","We are looking for a NLP Engineer with expertise in Python, CSS, TensorFlow, NLP, SQL, Docker. Responsibilities include developing solutions, analyzing data, collaborating across teams, and implementing modern AI or software practices."
Cybersecurity Specialist,"AWS, Communication, Machine Learning, Docker, CSS, Leadership, HTML, NLP, Data Analysis","We are looking for a Cybersecurity Specialist with expertise in AWS, Communication, Machine Learning, Docker, CSS, Leadership, HTML, NLP, Data Analysis. Responsibilities include developing solutions, analyzing data, collaborating across teams, and implementing modern AI or software practices."
Data Analyst,"Data Analysis, Teamwork, Kubernetes, Machine Learning, Communication, TensorFlow, AWS, Statistics, CSS","We are looking for a Data Analyst with expertise in Data Analysis, Teamwork, Kubernetes, Machine Learning, Communication, TensorFlow, AWS, Statistics, CSS. Responsibilities include developing solutions, analyzing data, collaborating across teams, and implementing modern AI or software practices."
HR Specialist,"Statistics, CSS, Azure, NLP, Leadership","We are looking for a HR Specialist with expertise in Statistics, CSS, Azure, NLP, Leadership. Responsibilities include developing solutions, analyzing data, collaborating across teams, and implementing modern AI or software practices."
AI Engineer,"SQL, React, Data Analysis, Deep Learning, Python, Machine Learning, Cloud, Azure, Leadership","We are looking for a AI Engineer with expertise in SQL, React, Data Analysis, Deep Learning, Python, Machine Learning, Cloud, Azure, Leadership. Responsibilities include developing solutions, analyzing data, collaborating across teams, and implementing modern AI or software practices."
Machine Learning Engineer,"Java, Cloud, Communication, AWS, Docker, Azure, Machine Learning, Statistics","We are looking for a Machine Learning Engineer with expertise in Java, Cloud, Communication, AWS, Docker, Azure, Machine Learning, Statistics. Responsibilities include developing solutions, analyzing data, collaborating across teams, and implementing modern AI or software practices."
Web Developer,"Statistics, React, CSS, Problem Solving, Teamwork, AWS, Docker, NLP","We are looking for a Web Developer with expertise in Statistics, React, CSS, Problem Solving, Teamwork, AWS, Docker, NLP. Responsibilities include developing solutions, analyzing data, collaborating across teams, and implementing modern AI or software practices."
Software Engineer,"CSS, HTML, Azure, Teamwork, TensorFlow","We are looking for a Software Engineer with expertise in CSS, HTML, Azure, Teamwork, TensorFlow. Responsibilities include developing solutions, analyzing data, collaborating across teams, and implementing modern AI or software practices."
Python Developer,"Problem Solving, TensorFlow, Azure, Python, Communication, Java, Machine Learning, Leadership","We are looking for a Python Developer with expertise in Problem Solving, TensorFlow, Azure, Python, Communication, Java, Machine Learning, Leadership. Responsibilities include developing solutions, analyzing data, collaborating across teams, and implementing modern AI or software practices."
Data Scientist,"Data Analysis, Kubernetes, Machine Learning, AWS, NLP, HTML, React","We are looking for a Data Scientist with expertise in Data Analysis, Kubernetes, Machine Learning, AWS, NLP, HTML, React. Responsibilities include developing solutions, analyzing data, collaborating across teams, and implementing modern AI or software practices."
Cloud Engineer,"Cloud, Java, NLP, TensorFlow, Teamwork, Deep Learning, AWS, Statistics, Problem Solving","We are looking for a Cloud Engineer with expertise in Cloud, Java, NLP, TensorFlow, Teamwork, Deep Learning, AWS, Statistics, Problem Solving. Responsibilities include developing solutions, analyzing data, collaborating across teams, and implementing modern AI or software practices."
HR Recruiter,"Kubernetes, Machine Learning, TensorFlow, Flask, AWS, Communication, Problem Solving, Docker","We are looking for a HR Recruiter with expertise in Kubernetes, Machine Learning, TensorFlow, Flask, AWS, Communication, Problem Solving, Docker. Responsibilities include developing solutions, analyzing data, collaborating across teams, and implementing modern AI or software practices."
DevOps Engineer,"Machine Learning, Data Analysis, Flask, HTML, Kubernetes","We are looking for a DevOps Engineer with expertise in Machine Learning, Data Analysis, Flask, HTML, Kubernetes. Responsibilities include developing solutions, analyzing data, collaborating across teams, and implementing modern AI or software practices."
UI/UX Designer,"Machine Learning, Statistics, Azure, Docker, Python, SQL, React, Data Analysis","We are looking for a UI/UX Designer with expertise in Machine Learning, Statistics, Azure, Docker, Python, SQL, React, Data Analysis. Responsibilities include developing solutions, analyzing data, collaborating across teams, and implementing modern AI or software practices."
Business Analyst,"Data Analysis, Deep Learning, Communication, Machine Learning, AWS, Azure, Teamwork, NLP","We are looking for a Business Analyst with expertise in Data Analysis, Deep Learning, Communication, Machine Learning, AWS, Azure, Teamwork, NLP. Responsibilities include developing solutions, analyzing data, collaborating across teams, and implementing modern AI or software practices."
NLP Engineer,"Cloud, SQL, Python, Azure, Java, NLP, TensorFlow","We are looking for a NLP Engineer with expertise in Cloud, SQL, Python, Azure, Java, NLP, TensorFlow. Responsibilities include developing solutions, analyzing data, collaborating across teams, and implementing modern AI or software practices."
Cybersecurity Specialist,"Flask, Machine Learning, HTML, Teamwork, TensorFlow","We are looking for a Cybersecurity Specialist with expertise in Flask, Machine Learning, HTML, Teamwork, TensorFlow. Responsibilities include developing solutions, analyzing data, collaborating across teams, and implementing modern AI or software practices."
Data Analyst,"TensorFlow, Python, Data Analysis, Kubernetes, Docker, Deep Learning, Statistics","We are looking for a Data Analyst with expertise in TensorFlow, Python, Data Analysis, Kubernetes, Docker, Deep Learning, Statistics. Responsibilities include developing solutions, analyzing data, collaborating across teams, and implementing modern AI or software practices."
HR Specialist,"Flask, Kubernetes, Machine Learning, Problem Solving, Java, SQL, Communication, Data Analysis","We are looking for a HR Specialist with expertise in Flask, Kubernetes, Machine Learning, Problem Solving, Java, SQL, Communication, Data Analysis. Responsibilities include developing solutions, analyzing data, collaborating across teams, and implementing modern AI or software practices."
AI Engineer,"CSS, Data Analysis, Cloud, Problem Solving, Teamwork","We are looking for a AI Engineer with expertise in CSS, Data Analysis, Cloud, Problem Solving, Teamwork. Responsibilities include developing solutions, analyzing data, collaborating across teams, and implementing modern AI or software practices."
Machine Learning Engineer,"React, Deep Learning, Leadership, Azure, TensorFlow","We are looking for a Machine Learning Engineer with expertise in React, Deep Learning, Leadership, Azure, TensorFlow. Responsibilities include developing solutions, analyzing data, collaborating across teams, and implementing modern AI or software practices."
Web Developer,"Data Analysis, Statistics, SQL, Leadership, Machine Learning, TensorFlow, CSS, Cloud, Java","We are looking for a Web Developer with expertise in Data Analysis, Statistics, SQL, Leadership, Machine Learning, TensorFlow, CSS, Cloud, Java. Responsibilities include developing solutions, analyzing data, collaborating across teams, and implementing modern AI or software practices."
Software Engineer,"Communication, CSS, Azure, NLP, React","We are looking for a Software Engineer with expertise in Communication, CSS, Azure, NLP, React. Responsibilities include developing solutions, analyzing data, collaborating across teams, and implementing modern AI or software practices."
Python Developer,"AWS, Communication, CSS, Deep Learning, Docker, Teamwork, SQL, Java, Azure","We are looking for a Python Developer with expertise in AWS, Communication, CSS, Deep Learning, Docker, Teamwork, SQL, Java, Azure. Responsibilities include developing solutions, analyzing data, collaborating across teams, and implementing modern AI or software practices."
Data Scientist,"Leadership, AWS, Teamwork, Docker, Deep Learning, NLP","We are looking for a Data Scientist with expertise in Leadership, AWS, Teamwork, Docker, Deep Learning, NLP. Responsibilities include developing solutions, analyzing data, collaborating across teams, and implementing modern AI or software practices."
Cloud Engineer,"Statistics, AWS, Kubernetes, Problem Solving, Flask, Java, NLP, TensorFlow, Docker","We are looking for a Cloud Engineer with expertise in Statistics, AWS, Kubernetes, Problem Solving, Flask, Java, NLP, TensorFlow, Docker. Responsibilities include developing solutions, analyzing data, collaborating across teams, and implementing modern AI or software practices."
HR Recruiter,"Azure, Cloud, HTML, Java, SQL, Kubernetes","We are looking for a HR Recruiter with expertise in Azure, Cloud, HTML, Java, SQL, Kubernetes. Responsibilities include developing solutions, analyzing data, collaborating across teams, and implementing modern AI or software practices."
DevOps Engineer,"Communication, React, Problem Solving, Docker, TensorFlow, Cloud, Python, Flask","We are looking for a DevOps Engineer with expertise in Communication, React, Problem Solving, Docker, TensorFlow, Cloud, Python, Flask. Responsibilities include developing solutions, analyzing data, collaborating across teams, and implementing modern AI or software practices."
UI/UX Designer,"Communication, HTML, SQL, Machine Learning, Leadership, Teamwork","We are looking for a UI/UX Designer with expertise in Communication, HTML, SQL, Machine Learning, Leadership, Teamwork. Responsibilities include developing solutions, analyzing data, collaborating across teams, and implementing modern AI or software practices."
Business Analyst,"React, TensorFlow, Data Analysis, Azure, Python, Teamwork","We are looking for a Business Analyst with expertise in React, TensorFlow, Data Analysis, Azure, Python, Teamwork. Responsibilities include developing solutions, analyzing data, collaborating across teams, and implementing modern AI or software practices."
NLP Engineer,"HTML, Teamwork, CSS, Leadership, NLP, Flask, Azure","We are looking for a NLP Engineer with expertise in HTML, Teamwork, CSS, Leadership, NLP, Flask, Azure. Responsibilities include developing solutions, analyzing data, collaborating across teams, and implementing modern AI or software practices."
Cybersecurity Specialist,"CSS, Leadership, Docker, Cloud, Java, Deep Learning, Communication, HTML, Flask","We are looking for a Cybersecurity Specialist with expertise in CSS, Leadership, Docker, Cloud, Java, Deep Learning, Communication, HTML, Flask. Responsibilities include developing solutions, analyzing data, collaborating across teams, and implementing modern AI or software practices."
Data Analyst,"Data Analysis, Communication, Azure, NLP, Problem Solving, Machine Learning","We are looking for a Data Analyst with expertise in Data Analysis, Communication, Azure, NLP, Problem Solving, Machine Learning. Responsibilities include developing solutions, analyzing data, collaborating across teams, and implementing modern AI or software practices."
HR Specialist,"Teamwork, Cloud, Python, Kubernetes, React","We are looking for a HR Specialist with expertise in Teamwork, Cloud, Python, Kubernetes, React. Responsibilities include developing solutions, analyzing data, collaborating across teams, and implementing modern AI or software practices."
AI Engineer,"TensorFlow, Communication, Java, Teamwork, Statistics, Flask, AWS, HTML","We are looking for a AI Engineer with expertise in TensorFlow, Communication, Java, Teamwork, Statistics, Flask, AWS, HTML. Responsibilities include developing solutions, analyzing data, collaborating across teams, and implementing modern AI or software practices."
Machine Learning Engineer,"SQL, Communication, Problem Solving, Kubernetes, CSS, Flask, HTML, Azure","We are looking for a Machine Learning Engineer with expertise in SQL, Communication, Problem Solving, Kubernetes, CSS, Flask, HTML, Azure. Responsibilities include developing solutions, analyzing data, collaborating across teams, and implementing modern AI or software practices."
Web Developer,"React, AWS, Data Analysis, Cloud, Problem Solving","We are looking for a Web Developer with expertise in React, AWS, Data Analysis, Cloud, Problem Solving. Responsibilities include developing solutions, analyzing data, collaborating across teams, and implementing modern AI or software practices."
Software Engineer,"Java, Kubernetes, Deep Learning, Communication, React, Leadership, HTML, Cloud, Azure","We are looking for a Software Engineer with expertise in Java, Kubernetes, Deep Learning, Communication, React, Leadership, HTML, Cloud, Azure. Responsibilities include developing solutions, analyzing data, collaborating across teams, and implementing modern AI or software practices."
Python Developer,"CSS, Docker, Statistics, Kubernetes, AWS, Java, Machine Learning","We are looking for a Python Developer with expertise in CSS, Docker, Statistics, Kubernetes, AWS, Java, Machine Learning. Responsibilities include developing solutions, analyzing data, collaborating across teams, and implementing modern AI or software practices."
Data Scientist,"Docker, React, NLP, SQL, Python","We are looking for a Data Scientist with expertise in Docker, React, NLP, SQL, Python. Responsibilities include developing solutions, analyzing data, collaborating across teams, and implementing modern AI or software practices."
Cloud Engineer,"AWS, Azure, Leadership, CSS, HTML, React, TensorFlow, Problem Solving","We are looking for a Cloud Engineer with expertise in AWS, Azure, Leadership, CSS, HTML, React, TensorFlow, Problem Solving. Responsibilities include developing solutions, analyzing data, collaborating across teams, and implementing modern AI or software practices."
HR Recruiter,"React, Problem Solving, Java, Statistics, Kubernetes, Leadership, NLP, TensorFlow","We are looking for a HR Recruiter with expertise in React, Problem Solving, Java, Statistics, Kubernetes, Leadership, NLP, TensorFlow. Responsibilities include developing solutions, analyzing data, collaborating across teams, and implementing modern AI or software practices."
DevOps Engineer,"Teamwork, AWS, Docker, Java, TensorFlow, Leadership, Cloud","We are looking for a DevOps Engineer with expertise in Teamwork, AWS, Docker, Java, TensorFlow, Leadership, Cloud. Responsibilities include developing solutions, analyzing data, collaborating across teams, and implementing modern AI or software practices."
UI/UX Designer,"Leadership, CSS, Problem Solving, Communication, Azure, Java, SQL","We are looking for a UI/UX Designer with expertise in Leadership, CSS, Problem Solving, Communication, Azure, Java, SQL. Responsibilities include developing solutions, analyzing data, collaborating across teams, and implementing modern AI or software practices."
Business Analyst,"React, Problem Solving, NLP, Java, Communication, Docker, Azure","We are looking for a Business Analyst with expertise in React, Problem Solving, NLP, Java, Communication, Docker, Azure. Responsibilities include developing solutions, analyzing data, collaborating across teams, and implementing modern AI or software practices."
NLP Engineer,"Machine Learning, Statistics, TensorFlow, AWS, Cloud, Docker, Problem Solving","We are looking for a NLP Engineer with expertise in Machine Learning, Statistics, TensorFlow, AWS, Cloud, Docker, Problem Solving. Responsibilities include developing solutions, analyzing data, collaborating across teams, and implementing modern AI or software practices."
Cybersecurity Specialist,"Azure, Problem Solving, Docker, Java, Data Analysis, NLP, Flask, SQL, Communication","We are looking for a Cybersecurity Specialist with expertise in Azure, Problem Solving, Docker, Java, Data Analysis, NLP, Flask, SQL, Communication. Responsibilities include developing solutions, analyzing data, collaborating across teams, and implementing modern AI or software practices."
Data Analyst,"HTML, AWS, Kubernetes, Statistics, NLP, React, Java, Communication, Deep Learning","We are looking for a Data Analyst with expertise in HTML, AWS, Kubernetes, Statistics, NLP, React, Java, Communication, Deep Learning. Responsibilities include developing solutions, analyzing data, collaborating across teams, and implementing modern AI or software practices."
HR Specialist,"Deep Learning, Teamwork, Leadership, Data Analysis, Cloud, Java","We are looking for a HR Specialist with expertise in Deep Learning, Teamwork, Leadership, Data Analysis, Cloud, Java. Responsibilities include developing solutions, analyzing data, collaborating across teams, and implementing modern AI or software practices."
AI Engineer,"SQL, HTML, Leadership, Statistics, NLP, CSS","We are looking for a AI Engineer with expertise in SQL, HTML, Leadership, Statistics, NLP, CSS. Responsibilities include developing solutions, analyzing data, collaborating across teams, and implementing modern AI or software practices."
Machine Learning Engineer,"Teamwork, Python, Kubernetes, Leadership, Cloud, Deep Learning","We are looking for a Machine Learning Engineer with expertise in Teamwork, Python, Kubernetes, Leadership, Cloud, Deep Learning. Responsibilities include developing solutions, analyzing data, collaborating across teams, and implementing modern AI or software practices."
Web Developer,"Cloud, Teamwork, Data Analysis, Problem Solving, Statistics, Docker, Kubernetes, Communication","We are looking for a Web Developer with expertise in Cloud, Teamwork, Data Analysis, Problem Solving, Statistics, Docker, Kubernetes, Communication. Responsibilities include developing solutions, analyzing data, collaborating across teams, and implementing modern AI or software practices."
Software Engineer,"Problem Solving, Statistics, Azure, Leadership, Python","We are looking for a Software Engineer with expertise in Problem Solving, Statistics, Azure, Leadership, Python. Responsibilities include developing solutions, analyzing data, collaborating across teams, and implementing modern AI or software practices."
Python Developer,"Cloud, TensorFlow, Data Analysis, SQL, Statistics, Teamwork, Deep Learning","We are looking for a Python Developer with expertise in Cloud, TensorFlow, Data Analysis, SQL, Statistics, Teamwork, Deep Learning. Responsibilities include developing solutions, analyzing data, collaborating across teams, and implementing modern AI or software practices."
Data Scientist,"React, Java, Statistics, Docker, TensorFlow","We are looking for a Data Scientist with expertise in React, Java, Statistics, Docker, TensorFlow. Responsibilities include developing solutions, analyzing data, collaborating across teams, and implementing modern AI or software practices."
Cloud Engineer,"Flask, SQL, Teamwork, TensorFlow, Kubernetes","We are looking for a Cloud Engineer with expertise in Flask, SQL, Teamwork, TensorFlow, Kubernetes. Responsibilities include developing solutions, analyzing data, collaborating across teams, and implementing modern AI or software practices."
HR Recruiter,"React, Azure, SQL, Machine Learning, Statistics","We are looking for a HR Recruiter with expertise in React, Azure, SQL, Machine Learning, Statistics. Responsibilities include developing solutions, analyzing data, collaborating across teams, and implementing modern AI or software practices."
DevOps Engineer,"Cloud, Kubernetes, Python, Problem Solving, Leadership, SQL, Deep Learning, Docker","We are looking for a DevOps Engineer with expertise in Cloud, Kubernetes, Python, Problem Solving, Leadership, SQL, Deep Learning, Docker. Responsibilities include developing solutions, analyzing data, collaborating across teams, and implementing modern AI or software practices."
UI/UX Designer,"Flask, Deep Learning, React, NLP, Kubernetes, Python, Teamwork, SQL, Statistics","We are looking for a UI/UX Designer with expertise in Flask, Deep Learning, React, NLP, Kubernetes, Python, Teamwork, SQL, Statistics. Responsibilities include developing solutions, analyzing data, collaborating across teams, and implementing modern AI or software practices."
Business Analyst,"CSS, HTML, NLP, Data Analysis, Machine Learning","We are looking for a Business Analyst with expertise in CSS, HTML, NLP, Data Analysis, Machine Learning. Responsibilities include developing solutions, analyzing data, collaborating across teams, and implementing modern AI or software practices."
NLP Engineer,"React, Leadership, Machine Learning, CSS, TensorFlow, SQL, Data Analysis, Teamwork","We are looking for a NLP Engineer with expertise in React, Leadership, Machine Learning, CSS, TensorFlow, SQL, Data Analysis, Teamwork. Responsibilities include developing solutions, analyzing data, collaborating across teams, and implementing modern AI or software practices."
Cybersecurity Specialist,"Statistics, Kubernetes, Docker, TensorFlow, Python","We are looking for a Cybersecurity Specialist with expertise in Statistics, Kubernetes, Docker, TensorFlow, Python. Responsibilities include developing solutions, analyzing data, collaborating across teams, and implementing modern AI or software practices."
Data Analyst,"Python, Communication, Azure, Flask, Statistics, HTML, Problem Solving, Kubernetes","We are looking for a Data Analyst with expertise in Python, Communication, Azure, Flask, Statistics, HTML, Problem Solving, Kubernetes. Responsibilities include developing solutions, analyzing data, collaborating across teams, and implementing modern AI or software practices."
HR Specialist,"Kubernetes, Flask, Communication, Azure, Data Analysis, Cloud","We are looking for a HR Specialist with expertise in Kubernetes, Flask, Communication, Azure, Data Analysis, Cloud. Responsibilities include developing solutions, analyzing data, collaborating across teams, and implementing modern AI or software practices."
AI Engineer,"AWS, HTML, Leadership, NLP, Machine Learning, SQL, Kubernetes, React, Communication","We are looking for a AI Engineer with expertise in AWS, HTML, Leadership, NLP, Machine Learning, SQL, Kubernetes, React, Communication. Responsibilities include developing solutions, analyzing data, collaborating across teams, and implementing modern AI or software practices."
Machine Learning Engineer,"Kubernetes, Cloud, Deep Learning, Teamwork, Flask","We are looking for a Machine Learning Engineer with expertise in Kubernetes, Cloud, Deep Learning, Teamwork, Flask. Responsibilities include developing solutions, analyzing data, collaborating across teams, and implementing modern AI or software practices."
Web Developer,"Leadership, NLP, Deep Learning, Kubernetes, Docker, TensorFlow, React, Problem Solving, AWS","We are looking for a Web Developer with expertise in Leadership, NLP, Deep Learning, Kubernetes, Docker, TensorFlow, React, Problem Solving, AWS. Responsibilities include developing solutions, analyzing data, collaborating across teams, and implementing modern AI or software practices."
Software Engineer,"Leadership, Kubernetes, Flask, React, Statistics, AWS, Data Analysis","We are looking for a Software Engineer with expertise in Leadership, Kubernetes, Flask, React, Statistics, AWS, Data Analysis. Responsibilities include developing solutions, analyzing data, collaborating across teams, and implementing modern AI or software practices."
Python Developer,"Communication, Deep Learning, Flask, Data Analysis, NLP, Cloud, Teamwork, Azure, Python","We are looking for a Python Developer with expertise in Communication, Deep Learning, Flask, Data Analysis, NLP, Cloud, Teamwork, Azure, Python. Responsibilities include developing solutions, analyzing data, collaborating across teams, and implementing modern AI or software practices."
Data Scientist,"TensorFlow, Problem Solving, Data Analysis, Flask, AWS, Docker, Teamwork, Azure, Python","We are looking for a Data Scientist with expertise in TensorFlow, Problem Solving, Data Analysis, Flask, AWS, Docker, Teamwork, Azure, Python. Responsibilities include developing solutions, analyzing data, collaborating across teams, and implementing modern AI or software practices."
Cloud Engineer,"HTML, Python, AWS, TensorFlow, Deep Learning, CSS, Kubernetes","We are looking for a Cloud Engineer with expertise in HTML, Python, AWS, TensorFlow, Deep Learning, CSS, Kubernetes. Responsibilities include developing solutions, analyzing data, collaborating across teams, and implementing modern AI or software practices."
HR Recruiter,"Azure, Cloud, Teamwork, Statistics, HTML, Docker, Problem Solving","We are looking for a HR Recruiter with expertise in Azure, Cloud, Teamwork, Statistics, HTML, Docker, Problem Solving. Responsibilities include developing solutions, analyzing data, collaborating across teams, and implementing modern AI or software practices."
DevOps Engineer,"Kubernetes, Statistics, CSS, Python, NLP, Deep Learning, HTML, Cloud, Flask","We are looking for a DevOps Engineer with expertise in Kubernetes, Statistics, CSS, Python, NLP, Deep Learning, HTML, Cloud, Flask. Responsibilities include developing solutions, analyzing data, collaborating across teams, and implementing modern AI or software practices."
UI/UX Designer,"Flask, NLP, CSS, Statistics, Deep Learning, Kubernetes, Teamwork","We are looking for a UI/UX Designer with expertise in Flask, NLP, CSS, Statistics, Deep Learning, Kubernetes, Teamwork. Responsibilities include developing solutions, analyzing data, collaborating across teams, and implementing modern AI or software practices."
Business Analyst,"Flask, Problem Solving, TensorFlow, Cloud, HTML, Kubernetes, Statistics, Leadership, Teamwork","We are looking for a Business Analyst with expertise in Flask, Problem Solving, TensorFlow, Cloud, HTML, Kubernetes, Statistics, Leadership, Teamwork. Responsibilities include developing solutions, analyzing data, collaborating across teams, and implementing modern AI or software practices."
NLP Engineer,"HTML, AWS, Kubernetes, CSS, Problem Solving, Deep Learning, Statistics, SQL, Leadership","We are looking for a NLP Engineer with expertise in HTML, AWS, Kubernetes, CSS, Problem Solving, Deep Learning, Statistics, SQL, Leadership. Responsibilities include developing solutions, analyzing data, collaborating across teams, and implementing modern AI or software practices."
Cybersecurity Specialist,"AWS, Data Analysis, Statistics, HTML, Kubernetes, Leadership","We are looking for a Cybersecurity Specialist with expertise in AWS, Data Analysis, Statistics, HTML, Kubernetes, Leadership. Responsibilities include developing solutions, analyzing data, collaborating across teams, and implementing modern AI or software practices."
Data Analyst,"TensorFlow, Azure, NLP, Teamwork, SQL","We are looking for a Data Analyst with expertise in TensorFlow, Azure, NLP, Teamwork, SQL. Responsibilities include developing solutions, analyzing data, collaborating across teams, and implementing modern AI or software practices."
HR Specialist,"Kubernetes, Docker, Leadership, AWS, HTML, React, Azure, CSS, SQL","We are looking for a HR Specialist with expertise in Kubernetes, Docker, Leadership, AWS, HTML, React, Azure, CSS, SQL. Responsibilities include developing solutions, analyzing data, collaborating across teams, and implementing modern AI or software practices."
AI Engineer,"Data Analysis, Deep Learning, Azure, CSS, Flask, TensorFlow, Leadership, Problem Solving, Communication","We are looking for a AI Engineer with expertise in Data Analysis, Deep Learning, Azure, CSS, Flask, TensorFlow, Leadership, Problem Solving, Communication. Responsibilities include developing solutions, analyzing data, collaborating across teams, and implementing modern AI or software practices."
Machine Learning Engineer,"NLP, Docker, Teamwork, Machine Learning, Azure, AWS, Flask, Kubernetes, Data Analysis","We are looking for a Machine Learning Engineer with expertise in NLP, Docker, Teamwork, Machine Learning, Azure, AWS, Flask, Kubernetes, Data Analysis. Responsibilities include developing solutions, analyzing data, collaborating across teams, and implementing modern AI or software practices."
Web Developer,"Python, React, Azure, Docker, Data Analysis, Statistics","We are looking for a Web Developer with expertise in Python, React, Azure, Docker, Data Analysis, Statistics. Responsibilities include developing solutions, analyzing data, collaborating across teams, and implementing modern AI or software practices."
Software Engineer,"Azure, Cloud, Teamwork, Java, Communication, Python, TensorFlow, Problem Solving","We are looking for a Software Engineer with expertise in Azure, Cloud, Teamwork, Java, Communication, Python, TensorFlow, Problem Solving. Responsibilities include developing solutions, analyzing data, collaborating across teams, and implementing modern AI or software practices."
Python Developer,"Deep Learning, Python, HTML, Machine Learning, Azure, Kubernetes","We are looking for a Python Developer with expertise in Deep Learning, Python, HTML, Machine Learning, Azure, Kubernetes. Responsibilities include developing solutions, analyzing data, collaborating across teams, and implementing modern AI or software practices."
Data Scientist,"Azure, HTML, Deep Learning, Machine Learning, Teamwork, Communication, Cloud","We are looking for a Data Scientist with expertise in Azure, HTML, Deep Learning, Machine Learning, Teamwork, Communication, Cloud. Responsibilities include developing solutions, analyzing data, collaborating across teams, and implementing modern AI or software practices."
Cloud Engineer,"Docker, Kubernetes, Java, Data Analysis, Machine Learning, Azure, Problem Solving, AWS, HTML","We are looking for a Cloud Engineer with expertise in Docker, Kubernetes, Java, Data Analysis, Machine Learning, Azure, Problem Solving, AWS, HTML. Responsibilities include developing solutions, analyzing data, collaborating across teams, and implementing modern AI or software practices."
HR Recruiter,"Docker, React, Python, CSS, Problem Solving","We are looking for a HR Recruiter with expertise in Docker, React, Python, CSS, Problem Solving. Responsibilities include developing solutions, analyzing data, collaborating across teams, and implementing modern AI or software practices."
DevOps Engineer,"Machine Learning, Java, Leadership, Docker, CSS, React, HTML, AWS, Flask","We are looking for a DevOps Engineer with expertise in Machine Learning, Java, Leadership, Docker, CSS, React, HTML, AWS, Flask. Responsibilities include developing solutions, analyzing data, collaborating across teams, and implementing modern AI or software practices."
UI/UX Designer,"Communication, Python, Flask, TensorFlow, Cloud, Kubernetes, Deep Learning","We are looking for a UI/UX Designer with expertise in Communication, Python, Flask, TensorFlow, Cloud, Kubernetes, Deep Learning. Responsibilities include developing solutions, analyzing data, collaborating across teams, and implementing modern AI or software practices."
Business Analyst,"Kubernetes, Docker, Python, Deep Learning, Problem Solving","We are looking for a Business Analyst with expertise in Kubernetes, Docker, Python, Deep Learning, Problem Solving. Responsibilities include developing solutions, analyzing data, collaborating across teams, and implementing modern AI or software practices."
NLP Engineer,"Teamwork, React, Leadership, Flask, Problem Solving, NLP, Azure, Docker, HTML","We are looking for a NLP Engineer with expertise in Teamwork, React, Leadership, Flask, Problem Solving, NLP, Azure, Docker, HTML. Responsibilities include developing solutions, analyzing data, collaborating across teams, and implementing modern AI or software practices."
Cybersecurity Specialist,"Java, Communication, Cloud, Docker, Machine Learning, CSS, Azure, HTML","We are looking for a Cybersecurity Specialist with expertise in Java, Communication, Cloud, Docker, Machine Learning, CSS, Azure, HTML. Responsibilities include developing solutions, analyzing data, collaborating across teams, and implementing modern AI or software practices."
Data Analyst,"Docker, React, Deep Learning, HTML, Communication, TensorFlow, Kubernetes, Data Analysis","We are looking for a Data Analyst with expertise in Docker, React, Deep Learning, HTML, Communication, TensorFlow, Kubernetes, Data Analysis. Responsibilities include developing solutions, analyzing data, collaborating across teams, and implementing modern AI or software practices."
HR Specialist,"Teamwork, AWS, React, Leadership, NLP, HTML","We are looking for a HR Specialist with expertise in Teamwork, AWS, React, Leadership, NLP, HTML. Responsibilities include developing solutions, analyzing data, collaborating across teams, and implementing modern AI or software practices."
AI Engineer,"Problem Solving, Azure, SQL, React, Leadership, Docker, CSS, NLP, TensorFlow","We are looking for a AI Engineer with expertise in Problem Solving, Azure, SQL, React, Leadership, Docker, CSS, NLP, TensorFlow. Responsibilities include developing solutions, analyzing data, collaborating across teams, and implementing modern AI or software practices."
Machine Learning Engineer,"SQL, Deep Learning, Problem Solving, Flask, TensorFlow","We are looking for a Machine Learning Engineer with expertise in SQL, Deep Learning, Problem Solving, Flask, TensorFlow. Responsibilities include developing solutions, analyzing data, collaborating across teams, and implementing modern AI or software practices."
Web Developer,"Java, Kubernetes, Problem Solving, Flask, Deep Learning, Docker, HTML","We are looking for a Web Developer with expertise in Java, Kubernetes, Problem Solving, Flask, Deep Learning, Docker, HTML. Responsibilities include developing solutions, analyzing data, collaborating across teams, and implementing modern AI or software practices."
Software Engineer,"HTML, Java, Statistics, Azure, Cloud, React, Python","We are looking for a Software Engineer with expertise in HTML, Java, Statistics, Azure, Cloud, React, Python. Responsibilities include developing solutions, analyzing data, collaborating across teams, and implementing modern AI or software practices."
Python Developer,"Communication, SQL, Deep Learning, Machine Learning, TensorFlow, Leadership","We are looking for a Python Developer with expertise in Communication, SQL, Deep Learning, Machine Learning, TensorFlow, Leadership. Responsibilities include developing solutions, analyzing data, collaborating across teams, and implementing modern AI or software practices."
Data Scientist,"HTML, Cloud, NLP, React, Docker, Leadership, Problem Solving","We are looking for a Data Scientist with expertise in HTML, Cloud, NLP, React, Docker, Leadership, Problem Solving. Responsibilities include developing solutions, analyzing data, collaborating across teams, and implementing modern AI or software practices."
Cloud Engineer,"React, Data Analysis, CSS, Communication, TensorFlow","We are looking for a Cloud Engineer with expertise in React, Data Analysis, CSS, Communication, TensorFlow. Responsibilities include developing solutions, analyzing data, collaborating across teams, and implementing modern AI or software practices."
HR Recruiter,"Kubernetes, NLP, Cloud, SQL, AWS","We are looking for a HR Recruiter with expertise in Kubernetes, NLP, Cloud, SQL, AWS. Responsibilities include developing solutions, analyzing data, collaborating across teams, and implementing modern AI or software practices."
DevOps Engineer,"Statistics, AWS, TensorFlow, CSS, Kubernetes, Teamwork, Communication, Machine Learning","We are looking for a DevOps Engineer with expertise in Statistics, AWS, TensorFlow, CSS, Kubernetes, Teamwork, Communication, Machine Learning. Responsibilities include developing solutions, analyzing data, collaborating across teams, and implementing modern AI or software practices."
UI/UX Designer,"NLP, Kubernetes, AWS, Azure, Flask, Communication, HTML, SQL","We are looking for a UI/UX Designer with expertise in NLP, Kubernetes, AWS, Azure, Flask, Communication, HTML, SQL. Responsibilities include developing solutions, analyzing data, collaborating across teams, and implementing modern AI or software practices."
Business Analyst,"Statistics, Kubernetes, Cloud, CSS, Problem Solving, Communication, Leadership, NLP","We are looking for a Business Analyst with expertise in Statistics, Kubernetes, Cloud, CSS, Problem Solving, Communication, Leadership, NLP. Responsibilities include developing solutions, analyzing data, collaborating across teams, and implementing modern AI or software practices."
NLP Engineer,"Leadership, Docker, Flask, Problem Solving, Deep Learning, Data Analysis, SQL","We are looking for a NLP Engineer with expertise in Leadership, Docker, Flask, Problem Solving, Deep Learning, Data Analysis, SQL. Responsibilities include developing solutions, analyzing data, collaborating across teams, and implementing modern AI or software practices."
Cybersecurity Specialist,"Azure, Cloud, Docker, NLP, Flask, HTML, Communication, SQL, React","We are looking for a Cybersecurity Specialist with expertise in Azure, Cloud, Docker, NLP, Flask, HTML, Communication, SQL, React. Responsibilities include developing solutions, analyzing data, collaborating across teams, and implementing modern AI or software practices."
Data Analyst,"Docker, Azure, Communication, Machine Learning, HTML, CSS, Statistics, Kubernetes, TensorFlow","We are looking for a Data Analyst with expertise in Docker, Azure, Communication, Machine Learning, HTML, CSS, Statistics, Kubernetes, TensorFlow. Responsibilities include developing solutions, analyzing data, collaborating across teams, and implementing modern AI or software practices."
HR Specialist,"Azure, Problem Solving, TensorFlow, Leadership, Communication, Docker, Kubernetes, Python, Data Analysis","We are looking for a HR Specialist with expertise in Azure, Problem Solving, TensorFlow, Leadership, Communication, Docker, Kubernetes, Python, Data Analysis. Responsibilities include developing solutions, analyzing data, collaborating across teams, and implementing modern AI or software practices."
AI Engineer,"Kubernetes, Cloud, HTML, NLP, Java, Azure","We are looking for a AI Engineer with expertise in Kubernetes, Cloud, HTML, NLP, Java, Azure. Responsibilities include developing solutions, analyzing data, collaborating across teams, and implementing modern AI or software practices."
Machine Learning Engineer,"NLP, AWS, React, Kubernetes, Communication, Deep Learning, SQL, Docker, Problem Solving","We are looking for a Machine Learning Engineer with expertise in NLP, AWS, React, Kubernetes, Communication, Deep Learning, SQL, Docker, Problem Solving. Responsibilities include developing solutions, analyzing data, collaborating across teams, and implementing modern AI or software practices."
Web Developer,"Kubernetes, Problem Solving, Machine Learning, Docker, Cloud, Teamwork, Flask, Leadership","We are looking for a Web Developer with expertise in Kubernetes, Problem Solving, Machine Learning, Docker, Cloud, Teamwork, Flask, Leadership. Responsibilities include developing solutions, analyzing data, collaborating across teams, and implementing modern AI or software practices."
Software Engineer,"Deep Learning, NLP, Leadership, Docker, HTML, Teamwork","We are looking for a Software Engineer with expertise in Deep Learning, NLP, Leadership, Docker, HTML, Teamwork. Responsibilities include developing solutions, analyzing data, collaborating across teams, and implementing modern AI or software practices."
Python Developer,"AWS, Deep Learning, Leadership, Data Analysis, Machine Learning, SQL","We are looking for a Python Developer with expertise in AWS, Deep Learning, Leadership, Data Analysis, Machine Learning, SQL. Responsibilities include developing solutions, analyzing data, collaborating across teams, and implementing modern AI or software practices."
Data Scientist,"Python, Leadership, Java, React, Statistics, Cloud, Azure","We are looking for a Data Scientist with expertise in Python, Leadership, Java, React, Statistics, Cloud, Azure. Responsibilities include developing solutions, analyzing data, collaborating across teams, and implementing modern AI or software practices."
Cloud Engineer,"Statistics, Docker, AWS, Cloud, Problem Solving","We are looking for a Cloud Engineer with expertise in Statistics, Docker, AWS, Cloud, Problem Solving. Responsibilities include developing solutions, analyzing data, collaborating across teams, and implementing modern AI or software practices."
HR Recruiter,"Cloud, React, AWS, SQL, Communication","We are looking for a HR Recruiter with expertise in Cloud, React, AWS, SQL, Communication. Responsibilities include developing solutions, analyzing data, collaborating across teams, and implementing modern AI or software practices."
DevOps Engineer,"Statistics, TensorFlow, Azure, Docker, Python, AWS, Deep Learning, HTML","We are looking for a DevOps Engineer with expertise in Statistics, TensorFlow, Azure, Docker, Python, AWS, Deep Learning, HTML. Responsibilities include developing solutions, analyzing data, collaborating across teams, and implementing modern AI or software practices."
UI/UX Designer,"Statistics, TensorFlow, Flask, Java, Machine Learning","We are looking for a UI/UX Designer with expertise in Statistics, TensorFlow, Flask, Java, Machine Learning. Responsibilities include developing solutions, analyzing data, collaborating across teams, and implementing modern AI or software practices."
Business Analyst,"Communication, Kubernetes, HTML, CSS, TensorFlow, Problem Solving, Cloud","We are looking for a Business Analyst with expertise in Communication, Kubernetes, HTML, CSS, TensorFlow, Problem Solving, Cloud. Responsibilities include developing solutions, analyzing data, collaborating across teams, and implementing modern AI or software practices."
NLP Engineer,"Data Analysis, Problem Solving, Python, Leadership, Kubernetes, Communication, TensorFlow","We are looking for a NLP Engineer with expertise in Data Analysis, Problem Solving, Python, Leadership, Kubernetes, Communication, TensorFlow. Responsibilities include developing solutions, analyzing data, collaborating across teams, and implementing modern AI or software practices."
Cybersecurity Specialist,"Kubernetes, Docker, Teamwork, CSS, TensorFlow, Leadership","We are looking for a Cybersecurity Specialist with expertise in Kubernetes, Docker, Teamwork, CSS, TensorFlow, Leadership. Responsibilities include developing solutions, analyzing data, collaborating across teams, and implementing modern AI or software practices."
Data Analyst,"HTML, Deep Learning, TensorFlow, Docker, SQL, Flask","We are looking for a Data Analyst with expertise in HTML, Deep Learning, TensorFlow, Docker, SQL, Flask. Responsibilities include developing solutions, analyzing data, collaborating across teams, and implementing modern AI or software practices."
HR Specialist,"Python, Communication, Kubernetes, Teamwork, NLP, React, Data Analysis","We are looking for a HR Specialist with expertise in Python, Communication, Kubernetes, Teamwork, NLP, React, Data Analysis. Responsibilities include developing solutions, analyzing data, collaborating across teams, and implementing modern AI or software practices."
AI Engineer,"Teamwork, Leadership, Problem Solving, Docker, Deep Learning, AWS, React","We are looking for a AI Engineer with expertise in Teamwork, Leadership, Problem Solving, Docker, Deep Learning, AWS, React. Responsibilities include developing solutions, analyzing data, collaborating across teams, and implementing modern AI or software practices."
Machine Learning Engineer,"HTML, NLP, CSS, Kubernetes, TensorFlow, Cloud, Docker","We are looking for a Machine Learning Engineer with expertise in HTML, NLP, CSS, Kubernetes, TensorFlow, Cloud, Docker. Responsibilities include developing solutions, analyzing data, collaborating across teams, and implementing modern AI or software practices."
Web Developer,"Kubernetes, Data Analysis, React, Problem Solving, TensorFlow, AWS, Communication","We are looking for a Web Developer with expertise in Kubernetes, Data Analysis, React, Problem Solving, TensorFlow, AWS, Communication. Responsibilities include developing solutions, analyzing data, collaborating across teams, and implementing modern AI or software practices."
Software Engineer,"Communication, Problem Solving, Teamwork, HTML, React, Statistics, SQL","We are looking for a Software Engineer with expertise in Communication, Problem Solving, Teamwork, HTML, React, Statistics, SQL. Responsibilities include developing solutions, analyzing data, collaborating across teams, and implementing modern AI or software practices."
Python Developer,"Kubernetes, Machine Learning, AWS, Data Analysis, NLP, Docker, Java, Teamwork, Azure","We are looking for a Python Developer with expertise in Kubernetes, Machine Learning, AWS, Data Analysis, NLP, Docker, Java, Teamwork, Azure. Responsibilities include developing solutions, analyzing data, collaborating across teams, and implementing modern AI or software practices."
Data Scientist,"Python, Docker, Azure, NLP, Java, Cloud, TensorFlow","We are looking for a Data Scientist with expertise in Python, Docker, Azure, NLP, Java, Cloud, TensorFlow. Responsibilities include developing solutions, analyzing data, collaborating across teams, and implementing modern AI or software practices."
Cloud Engineer,"Java, Kubernetes, Deep Learning, AWS, Machine Learning","We are looking for a Cloud Engineer with expertise in Java, Kubernetes, Deep Learning, AWS, Machine Learning. Responsibilities include developing solutions, analyzing data, collaborating across teams, and implementing modern AI or software practices."
HR Recruiter,"CSS, Problem Solving, Java, Azure, Kubernetes, Deep Learning, HTML, Statistics","We are looking for a HR Recruiter with expertise in CSS, Problem Solving, Java, Azure, Kubernetes, Deep Learning, HTML, Statistics. Responsibilities include developing solutions, analyzing data, collaborating across teams, and implementing modern AI or software practices."
DevOps Engineer,"CSS, SQL, Flask, Cloud, Java, Kubernetes, Azure, Problem Solving, Communication","We are looking for a DevOps Engineer with expertise in CSS, SQL, Flask, Cloud, Java, Kubernetes, Azure, Problem Solving, Communication. Responsibilities include developing solutions, analyzing data, collaborating across teams, and implementing modern AI or software practices."
UI/UX Designer,"SQL, Kubernetes, AWS, Problem Solving, Java, CSS, Python, Azure","We are looking for a UI/UX Designer with expertise in SQL, Kubernetes, AWS, Problem Solving, Java, CSS, Python, Azure. Responsibilities include developing solutions, analyzing data, collaborating across teams, and implementing modern AI or software practices."
Business Analyst,"Java, Problem Solving, Data Analysis, NLP, Statistics, Docker, Communication, Kubernetes","We are looking for a Business Analyst with expertise in Java, Problem Solving, Data Analysis, NLP, Statistics, Docker, Communication, Kubernetes. Responsibilities include developing solutions, analyzing data, collaborating across teams, and implementing modern AI or software practices."
NLP Engineer,"Docker, Problem Solving, AWS, Statistics, CSS, Java","We are looking for a NLP Engineer with expertise in Docker, Problem Solving, AWS, Statistics, CSS, Java. Responsibilities include developing solutions, analyzing data, collaborating across teams, and implementing modern AI or software practices."
Cybersecurity Specialist,"Leadership, Cloud, Data Analysis, Problem Solving, Flask, Docker","We are looking for a Cybersecurity Specialist with expertise in Leadership, Cloud, Data Analysis, Problem Solving, Flask, Docker. Responsibilities include developing solutions, analyzing data, collaborating across teams, and implementing modern AI or software practices."
Data Analyst,"Azure, Teamwork, Data Analysis, Leadership, Statistics, CSS, Flask, Machine Learning","We are looking for a Data Analyst with expertise in Azure, Teamwork, Data Analysis, Leadership, Statistics, CSS, Flask, Machine Learning. Responsibilities include developing solutions, analyzing data, collaborating across teams, and implementing modern AI or software practices."
HR Specialist,"React, Cloud, Python, CSS, Teamwork, NLP, Machine Learning","We are looking for a HR Specialist with expertise in React, Cloud, Python, CSS, Teamwork, NLP, Machine Learning. Responsibilities include developing solutions, analyzing data, collaborating across teams, and implementing modern AI or software practices."
AI Engineer,"Communication, Java, Flask, Python, Cloud, Teamwork, SQL, Statistics, Azure","We are looking for a AI Engineer with expertise in Communication, Java, Flask, Python, Cloud, Teamwork, SQL, Statistics, Azure. Responsibilities include developing solutions, analyzing data, collaborating across teams, and implementing modern AI or software practices."
Machine Learning Engineer,"Statistics, Docker, HTML, SQL, Java, Kubernetes, AWS","We are looking for a Machine Learning Engineer with expertise in Statistics, Docker, HTML, SQL, Java, Kubernetes, AWS. Responsibilities include developing solutions, analyzing data, collaborating across teams, and implementing modern AI or software practices."
Web Developer,"Cloud, NLP, React, Machine Learning, SQL, Statistics","We are looking for a Web Developer with expertise in Cloud, NLP, React, Machine Learning, SQL, Statistics. Responsibilities include developing solutions, analyzing data, collaborating across teams, and implementing modern AI or software practices."
Software Engineer,"AWS, HTML, Azure, React, Kubernetes, Teamwork, Java","We are looking for a Software Engineer with expertise in AWS, HTML, Azure, React, Kubernetes, Teamwork, Java. Responsibilities include developing solutions, analyzing data, collaborating across teams, and implementing modern AI or software practices."
Python Developer,"Deep Learning, Cloud, Leadership, Machine Learning, HTML, Kubernetes, Docker","We are looking for a Python Developer with expertise in Deep Learning, Cloud, Leadership, Machine Learning, HTML, Kubernetes, Docker. Responsibilities include developing solutions, analyzing data, collaborating across teams, and implementing modern AI or software practices."
Data Scientist,"Statistics, Python, React, Leadership, Problem Solving, NLP","We are looking for a Data Scientist with expertise in Statistics, Python, React, Leadership, Problem Solving, NLP. Responsibilities include developing solutions, analyzing data, collaborating across teams, and implementing modern AI or software practices."
Cloud Engineer,"Kubernetes, Java, Flask, Docker, Cloud, CSS, Python","We are looking for a Cloud Engineer with expertise in Kubernetes, Java, Flask, Docker, Cloud, CSS, Python. Responsibilities include developing solutions, analyzing data, collaborating across teams, and implementing modern AI or software practices."
HR Recruiter,"AWS, Problem Solving, Machine Learning, Deep Learning, Docker, TensorFlow","We are looking for a HR Recruiter with expertise in AWS, Problem Solving, Machine Learning, Deep Learning, Docker, TensorFlow. Responsibilities include developing solutions, analyzing data, collaborating across teams, and implementing modern AI or software practices."
DevOps Engineer,"React, Docker, NLP, Statistics, Kubernetes","We are looking for a DevOps Engineer with expertise in React, Docker, NLP, Statistics, Kubernetes. Responsibilities include developing solutions, analyzing data, collaborating across teams, and implementing modern AI or software practices."
UI/UX Designer,"Python, Teamwork, AWS, Azure, Cloud","We are looking for a UI/UX Designer with expertise in Python, Teamwork, AWS, Azure, Cloud. Responsibilities include developing solutions, analyzing data, collaborating across teams, and implementing modern AI or software practices."
Business Analyst,"Docker, SQL, Teamwork, Data Analysis, HTML","We are looking for a Business Analyst with expertise in Docker, SQL, Teamwork, Data Analysis, HTML. Responsibilities include developing solutions, analyzing data, collaborating across teams, and implementing modern AI or software practices."
NLP Engineer,"CSS, Docker, SQL, Problem Solving, React, Flask, Communication, Java","We are looking for a NLP Engineer with expertise in CSS, Docker, SQL, Problem Solving, React, Flask, Communication, Java. Responsibilities include developing solutions, analyzing data, collaborating across teams, and implementing modern AI or software practices."
Cybersecurity Specialist,"Problem Solving, SQL, Java, AWS, HTML, Teamwork, Python, Kubernetes","We are looking for a Cybersecurity Specialist with expertise in Problem Solving, SQL, Java, AWS, HTML, Teamwork, Python, Kubernetes. Responsibilities include developing solutions, analyzing data, collaborating across teams, and implementing modern AI or software practices."
Data Analyst,"Problem Solving, CSS, Cloud, Flask, Communication","We are looking for a Data Analyst with expertise in Problem Solving, CSS, Cloud, Flask, Communication. Responsibilities include developing solutions, analyzing data, collaborating across teams, and implementing modern AI or software practices."
HR Specialist,"Leadership, Machine Learning, Data Analysis, SQL, Docker, HTML, Kubernetes, AWS","We are looking for a HR Specialist with expertise in Leadership, Machine Learning, Data Analysis, SQL, Docker, HTML, Kubernetes, AWS. Responsibilities include developing solutions, analyzing data, collaborating across teams, and implementing modern AI or software practices."
AI Engineer,"Deep Learning, Python, Java, HTML, Azure, Statistics, Kubernetes","We are looking for a AI Engineer with expertise in Deep Learning, Python, Java, HTML, Azure, Statistics, Kubernetes. Responsibilities include developing solutions, analyzing data, collaborating across teams, and implementing modern AI or software practices."
Machine Learning Engineer,"SQL, Data Analysis, React, Docker, Problem Solving, Java, AWS, Python","We are looking for a Machine Learning Engineer with expertise in SQL, Data Analysis, React, Docker, Problem Solving, Java, AWS, Python. Responsibilities include developing solutions, analyzing data, collaborating across teams, and implementing modern AI or software practices."
Web Developer,"Data Analysis, Flask, SQL, Kubernetes, Leadership","We are looking for a Web Developer with expertise in Data Analysis, Flask, SQL, Kubernetes, Leadership. Responsibilities include developing solutions, analyzing data, collaborating across teams, and implementing modern AI or software practices."
Software Engineer,"AWS, Cloud, React, CSS, Communication, Leadership","We are looking for a Software Engineer with expertise in AWS, Cloud, React, CSS, Communication, Leadership. Responsibilities include developing solutions, analyzing data, collaborating across teams, and implementing modern AI or software practices."
Python Developer,"Kubernetes, HTML, NLP, Problem Solving, Communication","We are looking for a Python Developer with expertise in Kubernetes, HTML, NLP, Problem Solving, Communication. Responsibilities include developing solutions, analyzing data, collaborating across teams, and implementing modern AI or software practices."
Data Scientist,"Cloud, Leadership, SQL, Statistics, Data Analysis, Kubernetes, Machine Learning, Problem Solving","We are looking for a Data Scientist with expertise in Cloud, Leadership, SQL, Statistics, Data Analysis, Kubernetes, Machine Learning, Problem Solving. Responsibilities include developing solutions, analyzing data, collaborating across teams, and implementing modern AI or software practices."
Cloud Engineer,"HTML, Docker, Communication, Azure, NLP, SQL, Flask","We are looking for a Cloud Engineer with expertise in HTML, Docker, Communication, Azure, NLP, SQL, Flask. Responsibilities include developing solutions, analyzing data, collaborating across teams, and implementing modern AI or software practices."
HR Recruiter,"React, Communication, SQL, NLP, Machine Learning, Azure","We are looking for a HR Recruiter with expertise in React, Communication, SQL, NLP, Machine Learning, Azure. Responsibilities include developing solutions, analyzing data, collaborating across teams, and implementing modern AI or software practices."
DevOps Engineer,"Cloud, Communication, TensorFlow, Kubernetes, Deep Learning, NLP, Data Analysis, Statistics, Teamwork","We are looking for a DevOps Engineer with expertise in Cloud, Communication, TensorFlow, Kubernetes, Deep Learning, NLP, Data Analysis, Statistics, Teamwork. Responsibilities include developing solutions, analyzing data, collaborating across teams, and implementing modern AI or software practices."
UI/UX Designer,"Teamwork, Docker, Statistics, Kubernetes, Python, TensorFlow","We are looking for a UI/UX Designer with expertise in Teamwork, Docker, Statistics, Kubernetes, Python, TensorFlow. Responsibilities include developing solutions, analyzing data, collaborating across teams, and implementing modern AI or software practices."
Business Analyst,"React, HTML, Azure, Cloud, CSS, Data Analysis, Machine Learning, Deep Learning","We are looking for a Business Analyst with expertise in React, HTML, Azure, Cloud, CSS, Data Analysis, Machine Learning, Deep Learning. Responsibilities include developing solutions, analyzing data, collaborating across teams, and implementing modern AI or software practices."
NLP Engineer,"AWS, TensorFlow, Kubernetes, Data Analysis, Leadership, Teamwork, Cloud, Deep Learning","We are looking for a NLP Engineer with expertise in AWS, TensorFlow, Kubernetes, Data Analysis, Leadership, Teamwork, Cloud, Deep Learning. Responsibilities include developing solutions, analyzing data, collaborating across teams, and implementing modern AI or software practices."
Cybersecurity Specialist,"NLP, Problem Solving, Machine Learning, AWS, Communication, Data Analysis, Leadership, Flask","We are looking for a Cybersecurity Specialist with expertise in NLP, Problem Solving, Machine Learning, AWS, Communication, Data Analysis, Leadership, Flask. Responsibilities include developing solutions, analyzing data, collaborating across teams, and implementing modern AI or software practices."
Data Analyst,"Machine Learning, Leadership, Flask, Statistics, Problem Solving, Data Analysis, NLP, Cloud, React","We are looking for a Data Analyst with expertise in Machine Learning, Leadership, Flask, Statistics, Problem Solving, Data Analysis, NLP, Cloud, React. Responsibilities include developing solutions, analyzing data, collaborating across teams, and implementing modern AI or software practices."
HR Specialist,"React, Statistics, Leadership, Problem Solving, CSS","We are looking for a HR Specialist with expertise in React, Statistics, Leadership, Problem Solving, CSS. Responsibilities include developing solutions, analyzing data, collaborating across teams, and implementing modern AI or software practices."
AI Engineer,"Cloud, Problem Solving, AWS, Flask, Leadership","We are looking for a AI Engineer with expertise in Cloud, Problem Solving, AWS, Flask, Leadership. Responsibilities include developing solutions, analyzing data, collaborating across teams, and implementing modern AI or software practices."
Machine Learning Engineer,"TensorFlow, Python, Leadership, Kubernetes, NLP, Machine Learning, Cloud, CSS, Azure","We are looking for a Machine Learning Engineer with expertise in TensorFlow, Python, Leadership, Kubernetes, NLP, Machine Learning, Cloud, CSS, Azure. Responsibilities include developing solutions, analyzing data, collaborating across teams, and implementing modern AI or software practices."
Web Developer,"Cloud, Docker, Azure, Deep Learning, AWS, Java, Python, Kubernetes, CSS","We are looking for a Web Developer with expertise in Cloud, Docker, Azure, Deep Learning, AWS, Java, Python, Kubernetes, CSS. Responsibilities include developing solutions, analyzing data, collaborating across teams, and implementing modern AI or software practices."
Software Engineer,"Java, React, Kubernetes, AWS, Flask, Azure, CSS, Problem Solving","We are looking for a Software Engineer with expertise in Java, React, Kubernetes, AWS, Flask, Azure, CSS, Problem Solving. Responsibilities include developing solutions, analyzing data, collaborating across teams, and implementing modern AI or software practices."
Python Developer,"Statistics, React, Flask, Data Analysis, Teamwork, Deep Learning","We are looking for a Python Developer with expertise in Statistics, React, Flask, Data Analysis, Teamwork, Deep Learning. Responsibilities include developing solutions, analyzing data, collaborating across teams, and implementing modern AI or software practices."
Data Scientist,"Deep Learning, Data Analysis, Flask, Teamwork, Java, NLP","We are looking for a Data Scientist with expertise in Deep Learning, Data Analysis, Flask, Teamwork, Java, NLP. Responsibilities include developing solutions, analyzing data, collaborating across teams, and implementing modern AI or software practices."
Cloud Engineer,"Data Analysis, Statistics, React, Communication, Flask, CSS, Python, TensorFlow, Cloud","We are looking for a Cloud Engineer with expertise in Data Analysis, Statistics, React, Communication, Flask, CSS, Python, TensorFlow, Cloud. Responsibilities include developing solutions, analyzing data, collaborating across teams, and implementing modern AI or software practices."
HR Recruiter,"SQL, Problem Solving, Leadership, Machine Learning, Python, Azure, HTML","We are looking for a HR Recruiter with expertise in SQL, Problem Solving, Leadership, Machine Learning, Python, Azure, HTML. Responsibilities include developing solutions, analyzing data, collaborating across teams, and implementing modern AI or software practices."
DevOps Engineer,"Cloud, Teamwork, Statistics, Python, Docker","We are looking for a DevOps Engineer with expertise in Cloud, Teamwork, Statistics, Python, Docker. Responsibilities include developing solutions, analyzing data, collaborating across teams, and implementing modern AI or software practices."
UI/UX Designer,"HTML, TensorFlow, Kubernetes, Azure, Flask, SQL, Leadership","We are looking for a UI/UX Designer with expertise in HTML, TensorFlow, Kubernetes, Azure, Flask, SQL, Leadership. Responsibilities include developing solutions, analyzing data, collaborating across teams, and implementing modern AI or software practices."
Business Analyst,"SQL, AWS, CSS, Deep Learning, Docker, Machine Learning","We are looking for a Business Analyst with expertise in SQL, AWS, CSS, Deep Learning, Docker, Machine Learning. Responsibilities include developing solutions, analyzing data, collaborating across teams, and implementing modern AI or software practices."
NLP Engineer,"Azure, Statistics, Java, Cloud, TensorFlow, Deep Learning","We are looking for a NLP Engineer with expertise in Azure, Statistics, Java, Cloud, TensorFlow, Deep Learning. Responsibilities include developing solutions, analyzing data, collaborating across teams, and implementing modern AI or software practices."
Cybersecurity Specialist,"Machine Learning, Data Analysis, Communication, Teamwork, Docker, Cloud, Python, TensorFlow, Statistics","We are looking for a Cybersecurity Specialist with expertise in Machine Learning, Data Analysis, Communication, Teamwork, Docker, Cloud, Python, TensorFlow, Statistics. Responsibilities include developing solutions, analyzing data, collaborating across teams, and implementing modern AI or software practices."
Data Analyst,"React, Deep Learning, Data Analysis, TensorFlow, Flask, NLP, Azure, Cloud, Problem Solving","We are looking for a Data Analyst with expertise in React, Deep Learning, Data Analysis, TensorFlow, Flask, NLP, Azure, Cloud, Problem Solving. Responsibilities include developing solutions, analyzing data, collaborating across teams, and implementing modern AI or software practices."
HR Specialist,"Data Analysis, React, AWS, Kubernetes, Python","We are looking for a HR Specialist with expertise in Data Analysis, React, AWS, Kubernetes, Python. Responsibilities include developing solutions, analyzing data, collaborating across teams, and implementing modern AI or software practices."
AI Engineer,"Statistics, CSS, Cloud, Docker, Machine Learning, Java","We are looking for a AI Engineer with expertise in Statistics, CSS, Cloud, Docker, Machine Learning, Java. Responsibilities include developing solutions, analyzing data, collaborating across teams, and implementing modern AI or software practices."
Machine Learning Engineer,"Problem Solving, Python, NLP, HTML, React, Flask, AWS, Docker","We are looking for a Machine Learning Engineer with expertise in Problem Solving, Python, NLP, HTML, React, Flask, AWS, Docker. Responsibilities include developing solutions, analyzing data, collaborating across teams, and implementing modern AI or software practices."
Web Developer,"TensorFlow, HTML, Kubernetes, AWS, NLP, Docker, Data Analysis","We are looking for a Web Developer with expertise in TensorFlow, HTML, Kubernetes, AWS, NLP, Docker, Data Analysis. Responsibilities include developing solutions, analyzing data, collaborating across teams, and implementing modern AI or software practices."
Software Engineer,"Cloud, CSS, React, Leadership, Kubernetes, NLP, Azure","We are looking for a Software Engineer with expertise in Cloud, CSS, React, Leadership, Kubernetes, NLP, Azure. Responsibilities include developing solutions, analyzing data, collaborating across teams, and implementing modern AI or software practices."
Python Developer,"Leadership, Teamwork, TensorFlow, NLP, SQL, Deep Learning","We are looking for a Python Developer with expertise in Leadership, Teamwork, TensorFlow, NLP, SQL, Deep Learning. Responsibilities include developing solutions, analyzing data, collaborating across teams, and implementing modern AI or software practices."
Data Scientist,"Cloud, NLP, Teamwork, Communication, Problem Solving, CSS","We are looking for a Data Scientist with expertise in Cloud, NLP, Teamwork, Communication, Problem Solving, CSS. Responsibilities include developing solutions, analyzing data, collaborating across teams, and implementing modern AI or software practices."
Cloud Engineer,"Docker, CSS, Flask, NLP, SQL, Leadership, React, Python","We are looking for a Cloud Engineer with expertise in Docker, CSS, Flask, NLP, SQL, Leadership, React, Python. Responsibilities include developing solutions, analyzing data, collaborating across teams, and implementing modern AI or software practices."
HR Recruiter,"Docker, Communication, Machine Learning, Flask, Teamwork, Leadership, Statistics, Java, Cloud","We are looking for a HR Recruiter with expertise in Docker, Communication, Machine Learning, Flask, Teamwork, Leadership, Statistics, Java, Cloud. Responsibilities include developing solutions, analyzing data, collaborating across teams, and implementing modern AI or software practices."
DevOps Engineer,"AWS, Statistics, NLP, Kubernetes, Flask, Docker, React, Cloud, CSS","We are looking for a DevOps Engineer with expertise in AWS, Statistics, NLP, Kubernetes, Flask, Docker, React, Cloud, CSS. Responsibilities include developing solutions, analyzing data, collaborating across teams, and implementing modern AI or software practices."
UI/UX Designer,"Machine Learning, TensorFlow, Leadership, Docker, Problem Solving, NLP, Flask, Statistics","We are looking for a UI/UX Designer with expertise in Machine Learning, TensorFlow, Leadership, Docker, Problem Solving, NLP, Flask, Statistics. Responsibilities include developing solutions, analyzing data, collaborating across teams, and implementing modern AI or software practices."
Business Analyst,"SQL, Problem Solving, TensorFlow, Deep Learning, Leadership, Statistics, Python, Kubernetes, AWS","We are looking for a Business Analyst with expertise in SQL, Problem Solving, TensorFlow, Deep Learning, Leadership, Statistics, Python, Kubernetes, AWS. Responsibilities include developing solutions, analyzing data, collaborating across teams, and implementing modern AI or software practices."
NLP Engineer,"SQL, Machine Learning, Azure, CSS, Cloud, React","We are looking for a NLP Engineer with expertise in SQL, Machine Learning, Azure, CSS, Cloud, React. Responsibilities include developing solutions, analyzing data, collaborating across teams, and implementing modern AI or software practices."
Cybersecurity Specialist,"Python, Flask, Machine Learning, CSS, SQL","We are looking for a Cybersecurity Specialist with expertise in Python, Flask, Machine Learning, CSS, SQL. Responsibilities include developing solutions, analyzing data, collaborating across teams, and implementing modern AI or software practices."
Data Analyst,"Communication, Problem Solving, Leadership, Teamwork, SQL, NLP","We are looking for a Data Analyst with expertise in Communication, Problem Solving, Leadership, Teamwork, SQL, NLP. Responsibilities include developing solutions, analyzing data, collaborating across teams, and implementing modern AI or software practices."
HR Specialist,"Java, Cloud, Machine Learning, Teamwork, SQL, CSS","We are looking for a HR Specialist with expertise in Java, Cloud, Machine Learning, Teamwork, SQL, CSS. Responsibilities include developing solutions, analyzing data, collaborating across teams, and implementing modern AI or software practices."
AI Engineer,"NLP, Teamwork, CSS, Java, Machine Learning, HTML, Statistics","We are looking for a AI Engineer with expertise in NLP, Teamwork, CSS, Java, Machine Learning, HTML, Statistics. Responsibilities include developing solutions, analyzing data, collaborating across teams, and implementing modern AI or software practices."
Machine Learning Engineer,"Docker, Deep Learning, Python, Azure, AWS, Communication, Leadership","We are looking for a Machine Learning Engineer with expertise in Docker, Deep Learning, Python, Azure, AWS, Communication, Leadership. Responsibilities include developing solutions, analyzing data, collaborating across teams, and implementing modern AI or software practices."
Web Developer,"Teamwork, Docker, Python, SQL, TensorFlow","We are looking for a Web Developer with expertise in Teamwork, Docker, Python, SQL, TensorFlow. Responsibilities include developing solutions, analyzing data, collaborating across teams, and implementing modern AI or software practices."
Software Engineer,"Machine Learning, Cloud, Deep Learning, Kubernetes, SQL, Teamwork","We are looking for a Software Engineer with expertise in Machine Learning, Cloud, Deep Learning, Kubernetes, SQL, Teamwork. Responsibilities include developing solutions, analyzing data, collaborating across teams, and implementing modern AI or software practices."
Python Developer,"React, AWS, HTML, TensorFlow, Deep Learning, Data Analysis","We are looking for a Python Developer with expertise in React, AWS, HTML, TensorFlow, Deep Learning, Data Analysis. Responsibilities include developing solutions, analyzing data, collaborating across teams, and implementing modern AI or software practices."
Data Scientist,"Cloud, Machine Learning, Java, Data Analysis, SQL, Docker, AWS, Flask","We are looking for a Data Scientist with expertise in Cloud, Machine Learning, Java, Data Analysis, SQL, Docker, AWS, Flask. Responsibilities include developing solutions, analyzing data, collaborating across teams, and implementing modern AI or software practices."
Cloud Engineer,"Python, TensorFlow, Cloud, Azure, Statistics, React, AWS, Flask, HTML","We are looking for a Cloud Engineer with expertise in Python, TensorFlow, Cloud, Azure, Statistics, React, AWS, Flask, HTML. Responsibilities include developing solutions, analyzing data, collaborating across teams, and implementing modern AI or software practices."
HR Recruiter,"Problem Solving, NLP, Machine Learning, TensorFlow, Azure, Docker","We are looking for a HR Recruiter with expertise in Problem Solving, NLP, Machine Learning, TensorFlow, Azure, Docker. Responsibilities include developing solutions, analyzing data, collaborating across teams, and implementing modern AI or software practices."
DevOps Engineer,"Python, Azure, Data Analysis, CSS, Java","We are looking for a DevOps Engineer with expertise in Python, Azure, Data Analysis, CSS, Java. Responsibilities include developing solutions, analyzing data, collaborating across teams, and implementing modern AI or software practices."
UI/UX Designer,"Cloud, Deep Learning, SQL, TensorFlow, Statistics, NLP, Docker","We are looking for a UI/UX Designer with expertise in Cloud, Deep Learning, SQL, TensorFlow, Statistics, NLP, Docker. Responsibilities include developing solutions, analyzing data, collaborating across teams, and implementing modern AI or software practices."
Business Analyst,"Teamwork, Leadership, HTML, Problem Solving, Statistics, Data Analysis","We are looking for a Business Analyst with expertise in Teamwork, Leadership, HTML, Problem Solving, Statistics, Data Analysis. Responsibilities include developing solutions, analyzing data, collaborating across teams, and implementing modern AI or software practices."
NLP Engineer,"Flask, Communication, SQL, Data Analysis, React, Python, Problem Solving, Teamwork","We are looking for a NLP Engineer with expertise in Flask, Communication, SQL, Data Analysis, React, Python, Problem Solving, Teamwork. Responsibilities include developing solutions, analyzing data, collaborating across teams, and implementing modern AI or software practices."
Cybersecurity Specialist,"HTML, Problem Solving, Communication, Flask, TensorFlow","We are looking for a Cybersecurity Specialist with expertise in HTML, Problem Solving, Communication, Flask, TensorFlow. Responsibilities include developing solutions, analyzing data, collaborating across teams, and implementing modern AI or software practices."
Data Analyst,"Teamwork, Data Analysis, TensorFlow, Leadership, HTML, Java, AWS","We are looking for a Data Analyst with expertise in Teamwork, Data Analysis, TensorFlow, Leadership, HTML, Java, AWS. Responsibilities include developing solutions, analyzing data, collaborating across teams, and implementing modern AI or software practices."
HR Specialist,"Azure, Statistics, Deep Learning, Data Analysis, Docker, Communication, Flask, NLP, HTML","We are looking for a HR Specialist with expertise in Azure, Statistics, Deep Learning, Data Analysis, Docker, Communication, Flask, NLP, HTML. Responsibilities include developing solutions, analyzing data, collaborating across teams, and implementing modern AI or software practices."
AI Engineer,"Cloud, AWS, Leadership, Python, React, Problem Solving","We are looking for a AI Engineer with expertise in Cloud, AWS, Leadership, Python, React, Problem Solving. Responsibilities include developing solutions, analyzing data, collaborating across teams, and implementing modern AI or software practices."
Machine Learning Engineer,"Python, Data Analysis, Communication, CSS, React, Deep Learning, Statistics, Teamwork, TensorFlow","We are looking for a Machine Learning Engineer with expertise in Python, Data Analysis, Communication, CSS, React, Deep Learning, Statistics, Teamwork, TensorFlow. Responsibilities include developing solutions, analyzing data, collaborating across teams, and implementing modern AI or software practices."
Web Developer,"NLP, Kubernetes, AWS, HTML, Deep Learning, Flask, Leadership","We are looking for a Web Developer with expertise in NLP, Kubernetes, AWS, HTML, Deep Learning, Flask, Leadership. Responsibilities include developing solutions, analyzing data, collaborating across teams, and implementing modern AI or software practices."
Software Engineer,"Azure, Machine Learning, TensorFlow, NLP, Data Analysis, Leadership, React, Teamwork","We are looking for a Software Engineer with expertise in Azure, Machine Learning, TensorFlow, NLP, Data Analysis, Leadership, React, Teamwork. Responsibilities include developing solutions, analyzing data, collaborating across teams, and implementing modern AI or software practices."
Python Developer,"Deep Learning, SQL, Data Analysis, Python, AWS, Flask","We are looking for a Python Developer with expertise in Deep Learning, SQL, Data Analysis, Python, AWS, Flask. Responsibilities include developing solutions, analyzing data, collaborating across teams, and implementing modern AI or software practices."
Data Scientist,"Machine Learning, Flask, React, HTML, Data Analysis, Statistics, Java, Communication, Kubernetes","We are looking for a Data Scientist with expertise in Machine Learning, Flask, React, HTML, Data Analysis, Statistics, Java, Communication, Kubernetes. Responsibilities include developing solutions, analyzing data, collaborating across teams, and implementing modern AI or software practices."
Cloud Engineer,"Cloud, NLP, Statistics, Docker, CSS, Azure, Java","We are looking for a Cloud Engineer with expertise in Cloud, NLP, Statistics, Docker, CSS, Azure, Java. Responsibilities include developing solutions, analyzing data, collaborating across teams, and implementing modern AI or software practices."
HR Recruiter,"React, Java, Deep Learning, Leadership, Flask, SQL, NLP, HTML","We are looking for a HR Recruiter with expertise in React, Java, Deep Learning, Leadership, Flask, SQL, NLP, HTML. Responsibilities include developing solutions, analyzing data, collaborating across teams, and implementing modern AI or software practices."
DevOps Engineer,"Azure, Problem Solving, Docker, Deep Learning, Teamwork, Leadership, Data Analysis, Flask","We are looking for a DevOps Engineer with expertise in Azure, Problem Solving, Docker, Deep Learning, Teamwork, Leadership, Data Analysis, Flask. Responsibilities include developing solutions, analyzing data, collaborating across teams, and implementing modern AI or software practices."
UI/UX Designer,"Problem Solving, Teamwork, Java, HTML, Docker, Azure, CSS, Machine Learning, Deep Learning","We are looking for a UI/UX Designer with expertise in Problem Solving, Teamwork, Java, HTML, Docker, Azure, CSS, Machine Learning, Deep Learning. Responsibilities include developing solutions, analyzing data, collaborating across teams, and implementing modern AI or software practices."
Business Analyst,"Data Analysis, React, AWS, Problem Solving, Deep Learning, Machine Learning, Teamwork, NLP","We are looking for a Business Analyst with expertise in Data Analysis, React, AWS, Problem Solving, Deep Learning, Machine Learning, Teamwork, NLP. Responsibilities include developing solutions, analyzing data, collaborating across teams, and implementing modern AI or software practices."
NLP Engineer,"SQL, Statistics, Communication, NLP, Cloud, HTML, React, Docker, Kubernetes","We are looking for a NLP Engineer with expertise in SQL, Statistics, Communication, NLP, Cloud, HTML, React, Docker, Kubernetes. Responsibilities include developing solutions, analyzing data, collaborating across teams, and implementing modern AI or software practices."
Cybersecurity Specialist,"NLP, HTML, Docker, Data Analysis, Flask, Azure, Machine Learning, TensorFlow","We are looking for a Cybersecurity Specialist with expertise in NLP, HTML, Docker, Data Analysis, Flask, Azure, Machine Learning, TensorFlow. Responsibilities include developing solutions, analyzing data, collaborating across teams, and implementing modern AI or software practices."
Data Analyst,"Teamwork, AWS, Flask, React, Leadership, Cloud, SQL","We are looking for a Data Analyst with expertise in Teamwork, AWS, Flask, React, Leadership, Cloud, SQL. Responsibilities include developing solutions, analyzing data, collaborating across teams, and implementing modern AI or software practices."
HR Specialist,"NLP, Flask, Data Analysis, Communication, Azure, AWS, Leadership","We are looking for a HR Specialist with expertise in NLP, Flask, Data Analysis, Communication, Azure, AWS, Leadership. Responsibilities include developing solutions, analyzing data, collaborating across teams, and implementing modern AI or software practices."
AI Engineer,"Data Analysis, Statistics, SQL, Problem Solving, Cloud, Python","We are looking for a AI Engineer with expertise in Data Analysis, Statistics, SQL, Problem Solving, Cloud, Python. Responsibilities include developing solutions, analyzing data, collaborating across teams, and implementing modern AI or software practices."
Machine Learning Engineer,"Azure, Teamwork, TensorFlow, Deep Learning, Communication, AWS, Machine Learning, NLP","We are looking for a Machine Learning Engineer with expertise in Azure, Teamwork, TensorFlow, Deep Learning, Communication, AWS, Machine Learning, NLP. Responsibilities include developing solutions, analyzing data, collaborating across teams, and implementing modern AI or software practices."
Web Developer,"Machine Learning, AWS, Data Analysis, Java, Communication, Deep Learning","We are looking for a Web Developer with expertise in Machine Learning, AWS, Data Analysis, Java, Communication, Deep Learning. Responsibilities include developing solutions, analyzing data, collaborating across teams, and implementing modern AI or software practices."
Software Engineer,"React, Deep Learning, Python, Statistics, Flask, Machine Learning, Data Analysis, TensorFlow, Kubernetes","We are looking for a Software Engineer with expertise in React, Deep Learning, Python, Statistics, Flask, Machine Learning, Data Analysis, TensorFlow, Kubernetes. Responsibilities include developing solutions, analyzing data, collaborating across teams, and implementing modern AI or software practices."
Python Developer,"Data Analysis, Problem Solving, Machine Learning, Statistics, AWS, TensorFlow","We are looking for a Python Developer with expertise in Data Analysis, Problem Solving, Machine Learning, Statistics, AWS, TensorFlow. Responsibilities include developing solutions, analyzing data, collaborating across teams, and implementing modern AI or software practices."
Data Scientist,"HTML, CSS, TensorFlow, Machine Learning, Docker, SQL, Deep Learning, Communication, AWS","We are looking for a Data Scientist with expertise in HTML, CSS, TensorFlow, Machine Learning, Docker, SQL, Deep Learning, Communication, AWS. Responsibilities include developing solutions, analyzing data, collaborating across teams, and implementing modern AI or software practices."
Cloud Engineer,"React, SQL, Statistics, Python, Problem Solving","We are looking for a Cloud Engineer with expertise in React, SQL, Statistics, Python, Problem Solving. Responsibilities include developing solutions, analyzing data, collaborating across teams, and implementing modern AI or software practices."
HR Recruiter,"Flask, AWS, Statistics, Problem Solving, Communication, Python, Data Analysis, React, Deep Learning","We are looking for a HR Recruiter with expertise in Flask, AWS, Statistics, Problem Solving, Communication, Python, Data Analysis, React, Deep Learning. Responsibilities include developing solutions, analyzing data, collaborating across teams, and implementing modern AI or software practices."
DevOps Engineer,"Cloud, Python, HTML, Teamwork, Deep Learning, Docker, Flask, SQL, Leadership","We are looking for a DevOps Engineer with expertise in Cloud, Python, HTML, Teamwork, Deep Learning, Docker, Flask, SQL, Leadership. Responsibilities include developing solutions, analyzing data, collaborating across teams, and implementing modern AI or software practices."
UI/UX Designer,"Statistics, CSS, React, Azure, HTML, TensorFlow, Teamwork, Java, Cloud","We are looking for a UI/UX Designer with expertise in Statistics, CSS, React, Azure, HTML, TensorFlow, Teamwork, Java, Cloud. Responsibilities include developing solutions, analyzing data, collaborating across teams, and implementing modern AI or software practices."
Business Analyst,"Communication, SQL, Data Analysis, Python, Cloud","We are looking for a Business Analyst with expertise in Communication, SQL, Data Analysis, Python, Cloud. Responsibilities include developing solutions, analyzing data, collaborating across teams, and implementing modern AI or software practices."
NLP Engineer,"Kubernetes, Python, Data Analysis, Azure, AWS, Statistics, Cloud, CSS","We are looking for a NLP Engineer with expertise in Kubernetes, Python, Data Analysis, Azure, AWS, Statistics, Cloud, CSS. Responsibilities include developing solutions, analyzing data, collaborating across teams, and implementing modern AI or software practices."
Cybersecurity Specialist,"NLP, React, Docker, Kubernetes, Teamwork, Leadership, Machine Learning, Problem Solving, Statistics","We are looking for a Cybersecurity Specialist with expertise in NLP, React, Docker, Kubernetes, Teamwork, Leadership, Machine Learning, Problem Solving, Statistics. Responsibilities include developing solutions, analyzing data, collaborating across teams, and implementing modern AI or software practices."
Data Analyst,"Statistics, Kubernetes, SQL, Data Analysis, Leadership, Docker","We are looking for a Data Analyst with expertise in Statistics, Kubernetes, SQL, Data Analysis, Leadership, Docker. Responsibilities include developing solutions, analyzing data, collaborating across teams, and implementing modern AI or software practices."
HR Specialist,"AWS, Python, Data Analysis, Java, Statistics, Problem Solving, SQL, Machine Learning, Teamwork","We are looking for a HR Specialist with expertise in AWS, Python, Data Analysis, Java, Statistics, Problem Solving, SQL, Machine Learning, Teamwork. Responsibilities include developing solutions, analyzing data, collaborating across teams, and implementing modern AI or software practices."
AI Engineer,"Statistics, Python, Communication, Java, Azure, CSS, Kubernetes, React, TensorFlow","We are looking for a AI Engineer with expertise in Statistics, Python, Communication, Java, Azure, CSS, Kubernetes, React, TensorFlow. Responsibilities include developing solutions, analyzing data, collaborating across teams, and implementing modern AI or software practices."
Machine Learning Engineer,"Docker, SQL, Communication, NLP, CSS, Statistics, React","We are looking for a Machine Learning Engineer with expertise in Docker, SQL, Communication, NLP, CSS, Statistics, React. Responsibilities include developing solutions, analyzing data, collaborating across teams, and implementing modern AI or software practices."
Web Developer,"Cloud, HTML, NLP, Docker, Azure, Problem Solving, Deep Learning, Data Analysis, Java","We are looking for a Web Developer with expertise in Cloud, HTML, NLP, Docker, Azure, Problem Solving, Deep Learning, Data Analysis, Java. Responsibilities include developing solutions, analyzing data, collaborating across teams, and implementing modern AI or software practices."
Software Engineer,"Machine Learning, Python, Teamwork, HTML, TensorFlow, Azure, SQL, Kubernetes","We are looking for a Software Engineer with expertise in Machine Learning, Python, Teamwork, HTML, TensorFlow, Azure, SQL, Kubernetes. Responsibilities include developing solutions, analyzing data, collaborating across teams, and implementing modern AI or software practices."
Python Developer,"Azure, Docker, SQL, Leadership, Problem Solving","We are looking for a Python Developer with expertise in Azure, Docker, SQL, Leadership, Problem Solving. Responsibilities include developing solutions, analyzing data, collaborating across teams, and implementing modern AI or software practices."
Data Scientist,"Machine Learning, SQL, HTML, Leadership, React","We are looking for a Data Scientist with expertise in Machine Learning, SQL, HTML, Leadership, React. Responsibilities include developing solutions, analyzing data, collaborating across teams, and implementing modern AI or software practices."
Cloud Engineer,"Docker, Machine Learning, CSS, Communication, Cloud, Flask, Java, Problem Solving, Kubernetes","We are looking for a Cloud Engineer with expertise in Docker, Machine Learning, CSS, Communication, Cloud, Flask, Java, Problem Solving, Kubernetes. Responsibilities include developing solutions, analyzing data, collaborating across teams, and implementing modern AI or software practices."
HR Recruiter,"CSS, Data Analysis, NLP, Java, Flask, Leadership","We are looking for a HR Recruiter with expertise in CSS, Data Analysis, NLP, Java, Flask, Leadership. Responsibilities include developing solutions, analyzing data, collaborating across teams, and implementing modern AI or software practices."
DevOps Engineer,"Java, CSS, Communication, Azure, Data Analysis, Deep Learning, AWS, HTML","We are looking for a DevOps Engineer with expertise in Java, CSS, Communication, Azure, Data Analysis, Deep Learning, AWS, HTML. Responsibilities include developing solutions, analyzing data, collaborating across teams, and implementing modern AI or software practices."
UI/UX Designer,"Statistics, NLP, React, Flask, TensorFlow, Python","We are looking for a UI/UX Designer with expertise in Statistics, NLP, React, Flask, TensorFlow, Python. Responsibilities include developing solutions, analyzing data, collaborating across teams, and implementing modern AI or software practices."
Business Analyst,"Problem Solving, Java, Kubernetes, Flask, Statistics, Data Analysis, CSS, Deep Learning, React","We are looking for a Business Analyst with expertise in Problem Solving, Java, Kubernetes, Flask, Statistics, Data Analysis, CSS, Deep Learning, React. Responsibilities include developing solutions, analyzing data, collaborating across teams, and implementing modern AI or software practices."
NLP Engineer,"Cloud, Azure, Flask, Machine Learning, React","We are looking for a NLP Engineer with expertise in Cloud, Azure, Flask, Machine Learning, React. Responsibilities include developing solutions, analyzing data, collaborating across teams, and implementing modern AI or software practices."
Cybersecurity Specialist,"Deep Learning, Communication, Cloud, Azure, Java, Teamwork, React, Kubernetes, Data Analysis","We are looking for a Cybersecurity Specialist with expertise in Deep Learning, Communication, Cloud, Azure, Java, Teamwork, React, Kubernetes, Data Analysis. Responsibilities include developing solutions, analyzing data, collaborating across teams, and implementing modern AI or software practices."
Data Analyst,"CSS, Python, Cloud, AWS, Java, TensorFlow, Deep Learning, HTML","We are looking for a Data Analyst with expertise in CSS, Python, Cloud, AWS, Java, TensorFlow, Deep Learning, HTML. Responsibilities include developing solutions, analyzing data, collaborating across teams, and implementing modern AI or software practices."
HR Specialist,"Teamwork, Data Analysis, Java, Communication, Kubernetes, CSS, Leadership, Flask","We are looking for a HR Specialist with expertise in Teamwork, Data Analysis, Java, Communication, Kubernetes, CSS, Leadership, Flask. Responsibilities include developing solutions, analyzing data, collaborating across teams, and implementing modern AI or software practices."
AI Engineer,"Flask, Leadership, Machine Learning, Problem Solving, AWS, Data Analysis, Deep Learning, HTML","We are looking for a AI Engineer with expertise in Flask, Leadership, Machine Learning, Problem Solving, AWS, Data Analysis, Deep Learning, HTML. Responsibilities include developing solutions, analyzing data, collaborating across teams, and implementing modern AI or software practices."
Machine Learning Engineer,"Teamwork, TensorFlow, CSS, Azure, HTML, AWS","We are looking for a Machine Learning Engineer with expertise in Teamwork, TensorFlow, CSS, Azure, HTML, AWS. Responsibilities include developing solutions, analyzing data, collaborating across teams, and implementing modern AI or software practices."
Web Developer,"Java, TensorFlow, Statistics, Leadership, Flask, CSS, Problem Solving, Communication","We are looking for a Web Developer with expertise in Java, TensorFlow, Statistics, Leadership, Flask, CSS, Problem Solving, Communication. Responsibilities include developing solutions, analyzing data, collaborating across teams, and implementing modern AI or software practices."
Software Engineer,"Communication, React, Azure, Kubernetes, Machine Learning, TensorFlow","We are looking for a Software Engineer with expertise in Communication, React, Azure, Kubernetes, Machine Learning, TensorFlow. Responsibilities include developing solutions, analyzing data, collaborating across teams, and implementing modern AI or software practices."
Python Developer,"SQL, HTML, Statistics, Machine Learning, Communication, React, Java, AWS","We are looking for a Python Developer with expertise in SQL, HTML, Statistics, Machine Learning, Communication, React, Java, AWS. Responsibilities include developing solutions, analyzing data, collaborating across teams, and implementing modern AI or software practices."
Data Scientist,"Deep Learning, Cloud, TensorFlow, Statistics, Machine Learning, Kubernetes, Docker","We are looking for a Data Scientist with expertise in Deep Learning, Cloud, TensorFlow, Statistics, Machine Learning, Kubernetes, Docker. Responsibilities include developing solutions, analyzing data, collaborating across teams, and implementing modern AI or software practices."
Cloud Engineer,"Kubernetes, Statistics, Python, HTML, Cloud, CSS","We are looking for a Cloud Engineer with expertise in Kubernetes, Statistics, Python, HTML, Cloud, CSS. Responsibilities include developing solutions, analyzing data, collaborating across teams, and implementing modern AI or software practices."
HR Recruiter,"Docker, HTML, TensorFlow, React, NLP, Cloud, Flask","We are looking for a HR Recruiter with expertise in Docker, HTML, TensorFlow, React, NLP, Cloud, Flask. Responsibilities include developing solutions, analyzing data, collaborating across teams, and implementing modern AI or software practices."
DevOps Engineer,"TensorFlow, Deep Learning, Azure, HTML, Problem Solving, React, Flask, Kubernetes","We are looking for a DevOps Engineer with expertise in TensorFlow, Deep Learning, Azure, HTML, Problem Solving, React, Flask, Kubernetes. Responsibilities include developing solutions, analyzing data, collaborating across teams, and implementing modern AI or software practices."
UI/UX Designer,"SQL, Python, Problem Solving, CSS, Teamwork, Data Analysis, React, Kubernetes, Deep Learning","We are looking for a UI/UX Designer with expertise in SQL, Python, Problem Solving, CSS, Teamwork, Data Analysis, React, Kubernetes, Deep Learning. Responsibilities include developing solutions, analyzing data, collaborating across teams, and implementing modern AI or software practices."
Business Analyst,"HTML, Machine Learning, Data Analysis, Azure, TensorFlow, NLP, SQL, Docker, Leadership","We are looking for a Business Analyst with expertise in HTML, Machine Learning, Data Analysis, Azure, TensorFlow, NLP, SQL, Docker, Leadership. Responsibilities include developing solutions, analyzing data, collaborating across teams, and implementing modern AI or software practices."
NLP Engineer,"AWS, Azure, Flask, CSS, Java","We are looking for a NLP Engineer with expertise in AWS, Azure, Flask, CSS, Java. Responsibilities include developing solutions, analyzing data, collaborating across teams, and implementing modern AI or software practices."
Cybersecurity Specialist,"Flask, Java, Kubernetes, Machine Learning, Cloud","We are looking for a Cybersecurity Specialist with expertise in Flask, Java, Kubernetes, Machine Learning, Cloud. Responsibilities include developing solutions, analyzing data, collaborating across teams, and implementing modern AI or software practices."
Data Analyst,"Data Analysis, Docker, Deep Learning, Java, Cloud, Machine Learning, SQL, Problem Solving","We are looking for a Data Analyst with expertise in Data Analysis, Docker, Deep Learning, Java, Cloud, Machine Learning, SQL, Problem Solving. Responsibilities include developing solutions, analyzing data, collaborating across teams, and implementing modern AI or software practices."
HR Specialist,"AWS, NLP, CSS, Docker, Teamwork, Azure, Communication","We are looking for a HR Specialist with expertise in AWS, NLP, CSS, Docker, Teamwork, Azure, Communication. Responsibilities include developing solutions, analyzing data, collaborating across teams, and implementing modern AI or software practices."
AI Engineer,"Deep Learning, Azure, Problem Solving, Python, AWS, SQL, Leadership, Docker, Java","We are looking for a AI Engineer with expertise in Deep Learning, Azure, Problem Solving, Python, AWS, SQL, Leadership, Docker, Java. Responsibilities include developing solutions, analyzing data, collaborating across teams, and implementing modern AI or software practices."
Machine Learning Engineer,"Leadership, TensorFlow, Kubernetes, Problem Solving, SQL, Teamwork, HTML","We are looking for a Machine Learning Engineer with expertise in Leadership, TensorFlow, Kubernetes, Problem Solving, SQL, Teamwork, HTML. Responsibilities include developing solutions, analyzing data, collaborating across teams, and implementing modern AI or software practices."
Web Developer,"NLP, TensorFlow, Data Analysis, Statistics, AWS, Kubernetes, Cloud","We are looking for a Web Developer with expertise in NLP, TensorFlow, Data Analysis, Statistics, AWS, Kubernetes, Cloud. Responsibilities include developing solutions, analyzing data, collaborating across teams, and implementing modern AI or software practices."
Software Engineer,"Leadership, Docker, AWS, Python, NLP, Flask, CSS","We are looking for a Software Engineer with expertise in Leadership, Docker, AWS, Python, NLP, Flask, CSS. Responsibilities include developing solutions, analyzing data, collaborating across teams, and implementing modern AI or software practices."
Python Developer,"SQL, HTML, AWS, Problem Solving, Python","We are looking for a Python Developer with expertise in SQL, HTML, AWS, Problem Solving, Python. Responsibilities include developing solutions, analyzing data, collaborating across teams, and implementing modern AI or software practices."
Data Scientist,"Python, Kubernetes, Problem Solving, Docker, Azure","We are looking for a Data Scientist with expertise in Python, Kubernetes, Problem Solving, Docker, Azure. Responsibilities include developing solutions, analyzing data, collaborating across teams, and implementing modern AI or software practices."
Cloud Engineer,"HTML, Kubernetes, CSS, AWS, Cloud, Java, Docker, Problem Solving","We are looking for a Cloud Engineer with expertise in HTML, Kubernetes, CSS, AWS, Cloud, Java, Docker, Problem Solving. Responsibilities include developing solutions, analyzing data, collaborating across teams, and implementing modern AI or software practices."
HR Recruiter,"CSS, Machine Learning, Java, HTML, Flask, Docker, Communication, Data Analysis, Cloud","We are looking for a HR Recruiter with expertise in CSS, Machine Learning, Java, HTML, Flask, Docker, Communication, Data Analysis, Cloud. Responsibilities include developing solutions, analyzing data, collaborating across teams, and implementing modern AI or software practices."
DevOps Engineer,"Statistics, Problem Solving, Docker, Azure, TensorFlow, Data Analysis, Flask, Teamwork, Communication","We are looking for a DevOps Engineer with expertise in Statistics, Problem Solving, Docker, Azure, TensorFlow, Data Analysis, Flask, Teamwork, Communication. Responsibilities include developing solutions, analyzing data, collaborating across teams, and implementing modern AI or software practices."
UI/UX Designer,"Statistics, SQL, HTML, TensorFlow, Communication, NLP, Flask","We are looking for a UI/UX Designer with expertise in Statistics, SQL, HTML, TensorFlow, Communication, NLP, Flask. Responsibilities include developing solutions, analyzing data, collaborating across teams, and implementing modern AI or software practices."
Business Analyst,"Leadership, Kubernetes, Statistics, AWS, HTML, Machine Learning, Java, React","We are looking for a Business Analyst with expertise in Leadership, Kubernetes, Statistics, AWS, HTML, Machine Learning, Java, React. Responsibilities include developing solutions, analyzing data, collaborating across teams, and implementing modern AI or software practices."
NLP Engineer,"Communication, CSS, Leadership, SQL, Teamwork, Azure, Statistics, Cloud, Deep Learning","We are looking for a NLP Engineer with expertise in Communication, CSS, Leadership, SQL, Teamwork, Azure, Statistics, Cloud, Deep Learning. Responsibilities include developing solutions, analyzing data, collaborating across teams, and implementing modern AI or software practices."
Cybersecurity Specialist,"AWS, Leadership, Problem Solving, Statistics, Kubernetes","We are looking for a Cybersecurity Specialist with expertise in AWS, Leadership, Problem Solving, Statistics, Kubernetes. Responsibilities include developing solutions, analyzing data, collaborating across teams, and implementing modern AI or software practices."
Data Analyst,"Cloud, Problem Solving, Statistics, Data Analysis, Teamwork, React","We are looking for a Data Analyst with expertise in Cloud, Problem Solving, Statistics, Data Analysis, Teamwork, React. Responsibilities include developing solutions, analyzing data, collaborating across teams, and implementing modern AI or software practices."
HR Specialist,"Deep Learning, Java, Data Analysis, AWS, React","We are looking for a HR Specialist with expertise in Deep Learning, Java, Data Analysis, AWS, React. Responsibilities include developing solutions, analyzing data, collaborating across teams, and implementing modern AI or software practices."
AI Engineer,"Kubernetes, Leadership, CSS, React, Azure, Statistics","We are looking for a AI Engineer with expertise in Kubernetes, Leadership, CSS, React, Azure, Statistics. Responsibilities include developing solutions, analyzing data, collaborating across teams, and implementing modern AI or software practices."
Machine Learning Engineer,"Problem Solving, NLP, Deep Learning, Machine Learning, Teamwork, TensorFlow, SQL","We are looking for a Machine Learning Engineer with expertise in Problem Solving, NLP, Deep Learning, Machine Learning, Teamwork, TensorFlow, SQL. Responsibilities include developing solutions, analyzing data, collaborating across teams, and implementing modern AI or software practices."
Web Developer,"Statistics, Deep Learning, Data Analysis, React, Python","We are looking for a Web Developer with expertise in Statistics, Deep Learning, Data Analysis, React, Python. Responsibilities include developing solutions, analyzing data, collaborating across teams, and implementing modern AI or software practices."
Software Engineer,"Python, Communication, Kubernetes, HTML, Azure, TensorFlow","We are looking for a Software Engineer with expertise in Python, Communication, Kubernetes, HTML, Azure, TensorFlow. Responsibilities include developing solutions, analyzing data, collaborating across teams, and implementing modern AI or software practices."
Python Developer,"Data Analysis, Azure, Machine Learning, Python, HTML, Teamwork, Java, SQL","We are looking for a Python Developer with expertise in Data Analysis, Azure, Machine Learning, Python, HTML, Teamwork, Java, SQL. Responsibilities include developing solutions, analyzing data, collaborating across teams, and implementing modern AI or software practices."
Data Scientist,"HTML, NLP, Flask, Data Analysis, React","We are looking for a Data Scientist with expertise in HTML, NLP, Flask, Data Analysis, React. Responsibilities include developing solutions, analyzing data, collaborating across teams, and implementing modern AI or software practices."
Cloud Engineer,"Azure, Machine Learning, NLP, Problem Solving, Teamwork, SQL","We are looking for a Cloud Engineer with expertise in Azure, Machine Learning, NLP, Problem Solving, Teamwork, SQL. Responsibilities include developing solutions, analyzing data, collaborating across teams, and implementing modern AI or software practices."
HR Recruiter,"CSS, Azure, Deep Learning, SQL, Cloud","We are looking for a HR Recruiter with expertise in CSS, Azure, Deep Learning, SQL, Cloud. Responsibilities include developing solutions, analyzing data, collaborating across teams, and implementing modern AI or software practices."
DevOps Engineer,"Azure, Flask, SQL, Data Analysis, Leadership, React, TensorFlow, Docker, Statistics","We are looking for a DevOps Engineer with expertise in Azure, Flask, SQL, Data Analysis, Leadership, React, TensorFlow, Docker, Statistics. Responsibilities include developing solutions, analyzing data, collaborating across teams, and implementing modern AI or software practices."
UI/UX Designer,"CSS, Docker, HTML, Leadership, AWS, Communication","We are looking for a UI/UX Designer with expertise in CSS, Docker, HTML, Leadership, AWS, Communication. Responsibilities include developing solutions, analyzing data, collaborating across teams, and implementing modern AI or software practices."
Business Analyst,"Communication, Leadership, Teamwork, CSS, SQL, Data Analysis, TensorFlow, Problem Solving","We are looking for a Business Analyst with expertise in Communication, Leadership, Teamwork, CSS, SQL, Data Analysis, TensorFlow, Problem Solving. Responsibilities include developing solutions, analyzing data, collaborating across teams, and implementing modern AI or software practices."
NLP Engineer,"Machine Learning, Java, Deep Learning, Teamwork, Flask, Leadership, Statistics, Python","We are looking for a NLP Engineer with expertise in Machine Learning, Java, Deep Learning, Teamwork, Flask, Leadership, Statistics, Python. Responsibilities include developing solutions, analyzing data, collaborating across teams, and implementing modern AI or software practices."
Cybersecurity Specialist,"HTML, Deep Learning, Machine Learning, Statistics, Java, TensorFlow, Leadership","We are looking for a Cybersecurity Specialist with expertise in HTML, Deep Learning, Machine Learning, Statistics, Java, TensorFlow, Leadership. Responsibilities include developing solutions, analyzing data, collaborating across teams, and implementing modern AI or software practices."
Data Analyst,"Python, Azure, Leadership, Docker, NLP, Kubernetes","We are looking for a Data Analyst with expertise in Python, Azure, Leadership, Docker, NLP, Kubernetes. Responsibilities include developing solutions, analyzing data, collaborating across teams, and implementing modern AI or software practices."
HR Specialist,"Statistics, Communication, NLP, AWS, React, HTML","We are looking for a HR Specialist with expertise in Statistics, Communication, NLP, AWS, React, HTML. Responsibilities include developing solutions, analyzing data, collaborating across teams, and implementing modern AI or software practices."
AI Engineer,"Python, Flask, TensorFlow, Statistics, Azure, HTML, CSS, Java, SQL","We are looking for a AI Engineer with expertise in Python, Flask, TensorFlow, Statistics, Azure, HTML, CSS, Java, SQL. Responsibilities include developing solutions, analyzing data, collaborating across teams, and implementing modern AI or software practices."
Machine Learning Engineer,"Problem Solving, SQL, Java, Deep Learning, Data Analysis","We are looking for a Machine Learning Engineer with expertise in Problem Solving, SQL, Java, Deep Learning, Data Analysis. Responsibilities include developing solutions, analyzing data, collaborating across teams, and implementing modern AI or software practices."
Web Developer,"Teamwork, SQL, React, Deep Learning, Azure, Problem Solving, Data Analysis, Kubernetes","We are looking for a Web Developer with expertise in Teamwork, SQL, React, Deep Learning, Azure, Problem Solving, Data Analysis, Kubernetes. Responsibilities include developing solutions, analyzing data, collaborating across teams, and implementing modern AI or software practices."
Software Engineer,"Cloud, Kubernetes, CSS, Java, Statistics, Machine Learning, Leadership","We are looking for a Software Engineer with expertise in Cloud, Kubernetes, CSS, Java, Statistics, Machine Learning, Leadership. Responsibilities include developing solutions, analyzing data, collaborating across teams, and implementing modern AI or software practices."
Python Developer,"CSS, AWS, Problem Solving, Deep Learning, Azure, Machine Learning, React, HTML","We are looking for a Python Developer with expertise in CSS, AWS, Problem Solving, Deep Learning, Azure, Machine Learning, React, HTML. Responsibilities include developing solutions, analyzing data, collaborating across teams, and implementing modern AI or software practices."
Data Scientist,"Problem Solving, Kubernetes, Cloud, Leadership, Data Analysis, Machine Learning, Python, React","We are looking for a Data Scientist with expertise in Problem Solving, Kubernetes, Cloud, Leadership, Data Analysis, Machine Learning, Python, React. Responsibilities include developing solutions, analyzing data, collaborating across teams, and implementing modern AI or software practices."
Cloud Engineer,"CSS, Flask, TensorFlow, Python, Problem Solving, Communication","We are looking for a Cloud Engineer with expertise in CSS, Flask, TensorFlow, Python, Problem Solving, Communication. Responsibilities include developing solutions, analyzing data, collaborating across teams, and implementing modern AI or software practices."
HR Recruiter,"Communication, SQL, Machine Learning, Docker, Azure, Leadership, React, Python","We are looking for a HR Recruiter with expertise in Communication, SQL, Machine Learning, Docker, Azure, Leadership, React, Python. Responsibilities include developing solutions, analyzing data, collaborating across teams, and implementing modern AI or software practices."
DevOps Engineer,"Statistics, Docker, Leadership, Java, SQL","We are looking for a DevOps Engineer with expertise in Statistics, Docker, Leadership, Java, SQL. Responsibilities include developing solutions, analyzing data, collaborating across teams, and implementing modern AI or software practices."
UI/UX Designer,"AWS, React, Docker, Cloud, CSS","We are looking for a UI/UX Designer with expertise in AWS, React, Docker, Cloud, CSS. Responsibilities include developing solutions, analyzing data, collaborating across teams, and implementing modern AI or software practices."
Business Analyst,"Machine Learning, HTML, Deep Learning, Statistics, Docker, Azure, Data Analysis, Cloud, Problem Solving","We are looking for a Business Analyst with expertise in Machine Learning, HTML, Deep Learning, Statistics, Docker, Azure, Data Analysis, Cloud, Problem Solving. Responsibilities include developing solutions, analyzing data, collaborating across teams, and implementing modern AI or software practices."
NLP Engineer,"Flask, React, Statistics, Deep Learning, Java, TensorFlow","We are looking for a NLP Engineer with expertise in Flask, React, Statistics, Deep Learning, Java, TensorFlow. Responsibilities include developing solutions, analyzing data, collaborating across teams, and implementing modern AI or software practices."
Cybersecurity Specialist,"Flask, Data Analysis, React, Azure, Kubernetes","We are looking for a Cybersecurity Specialist with expertise in Flask, Data Analysis, React, Azure, Kubernetes. Responsibilities include developing solutions, analyzing data, collaborating across teams, and implementing modern AI or software practices."
Data Analyst,"Python, Flask, Data Analysis, TensorFlow, Kubernetes, Docker, Leadership, Problem Solving, Cloud","We are looking for a Data Analyst with expertise in Python, Flask, Data Analysis, TensorFlow, Kubernetes, Docker, Leadership, Problem Solving, Cloud. Responsibilities include developing solutions, analyzing data, collaborating across teams, and implementing modern AI or software practices."
HR Specialist,"Flask, Java, Problem Solving, Kubernetes, Azure","We are looking for a HR Specialist with expertise in Flask, Java, Problem Solving, Kubernetes, Azure. Responsibilities include developing solutions, analyzing data, collaborating across teams, and implementing modern AI or software practices."
AI Engineer,"NLP, Python, Docker, TensorFlow, Machine Learning, Deep Learning, Statistics","We are looking for a AI Engineer with expertise in NLP, Python, Docker, TensorFlow, Machine Learning, Deep Learning, Statistics. Responsibilities include developing solutions, analyzing data, collaborating across teams, and implementing modern AI or software practices."
Machine Learning Engineer,"Docker, Flask, Communication, Data Analysis, TensorFlow, HTML, NLP, Java, Cloud","We are looking for a Machine Learning Engineer with expertise in Docker, Flask, Communication, Data Analysis, TensorFlow, HTML, NLP, Java, Cloud. Responsibilities include developing solutions, analyzing data, collaborating across teams, and implementing modern AI or software practices."
Web Developer,"SQL, Flask, Azure, Deep Learning, React, Machine Learning, NLP, CSS","We are looking for a Web Developer with expertise in SQL, Flask, Azure, Deep Learning, React, Machine Learning, NLP, CSS. Responsibilities include developing solutions, analyzing data, collaborating across teams, and implementing modern AI or software practices."
Software Engineer,"Statistics, Docker, Azure, Data Analysis, CSS","We are looking for a Software Engineer with expertise in Statistics, Docker, Azure, Data Analysis, CSS. Responsibilities include developing solutions, analyzing data, collaborating across teams, and implementing modern AI or software practices."
Python Developer,"React, Python, Data Analysis, SQL, Azure, Machine Learning, Communication","We are looking for a Python Developer with expertise in React, Python, Data Analysis, SQL, Azure, Machine Learning, Communication. Responsibilities include developing solutions, analyzing data, collaborating across teams, and implementing modern AI or software practices."
Data Scientist,"Java, AWS, Cloud, HTML, Azure","We are looking for a Data Scientist with expertise in Java, AWS, Cloud, HTML, Azure. Responsibilities include developing solutions, analyzing data, collaborating across teams, and implementing modern AI or software practices."
Cloud Engineer,"Data Analysis, Leadership, Communication, TensorFlow, Teamwork, Docker, Kubernetes, SQL","We are looking for a Cloud Engineer with expertise in Data Analysis, Leadership, Communication, TensorFlow, Teamwork, Docker, Kubernetes, SQL. Responsibilities include developing solutions, analyzing data, collaborating across teams, and implementing modern AI or software practices."
HR Recruiter,"TensorFlow, NLP, Deep Learning, Kubernetes, Azure, Statistics","We are looking for a HR Recruiter with expertise in TensorFlow, NLP, Deep Learning, Kubernetes, Azure, Statistics. Responsibilities include developing solutions, analyzing data, collaborating across teams, and implementing modern AI or software practices."
DevOps Engineer,"Leadership, Flask, Machine Learning, NLP, Deep Learning, AWS","We are looking for a DevOps Engineer with expertise in Leadership, Flask, Machine Learning, NLP, Deep Learning, AWS. Responsibilities include developing solutions, analyzing data, collaborating across teams, and implementing modern AI or software practices."
UI/UX Designer,"Azure, Java, Communication, Problem Solving, Statistics, Kubernetes","We are looking for a UI/UX Designer with expertise in Azure, Java, Communication, Problem Solving, Statistics, Kubernetes. Responsibilities include developing solutions, analyzing data, collaborating across teams, and implementing modern AI or software practices."
Business Analyst,"CSS, Docker, Data Analysis, Leadership, NLP, AWS, Deep Learning, Java, Teamwork","We are looking for a Business Analyst with expertise in CSS, Docker, Data Analysis, Leadership, NLP, AWS, Deep Learning, Java, Teamwork. Responsibilities include developing solutions, analyzing data, collaborating across teams, and implementing modern AI or software practices."
NLP Engineer,"CSS, AWS, HTML, Statistics, Kubernetes, SQL, Data Analysis, Problem Solving, Teamwork","We are looking for a NLP Engineer with expertise in CSS, AWS, HTML, Statistics, Kubernetes, SQL, Data Analysis, Problem Solving, Teamwork. Responsibilities include developing solutions, analyzing data, collaborating across teams, and implementing modern AI or software practices."
Cybersecurity Specialist,"CSS, Kubernetes, TensorFlow, Leadership, Azure, Machine Learning, Python, Communication","We are looking for a Cybersecurity Specialist with expertise in CSS, Kubernetes, TensorFlow, Leadership, Azure, Machine Learning, Python, Communication. Responsibilities include developing solutions, analyzing data, collaborating across teams, and implementing modern AI or software practices."
Data Analyst,"AWS, Flask, Leadership, React, Teamwork, NLP","We are looking for a Data Analyst with expertise in AWS, Flask, Leadership, React, Teamwork, NLP. Responsibilities include developing solutions, analyzing data, collaborating across teams, and implementing modern AI or software practices."
HR Specialist,"SQL, Machine Learning, Python, Communication, Kubernetes, Flask, CSS","We are looking for a HR Specialist with expertise in SQL, Machine Learning, Python, Communication, Kubernetes, Flask, CSS. Responsibilities include developing solutions, analyzing data, collaborating across teams, and implementing modern AI or software practices."
AI Engineer,"SQL, Leadership, Problem Solving, Azure, CSS, Kubernetes, Java, Flask","We are looking for a AI Engineer with expertise in SQL, Leadership, Problem Solving, Azure, CSS, Kubernetes, Java, Flask. Responsibilities include developing solutions, analyzing data, collaborating across teams, and implementing modern AI or software practices."
Machine Learning Engineer,"Docker, Teamwork, SQL, React, Python, Leadership, Communication, NLP","We are looking for a Machine Learning Engineer with expertise in Docker, Teamwork, SQL, React, Python, Leadership, Communication, NLP. Responsibilities include developing solutions, analyzing data, collaborating across teams, and implementing modern AI or software practices."
Web Developer,"TensorFlow, Teamwork, Flask, Java, AWS","We are looking for a Web Developer with expertise in TensorFlow, Teamwork, Flask, Java, AWS. Responsibilities include developing solutions, analyzing data, collaborating across teams, and implementing modern AI or software practices."
Software Engineer,"Leadership, Cloud, TensorFlow, Azure, Deep Learning, AWS","We are looking for a Software Engineer with expertise in Leadership, Cloud, TensorFlow, Azure, Deep Learning, AWS. Responsibilities include developing solutions, analyzing data, collaborating across teams, and implementing modern AI or software practices."
Python Developer,"Docker, TensorFlow, Communication, Python, Leadership, Azure, React, AWS","We are looking for a Python Developer with expertise in Docker, TensorFlow, Communication, Python, Leadership, Azure, React, AWS. Responsibilities include developing solutions, analyzing data, collaborating across teams, and implementing modern AI or software practices."
Data Scientist,"Statistics, React, Flask, Deep Learning, Teamwork","We are looking for a Data Scientist with expertise in Statistics, React, Flask, Deep Learning, Teamwork. Responsibilities include developing solutions, analyzing data, collaborating across teams, and implementing modern AI or software practices."
Cloud Engineer,"NLP, Communication, TensorFlow, Problem Solving, HTML, SQL","We are looking for a Cloud Engineer with expertise in NLP, Communication, TensorFlow, Problem Solving, HTML, SQL. Responsibilities include developing solutions, analyzing data, collaborating across teams, and implementing modern AI or software practices."
HR Recruiter,"TensorFlow, Deep Learning, HTML, Cloud, Docker","We are looking for a HR Recruiter with expertise in TensorFlow, Deep Learning, HTML, Cloud, Docker. Responsibilities include developing solutions, analyzing data, collaborating across teams, and implementing modern AI or software practices."
DevOps Engineer,"CSS, Kubernetes, Communication, NLP, AWS, Azure","We are looking for a DevOps Engineer with expertise in CSS, Kubernetes, Communication, NLP, AWS, Azure. Responsibilities include developing solutions, analyzing data, collaborating across teams, and implementing modern AI or software practices."
UI/UX Designer,"Teamwork, React, Machine Learning, Statistics, CSS, Java","We are looking for a UI/UX Designer with expertise in Teamwork, React, Machine Learning, Statistics, CSS, Java. Responsibilities include developing solutions, analyzing data, collaborating across teams, and implementing modern AI or software practices."
Business Analyst,"Machine Learning, Leadership, React, Flask, CSS, HTML, Kubernetes","We are looking for a Business Analyst with expertise in Machine Learning, Leadership, React, Flask, CSS, HTML, Kubernetes. Responsibilities include developing solutions, analyzing data, collaborating across teams, and implementing modern AI or software practices."
NLP Engineer,"SQL, Flask, Cloud, Statistics, React","We are looking for a NLP Engineer with expertise in SQL, Flask, Cloud, Statistics, React. Responsibilities include developing solutions, analyzing data, collaborating across teams, and implementing modern AI or software practices."
Cybersecurity Specialist,"Statistics, Azure, Communication, Teamwork, Data Analysis, TensorFlow, Docker, Machine Learning, Java","We are looking for a Cybersecurity Specialist with expertise in Statistics, Azure, Communication, Teamwork, Data Analysis, TensorFlow, Docker, Machine Learning, Java. Responsibilities include developing solutions, analyzing data, collaborating across teams, and implementing modern AI or software practices."
Data Analyst,"Communication, Statistics, TensorFlow, Azure, Machine Learning, Problem Solving, Cloud, SQL, Docker","We are looking for a Data Analyst with expertise in Communication, Statistics, TensorFlow, Azure, Machine Learning, Problem Solving, Cloud, SQL, Docker. Responsibilities include developing solutions, analyzing data, collaborating across teams, and implementing modern AI or software practices."
HR Specialist,"NLP, Cloud, Python, Problem Solving, Teamwork, Statistics, Flask, Docker","We are looking for a HR Specialist with expertise in NLP, Cloud, Python, Problem Solving, Teamwork, Statistics, Flask, Docker. Responsibilities include developing solutions, analyzing data, collaborating across teams, and implementing modern AI or software practices."
AI Engineer,"Java, Kubernetes, AWS, React, SQL, Statistics, Deep Learning, HTML","We are looking for a AI Engineer with expertise in Java, Kubernetes, AWS, React, SQL, Statistics, Deep Learning, HTML. Responsibilities include developing solutions, analyzing data, collaborating across teams, and implementing modern AI or software practices."
Machine Learning Engineer,"Machine Learning, Data Analysis, Java, Kubernetes, NLP, TensorFlow, React","We are looking for a Machine Learning Engineer with expertise in Machine Learning, Data Analysis, Java, Kubernetes, NLP, TensorFlow, React. Responsibilities include developing solutions, analyzing data, collaborating across teams, and implementing modern AI or software practices."
Web Developer,"TensorFlow, Java, AWS, Data Analysis, Azure, Python, CSS, Teamwork","We are looking for a Web Developer with expertise in TensorFlow, Java, AWS, Data Analysis, Azure, Python, CSS, Teamwork. Responsibilities include developing solutions, analyzing data, collaborating across teams, and implementing modern AI or software practices."
Software Engineer,"Cloud, TensorFlow, Data Analysis, Java, Teamwork, NLP","We are looking for a Software Engineer with expertise in Cloud, TensorFlow, Data Analysis, Java, Teamwork, NLP. Responsibilities include developing solutions, analyzing data, collaborating across teams, and implementing modern AI or software practices."
Python Developer,"Communication, Flask, Deep Learning, Docker, Statistics, Machine Learning","We are looking for a Python Developer with expertise in Communication, Flask, Deep Learning, Docker, Statistics, Machine Learning. Responsibilities include developing solutions, analyzing data, collaborating across teams, and implementing modern AI or software practices."
Data Scientist,"HTML, Python, Kubernetes, AWS, Machine Learning, Azure","We are looking for a Data Scientist with expertise in HTML, Python, Kubernetes, AWS, Machine Learning, Azure. Responsibilities include developing solutions, analyzing data, collaborating across teams, and implementing modern AI or software practices."
Cloud Engineer,"Kubernetes, Python, TensorFlow, Docker, Data Analysis, CSS, React","We are looking for a Cloud Engineer with expertise in Kubernetes, Python, TensorFlow, Docker, Data Analysis, CSS, React. Responsibilities include developing solutions, analyzing data, collaborating across teams, and implementing modern AI or software practices."
HR Recruiter,"Deep Learning, Data Analysis, Cloud, Docker, Leadership, TensorFlow, AWS, CSS","We are looking for a HR Recruiter with expertise in Deep Learning, Data Analysis, Cloud, Docker, Leadership, TensorFlow, AWS, CSS. Responsibilities include developing solutions, analyzing data, collaborating across teams, and implementing modern AI or software practices."
DevOps Engineer,"Leadership, Java, Deep Learning, Azure, Teamwork","We are looking for a DevOps Engineer with expertise in Leadership, Java, Deep Learning, Azure, Teamwork. Responsibilities include developing solutions, analyzing data, collaborating across teams, and implementing modern AI or software practices."
UI/UX Designer,"Teamwork, Kubernetes, Java, AWS, Communication, NLP, Leadership, HTML, Docker","We are looking for a UI/UX Designer with expertise in Teamwork, Kubernetes, Java, AWS, Communication, NLP, Leadership, HTML, Docker. Responsibilities include developing solutions, analyzing data, collaborating across teams, and implementing modern AI or software practices."
Business Analyst,"Leadership, Communication, Flask, Problem Solving, Data Analysis, Deep Learning","We are looking for a Business Analyst with expertise in Leadership, Communication, Flask, Problem Solving, Data Analysis, Deep Learning. Responsibilities include developing solutions, analyzing data, collaborating across teams, and implementing modern AI or software practices."
NLP Engineer,"HTML, Teamwork, Python, Azure, Deep Learning, CSS, SQL, Docker","We are looking for a NLP Engineer with expertise in HTML, Teamwork, Python, Azure, Deep Learning, CSS, SQL, Docker. Responsibilities include developing solutions, analyzing data, collaborating across teams, and implementing modern AI or software practices."
Cybersecurity Specialist,"Data Analysis, Flask, HTML, Deep Learning, Teamwork, TensorFlow, Problem Solving","We are looking for a Cybersecurity Specialist with expertise in Data Analysis, Flask, HTML, Deep Learning, Teamwork, TensorFlow, Problem Solving. Responsibilities include developing solutions, analyzing data, collaborating across teams, and implementing modern AI or software practices."
Data Analyst,"Machine Learning, Python, AWS, Communication, NLP","We are looking for a Data Analyst with expertise in Machine Learning, Python, AWS, Communication, NLP. Responsibilities include developing solutions, analyzing data, collaborating across teams, and implementing modern AI or software practices."
HR Specialist,"Leadership, Problem Solving, Data Analysis, Teamwork, Communication, Java, Machine Learning, SQL","We are looking for a HR Specialist with expertise in Leadership, Problem Solving, Data Analysis, Teamwork, Communication, Java, Machine Learning, SQL. Responsibilities include developing solutions, analyzing data, collaborating across teams, and implementing modern AI or software practices."
AI Engineer,"HTML, Machine Learning, Docker, TensorFlow, Python, Problem Solving, Deep Learning","We are looking for a AI Engineer with expertise in HTML, Machine Learning, Docker, TensorFlow, Python, Problem Solving, Deep Learning. Responsibilities include developing solutions, analyzing data, collaborating across teams, and implementing modern AI or software practices."
Machine Learning Engineer,"CSS, Kubernetes, Docker, Statistics, NLP, React","We are looking for a Machine Learning Engineer with expertise in CSS, Kubernetes, Docker, Statistics, NLP, React. Responsibilities include developing solutions, analyzing data, collaborating across teams, and implementing modern AI or software practices."
Web Developer,"Flask, CSS, Problem Solving, Kubernetes, Deep Learning, Azure, Leadership","We are looking for a Web Developer with expertise in Flask, CSS, Problem Solving, Kubernetes, Deep Learning, Azure, Leadership. Responsibilities include developing solutions, analyzing data, collaborating across teams, and implementing modern AI or software practices."
Software Engineer,"Azure, SQL, Statistics, Machine Learning, Docker, Leadership","We are looking for a Software Engineer with expertise in Azure, SQL, Statistics, Machine Learning, Docker, Leadership. Responsibilities include developing solutions, analyzing data, collaborating across teams, and implementing modern AI or software practices."
Python Developer,"Deep Learning, Azure, CSS, Data Analysis, Teamwork, Docker","We are looking for a Python Developer with expertise in Deep Learning, Azure, CSS, Data Analysis, Teamwork, Docker. Responsibilities include developing solutions, analyzing data, collaborating across teams, and implementing modern AI or software practices."
Data Scientist,"CSS, Azure, TensorFlow, Java, Data Analysis","We are looking for a Data Scientist with expertise in CSS, Azure, TensorFlow, Java, Data Analysis. Responsibilities include developing solutions, analyzing data, collaborating across teams, and implementing modern AI or software practices."
Cloud Engineer,"Machine Learning, Communication, Azure, Docker, Python, TensorFlow, Flask, React, Leadership","We are looking for a Cloud Engineer with expertise in Machine Learning, Communication, Azure, Docker, Python, TensorFlow, Flask, React, Leadership. Responsibilities include developing solutions, analyzing data, collaborating across teams, and implementing modern AI or software practices."
HR Recruiter,"Teamwork, Statistics, NLP, Flask, Cloud, HTML, Python, Docker","We are looking for a HR Recruiter with expertise in Teamwork, Statistics, NLP, Flask, Cloud, HTML, Python, Docker. Responsibilities include developing solutions, analyzing data, collaborating across teams, and implementing modern AI or software practices."
DevOps Engineer,"NLP, Communication, React, Leadership, Teamwork, Machine Learning","We are looking for a DevOps Engineer with expertise in NLP, Communication, React, Leadership, Teamwork, Machine Learning. Responsibilities include developing solutions, analyzing data, collaborating across teams, and implementing modern AI or software practices."
UI/UX Designer,"Azure, TensorFlow, NLP, Java, Deep Learning, Problem Solving, Machine Learning, SQL","We are looking for a UI/UX Designer with expertise in Azure, TensorFlow, NLP, Java, Deep Learning, Problem Solving, Machine Learning, SQL. Responsibilities include developing solutions, analyzing data, collaborating across teams, and implementing modern AI or software practices."
Business Analyst,"React, Flask, Machine Learning, Cloud, Teamwork, Problem Solving, TensorFlow","We are looking for a Business Analyst with expertise in React, Flask, Machine Learning, Cloud, Teamwork, Problem Solving, TensorFlow. Responsibilities include developing solutions, analyzing data, collaborating across teams, and implementing modern AI or software practices."
NLP Engineer,"Data Analysis, CSS, Docker, Teamwork, Leadership, AWS, Statistics, Python","We are looking for a NLP Engineer with expertise in Data Analysis, CSS, Docker, Teamwork, Leadership, AWS, Statistics, Python. Responsibilities include developing solutions, analyzing data, collaborating across teams, and implementing modern AI or software practices."
Cybersecurity Specialist,"Azure, Python, Deep Learning, Machine Learning, Problem Solving, Kubernetes, Docker, React","We are looking for a Cybersecurity Specialist with expertise in Azure, Python, Deep Learning, Machine Learning, Problem Solving, Kubernetes, Docker, React. Responsibilities include developing solutions, analyzing data, collaborating across teams, and implementing modern AI or software practices."
Data Analyst,"Leadership, Communication, React, Problem Solving, NLP, Python","We are looking for a Data Analyst with expertise in Leadership, Communication, React, Problem Solving, NLP, Python. Responsibilities include developing solutions, analyzing data, collaborating across teams, and implementing modern AI or software practices."
HR Specialist,"Deep Learning, Problem Solving, Teamwork, SQL, React, Azure, Kubernetes, AWS, Flask","We are looking for a HR Specialist with expertise in Deep Learning, Problem Solving, Teamwork, SQL, React, Azure, Kubernetes, AWS, Flask. Responsibilities include developing solutions, analyzing data, collaborating across teams, and implementing modern AI or software practices."
AI Engineer,"Cloud, HTML, AWS, SQL, Machine Learning, CSS","We are looking for a AI Engineer with expertise in Cloud, HTML, AWS, SQL, Machine Learning, CSS. Responsibilities include developing solutions, analyzing data, collaborating across teams, and implementing modern AI or software practices."
Machine Learning Engineer,"CSS, AWS, NLP, Python, Communication","We are looking for a Machine Learning Engineer with expertise in CSS, AWS, NLP, Python, Communication. Responsibilities include developing solutions, analyzing data, collaborating across teams, and implementing modern AI or software practices."
Web Developer,"Statistics, SQL, Communication, Docker, HTML","We are looking for a Web Developer with expertise in Statistics, SQL, Communication, Docker, HTML. Responsibilities include developing solutions, analyzing data, collaborating across teams, and implementing modern AI or software practices."
Software Engineer,"React, HTML, Python, TensorFlow, Problem Solving, Teamwork, CSS","We are looking for a Software Engineer with expertise in React, HTML, Python, TensorFlow, Problem Solving, Teamwork, CSS. Responsibilities include developing solutions, analyzing data, collaborating across teams, and implementing modern AI or software practices."
Python Developer,"Kubernetes, Statistics, SQL, Java, Cloud, Python","We are looking for a Python Developer with expertise in Kubernetes, Statistics, SQL, Java, Cloud, Python. Responsibilities include developing solutions, analyzing data, collaborating across teams, and implementing modern AI or software practices."
Data Scientist,"Java, NLP, Cloud, Communication, Deep Learning","We are looking for a Data Scientist with expertise in Java, NLP, Cloud, Communication, Deep Learning. Responsibilities include developing solutions, analyzing data, collaborating across teams, and implementing modern AI or software practices."
Cloud Engineer,"Python, Docker, Kubernetes, CSS, Deep Learning, Teamwork, HTML, SQL","We are looking for a Cloud Engineer with expertise in Python, Docker, Kubernetes, CSS, Deep Learning, Teamwork, HTML, SQL. Responsibilities include developing solutions, analyzing data, collaborating across teams, and implementing modern AI or software practices."
HR Recruiter,"Java, Leadership, Cloud, HTML, Communication, NLP","We are looking for a HR Recruiter with expertise in Java, Leadership, Cloud, HTML, Communication, NLP. Responsibilities include developing solutions, analyzing data, collaborating across teams, and implementing modern AI or software practices."
DevOps Engineer,"React, NLP, Java, Problem Solving, Data Analysis, Python, Deep Learning","We are looking for a DevOps Engineer with expertise in React, NLP, Java, Problem Solving, Data Analysis, Python, Deep Learning. Responsibilities include developing solutions, analyzing data, collaborating across teams, and implementing modern AI or software practices."
UI/UX Designer,"Azure, Data Analysis, Docker, TensorFlow, NLP, Statistics, Cloud, Problem Solving","We are looking for a UI/UX Designer with expertise in Azure, Data Analysis, Docker, TensorFlow, NLP, Statistics, Cloud, Problem Solving. Responsibilities include developing solutions, analyzing data, collaborating across teams, and implementing modern AI or software practices."
Business Analyst,"Flask, Kubernetes, Azure, TensorFlow, Communication, Leadership, Machine Learning, Statistics, React","We are looking for a Business Analyst with expertise in Flask, Kubernetes, Azure, TensorFlow, Communication, Leadership, Machine Learning, Statistics, React. Responsibilities include developing solutions, analyzing data, collaborating across teams, and implementing modern AI or software practices."
NLP Engineer,"CSS, NLP, React, Java, Python","We are looking for a NLP Engineer with expertise in CSS, NLP, React, Java, Python. Responsibilities include developing solutions, analyzing data, collaborating across teams, and implementing modern AI or software practices."
Cybersecurity Specialist,"Flask, React, Azure, Statistics, Cloud, CSS","We are looking for a Cybersecurity Specialist with expertise in Flask, React, Azure, Statistics, Cloud, CSS. Responsibilities include developing solutions, analyzing data, collaborating across teams, and implementing modern AI or software practices."
Data Analyst,"HTML, Kubernetes, Teamwork, CSS, AWS, Statistics, Communication, Data Analysis, Leadership","We are looking for a Data Analyst with expertise in HTML, Kubernetes, Teamwork, CSS, AWS, Statistics, Communication, Data Analysis, Leadership. Responsibilities include developing solutions, analyzing data, collaborating across teams, and implementing modern AI or software practices."
HR Specialist,"Leadership, HTML, NLP, Docker, CSS, Deep Learning","We are looking for a HR Specialist with expertise in Leadership, HTML, NLP, Docker, CSS, Deep Learning. Responsibilities include developing solutions, analyzing data, collaborating across teams, and implementing modern AI or software practices."
AI Engineer,"Azure, TensorFlow, Cloud, Statistics, Data Analysis, HTML","We are looking for a AI Engineer with expertise in Azure, TensorFlow, Cloud, Statistics, Data Analysis, HTML. Responsibilities include developing solutions, analyzing data, collaborating across teams, and implementing modern AI or software practices."
Machine Learning Engineer,"Machine Learning, TensorFlow, AWS, Flask, Cloud, Leadership, Deep Learning, Data Analysis","We are looking for a Machine Learning Engineer with expertise in Machine Learning, TensorFlow, AWS, Flask, Cloud, Leadership, Deep Learning, Data Analysis. Responsibilities include developing solutions, analyzing data, collaborating across teams, and implementing modern AI or software practices."
Web Developer,"Python, TensorFlow, Kubernetes, Flask, React, Azure, Leadership, Teamwork, NLP","We are looking for a Web Developer with expertise in Python, TensorFlow, Kubernetes, Flask, React, Azure, Leadership, Teamwork, NLP. Responsibilities include developing solutions, analyzing data, collaborating across teams, and implementing modern AI or software practices."
Software Engineer,"Data Analysis, HTML, Python, Cloud, Java, React, AWS, Kubernetes","We are looking for a Software Engineer with expertise in Data Analysis, HTML, Python, Cloud, Java, React, AWS, Kubernetes. Responsibilities include developing solutions, analyzing data, collaborating across teams, and implementing modern AI or software practices."
Python Developer,"CSS, Communication, Leadership, Statistics, Cloud, Azure, Problem Solving, SQL, Machine Learning","We are looking for a Python Developer with expertise in CSS, Communication, Leadership, Statistics, Cloud, Azure, Problem Solving, SQL, Machine Learning. Responsibilities include developing solutions, analyzing data, collaborating across teams, and implementing modern AI or software practices."
Data Scientist,"Problem Solving, NLP, TensorFlow, Cloud, Kubernetes, Docker","We are looking for a Data Scientist with expertise in Problem Solving, NLP, TensorFlow, Cloud, Kubernetes, Docker. Responsibilities include developing solutions, analyzing data, collaborating across teams, and implementing modern AI or software practices."
Cloud Engineer,"Problem Solving, NLP, Python, React, Java, AWS, Teamwork","We are looking for a Cloud Engineer with expertise in Problem Solving, NLP, Python, React, Java, AWS, Teamwork. Responsibilities include developing solutions, analyzing data, collaborating across teams, and implementing modern AI or software practices."
HR Recruiter,"Java, CSS, Data Analysis, Communication, HTML, Flask, Cloud, Docker","We are looking for a HR Recruiter with expertise in Java, CSS, Data Analysis, Communication, HTML, Flask, Cloud, Docker. Responsibilities include developing solutions, analyzing data, collaborating across teams, and implementing modern AI or software practices."
DevOps Engineer,"NLP, React, Kubernetes, Machine Learning, Docker, Python, Communication, Teamwork","We are looking for a DevOps Engineer with expertise in NLP, React, Kubernetes, Machine Learning, Docker, Python, Communication, Teamwork. Responsibilities include developing solutions, analyzing data, collaborating across teams, and implementing modern AI or software practices."
UI/UX Designer,"Kubernetes, React, Machine Learning, AWS, HTML, Java, TensorFlow, Docker","We are looking for a UI/UX Designer with expertise in Kubernetes, React, Machine Learning, AWS, HTML, Java, TensorFlow, Docker. Responsibilities include developing solutions, analyzing data, collaborating across teams, and implementing modern AI or software practices."
Business Analyst,"Docker, TensorFlow, AWS, Communication, HTML","We are looking for a Business Analyst with expertise in Docker, TensorFlow, AWS, Communication, HTML. Responsibilities include developing solutions, analyzing data, collaborating across teams, and implementing modern AI or software practices."
NLP Engineer,"Data Analysis, TensorFlow, Statistics, CSS, Leadership, Cloud, React","We are looking for a NLP Engineer with expertise in Data Analysis, TensorFlow, Statistics, CSS, Leadership, Cloud, React. Responsibilities include developing solutions, analyzing data, collaborating across teams, and implementing modern AI or software practices."
Cybersecurity Specialist,"Cloud, CSS, HTML, Flask, Communication, Leadership, Machine Learning, React, Java","We are looking for a Cybersecurity Specialist with expertise in Cloud, CSS, HTML, Flask, Communication, Leadership, Machine Learning, React, Java. Responsibilities include developing solutions, analyzing data, collaborating across teams, and implementing modern AI or software practices."
Data Analyst,"HTML, NLP, AWS, CSS, SQL, Kubernetes","We are looking for a Data Analyst with expertise in HTML, NLP, AWS, CSS, SQL, Kubernetes. Responsibilities include developing solutions, analyzing data, collaborating across teams, and implementing modern AI or software practices."
HR Specialist,"Kubernetes, TensorFlow, Docker, NLP, React, Teamwork, Communication, Data Analysis, Statistics","We are looking for a HR Specialist with expertise in Kubernetes, TensorFlow, Docker, NLP, React, Teamwork, Communication, Data Analysis, Statistics. Responsibilities include developing solutions, analyzing data, collaborating across teams, and implementing modern AI or software practices."
AI Engineer,"Python, Docker, Java, NLP, Statistics","We are looking for a AI Engineer with expertise in Python, Docker, Java, NLP, Statistics. Responsibilities include developing solutions, analyzing data, collaborating across teams, and implementing modern AI or software practices."
Machine Learning Engineer,"Cloud, React, Statistics, Communication, AWS","We are looking for a Machine Learning Engineer with expertise in Cloud, React, Statistics, Communication, AWS. Responsibilities include developing solutions, analyzing data, collaborating across teams, and implementing modern AI or software practices."
Web Developer,"SQL, TensorFlow, Data Analysis, Leadership, HTML","We are looking for a Web Developer with expertise in SQL, TensorFlow, Data Analysis, Leadership, HTML. Responsibilities include developing solutions, analyzing data, collaborating across teams, and implementing modern AI or software practices."
Software Engineer,"Kubernetes, Deep Learning, SQL, Statistics, Java, Teamwork, Cloud, Data Analysis","We are looking for a Software Engineer with expertise in Kubernetes, Deep Learning, SQL, Statistics, Java, Teamwork, Cloud, Data Analysis. Responsibilities include developing solutions, analyzing data, collaborating across teams, and implementing modern AI or software practices."
Python Developer,"HTML, Communication, CSS, AWS, Kubernetes, SQL, Flask, Deep Learning, Teamwork","We are looking for a Python Developer with expertise in HTML, Communication, CSS, AWS, Kubernetes, SQL, Flask, Deep Learning, Teamwork. Responsibilities include developing solutions, analyzing data, collaborating across teams, and implementing modern AI or software practices."
Data Scientist,"Problem Solving, Kubernetes, AWS, Machine Learning, Flask, Communication, Cloud","We are looking for a Data Scientist with expertise in Problem Solving, Kubernetes, AWS, Machine Learning, Flask, Communication, Cloud. Responsibilities include developing solutions, analyzing data, collaborating across teams, and implementing modern AI or software practices."
Cloud Engineer,"Flask, Kubernetes, CSS, HTML, Cloud","We are looking for a Cloud Engineer with expertise in Flask, Kubernetes, CSS, HTML, Cloud. Responsibilities include developing solutions, analyzing data, collaborating across teams, and implementing modern AI or software practices."
HR Recruiter,"Cloud, NLP, TensorFlow, AWS, Teamwork","We are looking for a HR Recruiter with expertise in Cloud, NLP, TensorFlow, AWS, Teamwork. Responsibilities include developing solutions, analyzing data, collaborating across teams, and implementing modern AI or software practices."
DevOps Engineer,"React, Flask, Machine Learning, Python, AWS, Statistics, SQL, Deep Learning","We are looking for a DevOps Engineer with expertise in React, Flask, Machine Learning, Python, AWS, Statistics, SQL, Deep Learning. Responsibilities include developing solutions, analyzing data, collaborating across teams, and implementing modern AI or software practices."
UI/UX Designer,"Statistics, Cloud, HTML, NLP, Machine Learning, Java, Leadership, Data Analysis","We are looking for a UI/UX Designer with expertise in Statistics, Cloud, HTML, NLP, Machine Learning, Java, Leadership, Data Analysis. Responsibilities include developing solutions, analyzing data, collaborating across teams, and implementing modern AI or software practices."
Business Analyst,"Problem Solving, Flask, CSS, Communication, SQL, Machine Learning","We are looking for a Business Analyst with expertise in Problem Solving, Flask, CSS, Communication, SQL, Machine Learning. Responsibilities include developing solutions, analyzing data, collaborating across teams, and implementing modern AI or software practices."
NLP Engineer,"Java, Python, Communication, React, Machine Learning","We are looking for a NLP Engineer with expertise in Java, Python, Communication, React, Machine Learning. Responsibilities include developing solutions, analyzing data, collaborating across teams, and implementing modern AI or software practices."
Cybersecurity Specialist,"SQL, Docker, Cloud, Problem Solving, Deep Learning, Python, Data Analysis","We are looking for a Cybersecurity Specialist with expertise in SQL, Docker, Cloud, Problem Solving, Deep Learning, Python, Data Analysis. Responsibilities include developing solutions, analyzing data, collaborating across teams, and implementing modern AI or software practices."
Data Analyst,"Java, Leadership, Teamwork, NLP, Flask","We are looking for a Data Analyst with expertise in Java, Leadership, Teamwork, NLP, Flask. Responsibilities include developing solutions, analyzing data, collaborating across teams, and implementing modern AI or software practices."
HR Specialist,"NLP, Java, SQL, Communication, HTML","We are looking for a HR Specialist with expertise in NLP, Java, SQL, Communication, HTML. Responsibilities include developing solutions, analyzing data, collaborating across teams, and implementing modern AI or software practices."
AI Engineer,"Cloud, Deep Learning, Teamwork, Flask, NLP","We are looking for a AI Engineer with expertise in Cloud, Deep Learning, Teamwork, Flask, NLP. Responsibilities include developing solutions, analyzing data, collaborating across teams, and implementing modern AI or software practices."
Machine Learning Engineer,"Statistics, HTML, React, Machine Learning, Problem Solving, Docker","We are looking for a Machine Learning Engineer with expertise in Statistics, HTML, React, Machine Learning, Problem Solving, Docker. Responsibilities include developing solutions, analyzing data, collaborating across teams, and implementing modern AI or software practices."
Web Developer,"AWS, TensorFlow, Communication, Problem Solving, Leadership, SQL, Kubernetes, Cloud, Statistics","We are looking for a Web Developer with expertise in AWS, TensorFlow, Communication, Problem Solving, Leadership, SQL, Kubernetes, Cloud, Statistics. Responsibilities include developing solutions, analyzing data, collaborating across teams, and implementing modern AI or software practices."
Software Engineer,"CSS, Kubernetes, Communication, Teamwork, Problem Solving, React, Docker","We are looking for a Software Engineer with expertise in CSS, Kubernetes, Communication, Teamwork, Problem Solving, React, Docker. Responsibilities include developing solutions, analyzing data, collaborating across teams, and implementing modern AI or software practices."
Python Developer,"Java, Communication, Deep Learning, Teamwork, TensorFlow, Azure, HTML","We are looking for a Python Developer with expertise in Java, Communication, Deep Learning, Teamwork, TensorFlow, Azure, HTML. Responsibilities include developing solutions, analyzing data, collaborating across teams, and implementing modern AI or software practices."
Data Scientist,"Teamwork, Kubernetes, Flask, Machine Learning, Deep Learning, NLP, Cloud","We are looking for a Data Scientist with expertise in Teamwork, Kubernetes, Flask, Machine Learning, Deep Learning, NLP, Cloud. Responsibilities include developing solutions, analyzing data, collaborating across teams, and implementing modern AI or software practices."
Cloud Engineer,"Kubernetes, Leadership, Azure, HTML, React","We are looking for a Cloud Engineer with expertise in Kubernetes, Leadership, Azure, HTML, React. Responsibilities include developing solutions, analyzing data, collaborating across teams, and implementing modern AI or software practices."
HR Recruiter,"Data Analysis, TensorFlow, Cloud, HTML, SQL, Leadership, NLP, Java","We are looking for a HR Recruiter with expertise in Data Analysis, TensorFlow, Cloud, HTML, SQL, Leadership, NLP, Java. Responsibilities include developing solutions, analyzing data, collaborating across teams, and implementing modern AI or software practices."
DevOps Engineer,"HTML, Leadership, AWS, CSS, Deep Learning, NLP, Docker","We are looking for a DevOps Engineer with expertise in HTML, Leadership, AWS, CSS, Deep Learning, NLP, Docker. Responsibilities include developing solutions, analyzing data, collaborating across teams, and implementing modern AI or software practices."
UI/UX Designer,"Problem Solving, Docker, Kubernetes, CSS, React, Data Analysis, Python, Cloud, Machine Learning","We are looking for a UI/UX Designer with expertise in Problem Solving, Docker, Kubernetes, CSS, React, Data Analysis, Python, Cloud, Machine Learning. Responsibilities include developing solutions, analyzing data, collaborating across teams, and implementing modern AI or software practices."
Business Analyst,"Deep Learning, Communication, TensorFlow, Teamwork, Leadership, CSS, SQL, Cloud","We are looking for a Business Analyst with expertise in Deep Learning, Communication, TensorFlow, Teamwork, Leadership, CSS, SQL, Cloud. Responsibilities include developing solutions, analyzing data, collaborating across teams, and implementing modern AI or software practices."
NLP Engineer,"Cloud, Docker, Deep Learning, Python, NLP, Flask","We are looking for a NLP Engineer with expertise in Cloud, Docker, Deep Learning, Python, NLP, Flask. Responsibilities include developing solutions, analyzing data, collaborating across teams, and implementing modern AI or software practices."
Cybersecurity Specialist,"NLP, Java, CSS, Statistics, Azure, Communication","We are looking for a Cybersecurity Specialist with expertise in NLP, Java, CSS, Statistics, Azure, Communication. Responsibilities include developing solutions, analyzing data, collaborating across teams, and implementing modern AI or software practices."
Data Analyst,"Java, Machine Learning, Cloud, React, Kubernetes, Problem Solving, Statistics, Communication, TensorFlow","We are looking for a Data Analyst with expertise in Java, Machine Learning, Cloud, React, Kubernetes, Problem Solving, Statistics, Communication, TensorFlow. Responsibilities include developing solutions, analyzing data, collaborating across teams, and implementing modern AI or software practices."
HR Specialist,"Data Analysis, Kubernetes, Docker, SQL, Deep Learning, Machine Learning, Leadership","We are looking for a HR Specialist with expertise in Data Analysis, Kubernetes, Docker, SQL, Deep Learning, Machine Learning, Leadership. Responsibilities include developing solutions, analyzing data, collaborating across teams, and implementing modern AI or software practices."
AI Engineer,"Flask, Kubernetes, Cloud, SQL, Teamwork, TensorFlow, Leadership, CSS","We are looking for a AI Engineer with expertise in Flask, Kubernetes, Cloud, SQL, Teamwork, TensorFlow, Leadership, CSS. Responsibilities include developing solutions, analyzing data, collaborating across teams, and implementing modern AI or software practices."
Machine Learning Engineer,"Java, Azure, React, Docker, Problem Solving, NLP, Cloud, Machine Learning","We are looking for a Machine Learning Engineer with expertise in Java, Azure, React, Docker, Problem Solving, NLP, Cloud, Machine Learning. Responsibilities include developing solutions, analyzing data, collaborating across teams, and implementing modern AI or software practices."
Web Developer,"Kubernetes, NLP, Data Analysis, Python, Java","We are looking for a Web Developer with expertise in Kubernetes, NLP, Data Analysis, Python, Java. Responsibilities include developing solutions, analyzing data, collaborating across teams, and implementing modern AI or software practices."
Software Engineer,"NLP, Teamwork, Azure, Java, Leadership, TensorFlow, React, HTML, Docker","We are looking for a Software Engineer with expertise in NLP, Teamwork, Azure, Java, Leadership, TensorFlow, React, HTML, Docker. Responsibilities include developing solutions, analyzing data, collaborating across teams, and implementing modern AI or software practices."
Python Developer,"Azure, CSS, NLP, Cloud, Deep Learning, Python, Communication","We are looking for a Python Developer with expertise in Azure, CSS, NLP, Cloud, Deep Learning, Python, Communication. Responsibilities include developing solutions, analyzing data, collaborating across teams, and implementing modern AI or software practices."
Data Scientist,"AWS, Kubernetes, React, SQL, TensorFlow, Data Analysis, Deep Learning, Problem Solving","We are looking for a Data Scientist with expertise in AWS, Kubernetes, React, SQL, TensorFlow, Data Analysis, Deep Learning, Problem Solving. Responsibilities include developing solutions, analyzing data, collaborating across teams, and implementing modern AI or software practices."
Cloud Engineer,"Leadership, Cloud, Python, Problem Solving, Statistics, Flask, TensorFlow","We are looking for a Cloud Engineer with expertise in Leadership, Cloud, Python, Problem Solving, Statistics, Flask, TensorFlow. Responsibilities include developing solutions, analyzing data, collaborating across teams, and implementing modern AI or software practices."
HR Recruiter,"Statistics, AWS, React, TensorFlow, Teamwork","We are looking for a HR Recruiter with expertise in Statistics, AWS, React, TensorFlow, Teamwork. Responsibilities include developing solutions, analyzing data, collaborating across teams, and implementing modern AI or software practices."
DevOps Engineer,"Teamwork, Leadership, SQL, Kubernetes, Machine Learning, Data Analysis, Docker, HTML","We are looking for a DevOps Engineer with expertise in Teamwork, Leadership, SQL, Kubernetes, Machine Learning, Data Analysis, Docker, HTML. Responsibilities include developing solutions, analyzing data, collaborating across teams, and implementing modern AI or software practices."
UI/UX Designer,"HTML, Problem Solving, Data Analysis, NLP, Docker, AWS, Kubernetes, Deep Learning, SQL","We are looking for a UI/UX Designer with expertise in HTML, Problem Solving, Data Analysis, NLP, Docker, AWS, Kubernetes, Deep Learning, SQL. Responsibilities include developing solutions, analyzing data, collaborating across teams, and implementing modern AI or software practices."
Business Analyst,"NLP, Machine Learning, Cloud, Leadership, CSS, Docker, Data Analysis, Teamwork, HTML","We are looking for a Business Analyst with expertise in NLP, Machine Learning, Cloud, Leadership, CSS, Docker, Data Analysis, Teamwork, HTML. Responsibilities include developing solutions, analyzing data, collaborating across teams, and implementing modern AI or software practices."
NLP Engineer,"Java, Problem Solving, Machine Learning, Data Analysis, Statistics, SQL, AWS, Leadership, CSS","We are looking for a NLP Engineer with expertise in Java, Problem Solving, Machine Learning, Data Analysis, Statistics, SQL, AWS, Leadership, CSS. Responsibilities include developing solutions, analyzing data, collaborating across teams, and implementing modern AI or software practices."
Cybersecurity Specialist,"Cloud, SQL, Leadership, Communication, Machine Learning, AWS, HTML","We are looking for a Cybersecurity Specialist with expertise in Cloud, SQL, Leadership, Communication, Machine Learning, AWS, HTML. Responsibilities include developing solutions, analyzing data, collaborating across teams, and implementing modern AI or software practices."
Data Analyst,"Flask, Java, Cloud, HTML, Leadership","We are looking for a Data Analyst with expertise in Flask, Java, Cloud, HTML, Leadership. Responsibilities include developing solutions, analyzing data, collaborating across teams, and implementing modern AI or software practices."
HR Specialist,"Communication, TensorFlow, AWS, Cloud, Java, HTML, Data Analysis","We are looking for a HR Specialist with expertise in Communication, TensorFlow, AWS, Cloud, Java, HTML, Data Analysis. Responsibilities include developing solutions, analyzing data, collaborating across teams, and implementing modern AI or software practices."
AI Engineer,"TensorFlow, React, Cloud, SQL, Python, Problem Solving, Docker, Deep Learning","We are looking for a AI Engineer with expertise in TensorFlow, React, Cloud, SQL, Python, Problem Solving, Docker, Deep Learning. Responsibilities include developing solutions, analyzing data, collaborating across teams, and implementing modern AI or software practices."
Machine Learning Engineer,"Leadership, Kubernetes, Communication, Java, Machine Learning, SQL, Flask","We are looking for a Machine Learning Engineer with expertise in Leadership, Kubernetes, Communication, Java, Machine Learning, SQL, Flask. Responsibilities include developing solutions, analyzing data, collaborating across teams, and implementing modern AI or software practices."
Web Developer,"Cloud, Deep Learning, TensorFlow, Machine Learning, Problem Solving","We are looking for a Web Developer with expertise in Cloud, Deep Learning, TensorFlow, Machine Learning, Problem Solving. Responsibilities include developing solutions, analyzing data, collaborating across teams, and implementing modern AI or software practices."
Software Engineer,"Problem Solving, Docker, CSS, Python, Communication","We are looking for a Software Engineer with expertise in Problem Solving, Docker, CSS, Python, Communication. Responsibilities include developing solutions, analyzing data, collaborating across teams, and implementing modern AI or software practices."
Python Developer,"Flask, Docker, Machine Learning, CSS, Kubernetes, Cloud","We are looking for a Python Developer with expertise in Flask, Docker, Machine Learning, CSS, Kubernetes, Cloud. Responsibilities include developing solutions, analyzing data, collaborating across teams, and implementing modern AI or software practices."
Data Scientist,"Python, Cloud, Statistics, CSS, Flask, NLP, Deep Learning, React","We are looking for a Data Scientist with expertise in Python, Cloud, Statistics, CSS, Flask, NLP, Deep Learning, React. Responsibilities include developing solutions, analyzing data, collaborating across teams, and implementing modern AI or software practices."
Cloud Engineer,"SQL, Leadership, Kubernetes, Statistics, Communication","We are looking for a Cloud Engineer with expertise in SQL, Leadership, Kubernetes, Statistics, Communication. Responsibilities include developing solutions, analyzing data, collaborating across teams, and implementing modern AI or software practices."
HR Recruiter,"React, AWS, Flask, TensorFlow, Teamwork","We are looking for a HR Recruiter with expertise in React, AWS, Flask, TensorFlow, Teamwork. Responsibilities include developing solutions, analyzing data, collaborating across teams, and implementing modern AI or software practices."
DevOps Engineer,"Deep Learning, Docker, Statistics, Problem Solving, AWS, Cloud, Flask","We are looking for a DevOps Engineer with expertise in Deep Learning, Docker, Statistics, Problem Solving, AWS, Cloud, Flask. Responsibilities include developing solutions, analyzing data, collaborating across teams, and implementing modern AI or software practices."
UI/UX Designer,"Problem Solving, Communication, Python, Azure, Flask","We are looking for a UI/UX Designer with expertise in Problem Solving, Communication, Python, Azure, Flask. Responsibilities include developing solutions, analyzing data, collaborating across teams, and implementing modern AI or software practices."
Business Analyst,"Teamwork, Machine Learning, SQL, Flask, React","We are looking for a Business Analyst with expertise in Teamwork, Machine Learning, SQL, Flask, React. Responsibilities include developing solutions, analyzing data, collaborating across teams, and implementing modern AI or software practices."
NLP Engineer,"Java, Statistics, Flask, Cloud, Azure, Kubernetes, Teamwork, React, Machine Learning","We are looking for a NLP Engineer with expertise in Java, Statistics, Flask, Cloud, Azure, Kubernetes, Teamwork, React, Machine Learning. Responsibilities include developing solutions, analyzing data, collaborating across teams, and implementing modern AI or software practices."
Cybersecurity Specialist,"Teamwork, Machine Learning, AWS, Java, Deep Learning, CSS, Azure, Problem Solving, SQL","We are looking for a Cybersecurity Specialist with expertise in Teamwork, Machine Learning, AWS, Java, Deep Learning, CSS, Azure, Problem Solving, SQL. Responsibilities include developing solutions, analyzing data, collaborating across teams, and implementing modern AI or software practices."
Data Analyst,"Java, Statistics, Azure, Problem Solving, Machine Learning, Deep Learning","We are looking for a Data Analyst with expertise in Java, Statistics, Azure, Problem Solving, Machine Learning, Deep Learning. Responsibilities include developing solutions, analyzing data, collaborating across teams, and implementing modern AI or software practices."
HR Specialist,"Deep Learning, Statistics, Communication, SQL, Java, CSS, Teamwork, NLP, Azure","We are looking for a HR Specialist with expertise in Deep Learning, Statistics, Communication, SQL, Java, CSS, Teamwork, NLP, Azure. Responsibilities include developing solutions, analyzing data, collaborating across teams, and implementing modern AI or software practices."
AI Engineer,"Problem Solving, TensorFlow, Java, HTML, Azure, NLP","We are looking for a AI Engineer with expertise in Problem Solving, TensorFlow, Java, HTML, Azure, NLP. Responsibilities include developing solutions, analyzing data, collaborating across teams, and implementing modern AI or software practices."
Machine Learning Engineer,"Kubernetes, Azure, SQL, Leadership, NLP","We are looking for a Machine Learning Engineer with expertise in Kubernetes, Azure, SQL, Leadership, NLP. Responsibilities include developing solutions, analyzing data, collaborating across teams, and implementing modern AI or software practices."
Web Developer,"HTML, Flask, CSS, Kubernetes, SQL, AWS","We are looking for a Web Developer with expertise in HTML, Flask, CSS, Kubernetes, SQL, AWS. Responsibilities include developing solutions, analyzing data, collaborating across teams, and implementing modern AI or software practices."
Software Engineer,"Deep Learning, Statistics, Docker, Flask, Leadership, Azure, Communication, NLP, Kubernetes","We are looking for a Software Engineer with expertise in Deep Learning, Statistics, Docker, Flask, Leadership, Azure, Communication, NLP, Kubernetes. Responsibilities include developing solutions, analyzing data, collaborating across teams, and implementing modern AI or software practices."
Python Developer,"Teamwork, React, Kubernetes, AWS, Statistics, NLP, Java, HTML, Azure","We are looking for a Python Developer with expertise in Teamwork, React, Kubernetes, AWS, Statistics, NLP, Java, HTML, Azure. Responsibilities include developing solutions, analyzing data, collaborating across teams, and implementing modern AI or software practices."
Data Scientist,"Docker, CSS, Python, Azure, Flask, Problem Solving, Leadership, Kubernetes","We are looking for a Data Scientist with expertise in Docker, CSS, Python, Azure, Flask, Problem Solving, Leadership, Kubernetes. Responsibilities include developing solutions, analyzing data, collaborating across teams, and implementing modern AI or software practices."
Cloud Engineer,"Leadership, Flask, Machine Learning, SQL, Deep Learning","We are looking for a Cloud Engineer with expertise in Leadership, Flask, Machine Learning, SQL, Deep Learning. Responsibilities include developing solutions, analyzing data, collaborating across teams, and implementing modern AI or software practices."
HR Recruiter,"Communication, CSS, Statistics, HTML, Kubernetes, Azure, SQL","We are looking for a HR Recruiter with expertise in Communication, CSS, Statistics, HTML, Kubernetes, Azure, SQL. Responsibilities include developing solutions, analyzing data, collaborating across teams, and implementing modern AI or software practices."
DevOps Engineer,"Problem Solving, HTML, Statistics, Kubernetes, Flask","We are looking for a DevOps Engineer with expertise in Problem Solving, HTML, Statistics, Kubernetes, Flask. Responsibilities include developing solutions, analyzing data, collaborating across teams, and implementing modern AI or software practices."
UI/UX Designer,"NLP, React, Flask, Teamwork, Communication","We are looking for a UI/UX Designer with expertise in NLP, React, Flask, Teamwork, Communication. Responsibilities include developing solutions, analyzing data, collaborating across teams, and implementing modern AI or software practices."
Business Analyst,"Statistics, Cloud, NLP, Data Analysis, Python, Teamwork, TensorFlow, Flask","We are looking for a Business Analyst with expertise in Statistics, Cloud, NLP, Data Analysis, Python, Teamwork, TensorFlow, Flask. Responsibilities include developing solutions, analyzing data, collaborating across teams, and implementing modern AI or software practices."
NLP Engineer,"Flask, Leadership, Machine Learning, TensorFlow, SQL, AWS, CSS, Java, Azure","We are looking for a NLP Engineer with expertise in Flask, Leadership, Machine Learning, TensorFlow, SQL, AWS, CSS, Java, Azure. Responsibilities include developing solutions, analyzing data, collaborating across teams, and implementing modern AI or software practices."
Cybersecurity Specialist,"Java, TensorFlow, Leadership, SQL, Python, Deep Learning, Problem Solving, NLP","We are looking for a Cybersecurity Specialist with expertise in Java, TensorFlow, Leadership, SQL, Python, Deep Learning, Problem Solving, NLP. Responsibilities include developing solutions, analyzing data, collaborating across teams, and implementing modern AI or software practices."
Data Analyst,"Problem Solving, Flask, SQL, Cloud, Python, Data Analysis, Java, Machine Learning, React","We are looking for a Data Analyst with expertise in Problem Solving, Flask, SQL, Cloud, Python, Data Analysis, Java, Machine Learning, React. Responsibilities include developing solutions, analyzing data, collaborating across teams, and implementing modern AI or software practices."
HR Specialist,"TensorFlow, Data Analysis, Teamwork, Azure, Cloud","We are looking for a HR Specialist with expertise in TensorFlow, Data Analysis, Teamwork, Azure, Cloud. Responsibilities include developing solutions, analyzing data, collaborating across teams, and implementing modern AI or software practices."
AI Engineer,"Communication, Azure, React, AWS, Statistics, Data Analysis, Docker","We are looking for a AI Engineer with expertise in Communication, Azure, React, AWS, Statistics, Data Analysis, Docker. Responsibilities include developing solutions, analyzing data, collaborating across teams, and implementing modern AI or software practices."
Machine Learning Engineer,"Machine Learning, AWS, Docker, HTML, React, NLP, Leadership, Kubernetes","We are looking for a Machine Learning Engineer with expertise in Machine Learning, AWS, Docker, HTML, React, NLP, Leadership, Kubernetes. Responsibilities include developing solutions, analyzing data, collaborating across teams, and implementing modern AI or software practices."
Web Developer,"Java, Python, Data Analysis, NLP, Cloud, Docker, Leadership","We are looking for a Web Developer with expertise in Java, Python, Data Analysis, NLP, Cloud, Docker, Leadership. Responsibilities include developing solutions, analyzing data, collaborating across teams, and implementing modern AI or software practices."
Software Engineer,"Docker, Teamwork, React, Statistics, Cloud, AWS, HTML, Problem Solving, Machine Learning","We are looking for a Software Engineer with expertise in Docker, Teamwork, React, Statistics, Cloud, AWS, HTML, Problem Solving, Machine Learning. Responsibilities include developing solutions, analyzing data, collaborating across teams, and implementing modern AI or software practices."
Python Developer,"Machine Learning, Deep Learning, Leadership, Python, Problem Solving, NLP, Cloud, HTML","We are looking for a Python Developer with expertise in Machine Learning, Deep Learning, Leadership, Python, Problem Solving, NLP, Cloud, HTML. Responsibilities include developing solutions, analyzing data, collaborating across teams, and implementing modern AI or software practices."
Data Scientist,"Machine Learning, Data Analysis, CSS, Problem Solving, Cloud, Teamwork, HTML, Statistics, Deep Learning","We are looking for a Data Scientist with expertise in Machine Learning, Data Analysis, CSS, Problem Solving, Cloud, Teamwork, HTML, Statistics, Deep Learning. Responsibilities include developing solutions, analyzing data, collaborating across teams, and implementing modern AI or software practices."
Cloud Engineer,"Flask, Data Analysis, SQL, AWS, React, Communication, Docker, Python","We are looking for a Cloud Engineer with expertise in Flask, Data Analysis, SQL, AWS, React, Communication, Docker, Python. Responsibilities include developing solutions, analyzing data, collaborating across teams, and implementing modern AI or software practices."
HR Recruiter,"Python, AWS, Docker, Problem Solving, CSS","We are looking for a HR Recruiter with expertise in Python, AWS, Docker, Problem Solving, CSS. Responsibilities include developing solutions, analyzing data, collaborating across teams, and implementing modern AI or software practices."
DevOps Engineer,"Problem Solving, NLP, Data Analysis, Flask, Azure, CSS, HTML, Leadership","We are looking for a DevOps Engineer with expertise in Problem Solving, NLP, Data Analysis, Flask, Azure, CSS, HTML, Leadership. Responsibilities include developing solutions, analyzing data, collaborating across teams, and implementing modern AI or software practices."
UI/UX Designer,"Communication, Machine Learning, Teamwork, CSS, Cloud, Flask","We are looking for a UI/UX Designer with expertise in Communication, Machine Learning, Teamwork, CSS, Cloud, Flask. Responsibilities include developing solutions, analyzing data, collaborating across teams, and implementing modern AI or software practices."
Business Analyst,"Cloud, Kubernetes, Docker, Python, Data Analysis, Communication, Machine Learning","We are looking for a Business Analyst with expertise in Cloud, Kubernetes, Docker, Python, Data Analysis, Communication, Machine Learning. Responsibilities include developing solutions, analyzing data, collaborating across teams, and implementing modern AI or software practices."
NLP Engineer,"CSS, Java, Flask, Python, Docker, TensorFlow, Deep Learning","We are looking for a NLP Engineer with expertise in CSS, Java, Flask, Python, Docker, TensorFlow, Deep Learning. Responsibilities include developing solutions, analyzing data, collaborating across teams, and implementing modern AI or software practices."
Cybersecurity Specialist,"Docker, Teamwork, NLP, Flask, Problem Solving, Deep Learning, Azure, Data Analysis","We are looking for a Cybersecurity Specialist with expertise in Docker, Teamwork, NLP, Flask, Problem Solving, Deep Learning, Azure, Data Analysis. Responsibilities include developing solutions, analyzing data, collaborating across teams, and implementing modern AI or software practices."
Data Analyst,"Azure, React, TensorFlow, Deep Learning, Statistics, Teamwork, Leadership, SQL","We are looking for a Data Analyst with expertise in Azure, React, TensorFlow, Deep Learning, Statistics, Teamwork, Leadership, SQL. Responsibilities include developing solutions, analyzing data, collaborating across teams, and implementing modern AI or software practices."
HR Specialist,"AWS, Statistics, Cloud, Data Analysis, TensorFlow, Machine Learning, Python","We are looking for a HR Specialist with expertise in AWS, Statistics, Cloud, Data Analysis, TensorFlow, Machine Learning, Python. Responsibilities include developing solutions, analyzing data, collaborating across teams, and implementing modern AI or software practices."
AI Engineer,"Machine Learning, Kubernetes, AWS, Cloud, Communication","We are looking for a AI Engineer with expertise in Machine Learning, Kubernetes, AWS, Cloud, Communication. Responsibilities include developing solutions, analyzing data, collaborating across teams, and implementing modern AI or software practices."
Machine Learning Engineer,"Leadership, React, Cloud, NLP, HTML, Teamwork, Statistics","We are looking for a Machine Learning Engineer with expertise in Leadership, React, Cloud, NLP, HTML, Teamwork, Statistics. Responsibilities include developing solutions, analyzing data, collaborating across teams, and implementing modern AI or software practices."
Web Developer,"Kubernetes, Machine Learning, React, Leadership, Cloud, Deep Learning, Azure","We are looking for a Web Developer with expertise in Kubernetes, Machine Learning, React, Leadership, Cloud, Deep Learning, Azure. Responsibilities include developing solutions, analyzing data, collaborating across teams, and implementing modern AI or software practices."
Software Engineer,"React, Data Analysis, Docker, Statistics, Communication, Flask, Deep Learning","We are looking for a Software Engineer with expertise in React, Data Analysis, Docker, Statistics, Communication, Flask, Deep Learning. Responsibilities include developing solutions, analyzing data, collaborating across teams, and implementing modern AI or software practices."
Python Developer,"Azure, Docker, NLP, Statistics, Java, HTML, Problem Solving, Data Analysis, CSS","We are looking for a Python Developer with expertise in Azure, Docker, NLP, Statistics, Java, HTML, Problem Solving, Data Analysis, CSS. Responsibilities include developing solutions, analyzing data, collaborating across teams, and implementing modern AI or software practices."
Data Scientist,"Communication, Kubernetes, Azure, Docker, Teamwork, React, HTML","We are looking for a Data Scientist with expertise in Communication, Kubernetes, Azure, Docker, Teamwork, React, HTML. Responsibilities include developing solutions, analyzing data, collaborating across teams, and implementing modern AI or software practices."
Cloud Engineer,"Leadership, Machine Learning, Kubernetes, React, CSS","We are looking for a Cloud Engineer with expertise in Leadership, Machine Learning, Kubernetes, React, CSS. Responsibilities include developing solutions, analyzing data, collaborating across teams, and implementing modern AI or software practices."
HR Recruiter,"Docker, Statistics, TensorFlow, Azure, Communication, NLP, Deep Learning","We are looking for a HR Recruiter with expertise in Docker, Statistics, TensorFlow, Azure, Communication, NLP, Deep Learning. Responsibilities include developing solutions, analyzing data, collaborating across teams, and implementing modern AI or software practices."
DevOps Engineer,"Kubernetes, TensorFlow, Deep Learning, Leadership, Problem Solving, Java, Docker, Flask, SQL","We are looking for a DevOps Engineer with expertise in Kubernetes, TensorFlow, Deep Learning, Leadership, Problem Solving, Java, Docker, Flask, SQL. Responsibilities include developing solutions, analyzing data, collaborating across teams, and implementing modern AI or software practices."
UI/UX Designer,"Deep Learning, React, Kubernetes, Machine Learning, AWS, Statistics, Data Analysis, Communication","We are looking for a UI/UX Designer with expertise in Deep Learning, React, Kubernetes, Machine Learning, AWS, Statistics, Data Analysis, Communication. Responsibilities include developing solutions, analyzing data, collaborating across teams, and implementing modern AI or software practices."
Business Analyst,"Cloud, React, SQL, Data Analysis, Java, Statistics, Kubernetes","We are looking for a Business Analyst with expertise in Cloud, React, SQL, Data Analysis, Java, Statistics, Kubernetes. Responsibilities include developing solutions, analyzing data, collaborating across teams, and implementing modern AI or software practices."
NLP Engineer,"TensorFlow, Data Analysis, HTML, Problem Solving, Azure, Leadership","We are looking for a NLP Engineer with expertise in TensorFlow, Data Analysis, HTML, Problem Solving, Azure, Leadership. Responsibilities include developing solutions, analyzing data, collaborating across teams, and implementing modern AI or software practices."
Cybersecurity Specialist,"NLP, Communication, TensorFlow, AWS, CSS","We are looking for a Cybersecurity Specialist with expertise in NLP, Communication, TensorFlow, AWS, CSS. Responsibilities include developing solutions, analyzing data, collaborating across teams, and implementing modern AI or software practices."
Data Analyst,"Deep Learning, Flask, Teamwork, Python, TensorFlow, Leadership, Communication, AWS","We are looking for a Data Analyst with expertise in Deep Learning, Flask, Teamwork, Python, TensorFlow, Leadership, Communication, AWS. Responsibilities include developing solutions, analyzing data, collaborating across teams, and implementing modern AI or software practices."
HR Specialist,"Flask, Statistics, Machine Learning, Python, SQL, NLP, HTML, Java, Docker","We are looking for a HR Specialist with expertise in Flask, Statistics, Machine Learning, Python, SQL, NLP, HTML, Java, Docker. Responsibilities include developing solutions, analyzing data, collaborating across teams, and implementing modern AI or software practices."
AI Engineer,"Flask, Kubernetes, Leadership, Python, CSS, SQL, AWS","We are looking for a AI Engineer with expertise in Flask, Kubernetes, Leadership, Python, CSS, SQL, AWS. Responsibilities include developing solutions, analyzing data, collaborating across teams, and implementing modern AI or software practices."
Machine Learning Engineer,"TensorFlow, Statistics, Leadership, Flask, Communication, NLP, Python, Teamwork, HTML","We are looking for a Machine Learning Engineer with expertise in TensorFlow, Statistics, Leadership, Flask, Communication, NLP, Python, Teamwork, HTML. Responsibilities include developing solutions, analyzing data, collaborating across teams, and implementing modern AI or software practices."
Web Developer,"Communication, Python, Machine Learning, CSS, NLP, SQL, Cloud, Deep Learning","We are looking for a Web Developer with expertise in Communication, Python, Machine Learning, CSS, NLP, SQL, Cloud, Deep Learning. Responsibilities include developing solutions, analyzing data, collaborating across teams, and implementing modern AI or software practices."
Software Engineer,"HTML, SQL, Communication, Machine Learning, CSS, Teamwork, Java","We are looking for a Software Engineer with expertise in HTML, SQL, Communication, Machine Learning, CSS, Teamwork, Java. Responsibilities include developing solutions, analyzing data, collaborating across teams, and implementing modern AI or software practices."
Python Developer,"AWS, React, Leadership, Communication, TensorFlow","We are looking for a Python Developer with expertise in AWS, React, Leadership, Communication, TensorFlow. Responsibilities include developing solutions, analyzing data, collaborating across teams, and implementing modern AI or software practices."
Data Scientist,"CSS, Cloud, TensorFlow, Communication, Teamwork, React","We are looking for a Data Scientist with expertise in CSS, Cloud, TensorFlow, Communication, Teamwork, React. Responsibilities include developing solutions, analyzing data, collaborating across teams, and implementing modern AI or software practices."
Cloud Engineer,"Problem Solving, AWS, Communication, Java, Leadership, Cloud, Data Analysis","We are looking for a Cloud Engineer with expertise in Problem Solving, AWS, Communication, Java, Leadership, Cloud, Data Analysis. Responsibilities include developing solutions, analyzing data, collaborating across teams, and implementing modern AI or software practices."
HR Recruiter,"Deep Learning, TensorFlow, Teamwork, Problem Solving, Communication, Docker, NLP, Statistics, SQL","We are looking for a HR Recruiter with expertise in Deep Learning, TensorFlow, Teamwork, Problem Solving, Communication, Docker, NLP, Statistics, SQL. Responsibilities include developing solutions, analyzing data, collaborating across teams, and implementing modern AI or software practices."
DevOps Engineer,"Flask, SQL, Data Analysis, Kubernetes, Deep Learning","We are looking for a DevOps Engineer with expertise in Flask, SQL, Data Analysis, Kubernetes, Deep Learning. Responsibilities include developing solutions, analyzing data, collaborating across teams, and implementing modern AI or software practices."
UI/UX Designer,"TensorFlow, HTML, Kubernetes, Data Analysis, Cloud, CSS, NLP","We are looking for a UI/UX Designer with expertise in TensorFlow, HTML, Kubernetes, Data Analysis, Cloud, CSS, NLP. Responsibilities include developing solutions, analyzing data, collaborating across teams, and implementing modern AI or software practices."
Business Analyst,"NLP, Cloud, HTML, Statistics, Machine Learning, Data Analysis, CSS, AWS, TensorFlow","We are looking for a Business Analyst with expertise in NLP, Cloud, HTML, Statistics, Machine Learning, Data Analysis, CSS, AWS, TensorFlow. Responsibilities include developing solutions, analyzing data, collaborating across teams, and implementing modern AI or software practices."
NLP Engineer,"Cloud, Machine Learning, Kubernetes, HTML, NLP, Teamwork, Deep Learning, Docker","We are looking for a NLP Engineer with expertise in Cloud, Machine Learning, Kubernetes, HTML, NLP, Teamwork, Deep Learning, Docker. Responsibilities include developing solutions, analyzing data, collaborating across teams, and implementing modern AI or software practices."
Cybersecurity Specialist,"NLP, Data Analysis, Machine Learning, SQL, HTML, TensorFlow, Leadership, Java","We are looking for a Cybersecurity Specialist with expertise in NLP, Data Analysis, Machine Learning, SQL, HTML, TensorFlow, Leadership, Java. Responsibilities include developing solutions, analyzing data, collaborating across teams, and implementing modern AI or software practices."
Data Analyst,"Communication, Java, Kubernetes, Deep Learning, Data Analysis, Azure","We are looking for a Data Analyst with expertise in Communication, Java, Kubernetes, Deep Learning, Data Analysis, Azure. Responsibilities include developing solutions, analyzing data, collaborating across teams, and implementing modern AI or software practices."
HR Specialist,"Machine Learning, Data Analysis, Deep Learning, Statistics, AWS, NLP, Azure, Problem Solving","We are looking for a HR Specialist with expertise in Machine Learning, Data Analysis, Deep Learning, Statistics, AWS, NLP, Azure, Problem Solving. Responsibilities include developing solutions, analyzing data, collaborating across teams, and implementing modern AI or software practices."
AI Engineer,"Problem Solving, Communication, HTML, Leadership, AWS","We are looking for a AI Engineer with expertise in Problem Solving, Communication, HTML, Leadership, AWS. Responsibilities include developing solutions, analyzing data, collaborating across teams, and implementing modern AI or software practices."
Machine Learning Engineer,"Teamwork, TensorFlow, Statistics, Flask, Python, HTML, Machine Learning, Kubernetes, Azure","We are looking for a Machine Learning Engineer with expertise in Teamwork, TensorFlow, Statistics, Flask, Python, HTML, Machine Learning, Kubernetes, Azure. Responsibilities include developing solutions, analyzing data, collaborating across teams, and implementing modern AI or software practices."
Web Developer,"TensorFlow, SQL, Data Analysis, Azure, Communication, Cloud, Machine Learning, Java, Statistics","We are looking for a Web Developer with expertise in TensorFlow, SQL, Data Analysis, Azure, Communication, Cloud, Machine Learning, Java, Statistics. Responsibilities include developing solutions, analyzing data, collaborating across teams, and implementing modern AI or software practices."
Software Engineer,"AWS, HTML, Python, Deep Learning, NLP, Teamwork, Machine Learning, React","We are looking for a Software Engineer with expertise in AWS, HTML, Python, Deep Learning, NLP, Teamwork, Machine Learning, React. Responsibilities include developing solutions, analyzing data, collaborating across teams, and implementing modern AI or software practices."
Python Developer,"React, Data Analysis, Cloud, Teamwork, Statistics, HTML","We are looking for a Python Developer with expertise in React, Data Analysis, Cloud, Teamwork, Statistics, HTML. Responsibilities include developing solutions, analyzing data, collaborating across teams, and implementing modern AI or software practices."
Data Scientist,"Kubernetes, Problem Solving, Java, Cloud, Deep Learning, Data Analysis, Teamwork, Machine Learning","We are looking for a Data Scientist with expertise in Kubernetes, Problem Solving, Java, Cloud, Deep Learning, Data Analysis, Teamwork, Machine Learning. Responsibilities include developing solutions, analyzing data, collaborating across teams, and implementing modern AI or software practices."
Cloud Engineer,"Kubernetes, Data Analysis, TensorFlow, Python, Statistics","We are looking for a Cloud Engineer with expertise in Kubernetes, Data Analysis, TensorFlow, Python, Statistics. Responsibilities include developing solutions, analyzing data, collaborating across teams, and implementing modern AI or software practices."
HR Recruiter,"Problem Solving, Statistics, React, Deep Learning, Leadership, TensorFlow","We are looking for a HR Recruiter with expertise in Problem Solving, Statistics, React, Deep Learning, Leadership, TensorFlow. Responsibilities include developing solutions, analyzing data, collaborating across teams, and implementing modern AI or software practices."
DevOps Engineer,"Cloud, Azure, Statistics, Leadership, HTML, Teamwork","We are looking for a DevOps Engineer with expertise in Cloud, Azure, Statistics, Leadership, HTML, Teamwork. Responsibilities include developing solutions, analyzing data, collaborating across teams, and implementing modern AI or software practices."
UI/UX Designer,"HTML, NLP, Statistics, Python, Azure, Problem Solving, Leadership","We are looking for a UI/UX Designer with expertise in HTML, NLP, Statistics, Python, Azure, Problem Solving, Leadership. Responsibilities include developing solutions, analyzing data, collaborating across teams, and implementing modern AI or software practices."
Business Analyst,"Deep Learning, Teamwork, Kubernetes, Leadership, TensorFlow","We are looking for a Business Analyst with expertise in Deep Learning, Teamwork, Kubernetes, Leadership, TensorFlow. Responsibilities include developing solutions, analyzing data, collaborating across teams, and implementing modern AI or software practices."
NLP Engineer,"TensorFlow, Cloud, Teamwork, Flask, HTML, Deep Learning, Python, Docker","We are looking for a NLP Engineer with expertise in TensorFlow, Cloud, Teamwork, Flask, HTML, Deep Learning, Python, Docker. Responsibilities include developing solutions, analyzing data, collaborating across teams, and implementing modern AI or software practices."
Cybersecurity Specialist,"Deep Learning, Statistics, NLP, Cloud, Java, Teamwork, Python, Problem Solving, Kubernetes","We are looking for a Cybersecurity Specialist with expertise in Deep Learning, Statistics, NLP, Cloud, Java, Teamwork, Python, Problem Solving, Kubernetes. Responsibilities include developing solutions, analyzing data, collaborating across teams, and implementing modern AI or software practices."
Data Analyst,"Deep Learning, Data Analysis, TensorFlow, Azure, Problem Solving","We are looking for a Data Analyst with expertise in Deep Learning, Data Analysis, TensorFlow, Azure, Problem Solving. Responsibilities include developing solutions, analyzing data, collaborating across teams, and implementing modern AI or software practices."
HR Specialist,"Python, NLP, CSS, SQL, Kubernetes, Problem Solving, Java, Cloud","We are looking for a HR Specialist with expertise in Python, NLP, CSS, SQL, Kubernetes, Problem Solving, Java, Cloud. Responsibilities include developing solutions, analyzing data, collaborating across teams, and implementing modern AI or software practices."
AI Engineer,"Java, HTML, Flask, Teamwork, Data Analysis, Machine Learning, Docker","We are looking for a AI Engineer with expertise in Java, HTML, Flask, Teamwork, Data Analysis, Machine Learning, Docker. Responsibilities include developing solutions, analyzing data, collaborating across teams, and implementing modern AI or software practices."
Machine Learning Engineer,"Statistics, Docker, Leadership, Azure, Data Analysis, CSS, SQL","We are looking for a Machine Learning Engineer with expertise in Statistics, Docker, Leadership, Azure, Data Analysis, CSS, SQL. Responsibilities include developing solutions, analyzing data, collaborating across teams, and implementing modern AI or software practices."
Web Developer,"Docker, Teamwork, Statistics, TensorFlow, SQL, Java, Problem Solving, Flask","We are looking for a Web Developer with expertise in Docker, Teamwork, Statistics, TensorFlow, SQL, Java, Problem Solving, Flask. Responsibilities include developing solutions, analyzing data, collaborating across teams, and implementing modern AI or software practices."
Software Engineer,"Cloud, Communication, Java, SQL, TensorFlow, Data Analysis, Python","We are looking for a Software Engineer with expertise in Cloud, Communication, Java, SQL, TensorFlow, Data Analysis, Python. Responsibilities include developing solutions, analyzing data, collaborating across teams, and implementing modern AI or software practices."
Python Developer,"Kubernetes, Teamwork, Cloud, Machine Learning, Java","We are looking for a Python Developer with expertise in Kubernetes, Teamwork, Cloud, Machine Learning, Java. Responsibilities include developing solutions, analyzing data, collaborating across teams, and implementing modern AI or software practices."
Data Scientist,"Docker, Azure, Cloud, Java, Deep Learning","We are looking for a Data Scientist with expertise in Docker, Azure, Cloud, Java, Deep Learning. Responsibilities include developing solutions, analyzing data, collaborating across teams, and implementing modern AI or software practices."
Cloud Engineer,"Python, Data Analysis, React, Problem Solving, Deep Learning, Statistics","We are looking for a Cloud Engineer with expertise in Python, Data Analysis, React, Problem Solving, Deep Learning, Statistics. Responsibilities include developing solutions, analyzing data, collaborating across teams, and implementing modern AI or software practices."
HR Recruiter,"CSS, Kubernetes, Docker, TensorFlow, Statistics, Flask, Java, Teamwork, Communication","We are looking for a HR Recruiter with expertise in CSS, Kubernetes, Docker, TensorFlow, Statistics, Flask, Java, Teamwork, Communication. Responsibilities include developing solutions, analyzing data, collaborating across teams, and implementing modern AI or software practices."
DevOps Engineer,"AWS, Java, Flask, TensorFlow, Communication","We are looking for a DevOps Engineer with expertise in AWS, Java, Flask, TensorFlow, Communication. Responsibilities include developing solutions, analyzing data, collaborating across teams, and implementing modern AI or software practices."
UI/UX Designer,"Azure, SQL, Statistics, Kubernetes, Docker, CSS, React, NLP, Python","We are looking for a UI/UX Designer with expertise in Azure, SQL, Statistics, Kubernetes, Docker, CSS, React, NLP, Python. Responsibilities include developing solutions, analyzing data, collaborating across teams, and implementing modern AI or software practices."
Business Analyst,"Python, Kubernetes, NLP, Data Analysis, Flask, Leadership, Java","We are looking for a Business Analyst with expertise in Python, Kubernetes, NLP, Data Analysis, Flask, Leadership, Java. Responsibilities include developing solutions, analyzing data, collaborating across teams, and implementing modern AI or software practices."
NLP Engineer,"Flask, Statistics, Machine Learning, Leadership, React","We are looking for a NLP Engineer with expertise in Flask, Statistics, Machine Learning, Leadership, React. Responsibilities include developing solutions, analyzing data, collaborating across teams, and implementing modern AI or software practices."
Cybersecurity Specialist,"CSS, Azure, Teamwork, TensorFlow, Problem Solving, Machine Learning, NLP, Statistics","We are looking for a Cybersecurity Specialist with expertise in CSS, Azure, Teamwork, TensorFlow, Problem Solving, Machine Learning, NLP, Statistics. Responsibilities include developing solutions, analyzing data, collaborating across teams, and implementing modern AI or software practices."
Data Analyst,"CSS, Kubernetes, Flask, AWS, SQL","We are looking for a Data Analyst with expertise in CSS, Kubernetes, Flask, AWS, SQL. Responsibilities include developing solutions, analyzing data, collaborating across teams, and implementing modern AI or software practices."
HR Specialist,"Flask, Python, Machine Learning, CSS, NLP, Java, React, TensorFlow","We are looking for a HR Specialist with expertise in Flask, Python, Machine Learning, CSS, NLP, Java, React, TensorFlow. Responsibilities include developing solutions, analyzing data, collaborating across teams, and implementing modern AI or software practices."
AI Engineer,"CSS, Leadership, React, SQL, Flask, HTML, Communication","We are looking for a AI Engineer with expertise in CSS, Leadership, React, SQL, Flask, HTML, Communication. Responsibilities include developing solutions, analyzing data, collaborating across teams, and implementing modern AI or software practices."
Machine Learning Engineer,"SQL, Flask, Deep Learning, Statistics, Machine Learning, Communication, AWS, Docker, Problem Solving","We are looking for a Machine Learning Engineer with expertise in SQL, Flask, Deep Learning, Statistics, Machine Learning, Communication, AWS, Docker, Problem Solving. Responsibilities include developing solutions, analyzing data, collaborating across teams, and implementing modern AI or software practices."
Web Developer,"Leadership, Data Analysis, NLP, Azure, AWS, Communication","We are looking for a Web Developer with expertise in Leadership, Data Analysis, NLP, Azure, AWS, Communication. Responsibilities include developing solutions, analyzing data, collaborating across teams, and implementing modern AI or software practices."
Software Engineer,"Machine Learning, AWS, Azure, Leadership, HTML, Teamwork, Python, Docker","We are looking for a Software Engineer with expertise in Machine Learning, AWS, Azure, Leadership, HTML, Teamwork, Python, Docker. Responsibilities include developing solutions, analyzing data, collaborating across teams, and implementing modern AI or software practices."
Python Developer,"SQL, Deep Learning, Azure, HTML, Docker","We are looking for a Python Developer with expertise in SQL, Deep Learning, Azure, HTML, Docker. Responsibilities include developing solutions, analyzing data, collaborating across teams, and implementing modern AI or software practices."
Data Scientist,"NLP, Leadership, Kubernetes, Statistics, Python, Machine Learning, HTML, Data Analysis","We are looking for a Data Scientist with expertise in NLP, Leadership, Kubernetes, Statistics, Python, Machine Learning, HTML, Data Analysis. Responsibilities include developing solutions, analyzing data, collaborating across teams, and implementing modern AI or software practices."
Cloud Engineer,"Teamwork, NLP, Azure, Statistics, Communication, TensorFlow","We are looking for a Cloud Engineer with expertise in Teamwork, NLP, Azure, Statistics, Communication, TensorFlow. Responsibilities include developing solutions, analyzing data, collaborating across teams, and implementing modern AI or software practices."
HR Recruiter,"NLP, Data Analysis, HTML, Python, Statistics, Machine Learning, Cloud, Deep Learning","We are looking for a HR Recruiter with expertise in NLP, Data Analysis, HTML, Python, Statistics, Machine Learning, Cloud, Deep Learning. Responsibilities include developing solutions, analyzing data, collaborating across teams, and implementing modern AI or software practices."
DevOps Engineer,"NLP, CSS, Azure, Flask, Teamwork, Problem Solving, SQL, TensorFlow, Deep Learning","We are looking for a DevOps Engineer with expertise in NLP, CSS, Azure, Flask, Teamwork, Problem Solving, SQL, TensorFlow, Deep Learning. Responsibilities include developing solutions, analyzing data, collaborating across teams, and implementing modern AI or software practices."
UI/UX Designer,"Azure, Java, HTML, AWS, Communication","We are looking for a UI/UX Designer with expertise in Azure, Java, HTML, AWS, Communication. Responsibilities include developing solutions, analyzing data, collaborating across teams, and implementing modern AI or software practices."
Business Analyst,"Azure, NLP, TensorFlow, Docker, Leadership, Java, Deep Learning, React, Flask","We are looking for a Business Analyst with expertise in Azure, NLP, TensorFlow, Docker, Leadership, Java, Deep Learning, React, Flask. Responsibilities include developing solutions, analyzing data, collaborating across teams, and implementing modern AI or software practices."
NLP Engineer,"Flask, HTML, Deep Learning, Data Analysis, Teamwork, Python","We are looking for a NLP Engineer with expertise in Flask, HTML, Deep Learning, Data Analysis, Teamwork, Python. Responsibilities include developing solutions, analyzing data, collaborating across teams, and implementing modern AI or software practices."
Cybersecurity Specialist,"Kubernetes, React, CSS, AWS, TensorFlow","We are looking for a Cybersecurity Specialist with expertise in Kubernetes, React, CSS, AWS, TensorFlow. Responsibilities include developing solutions, analyzing data, collaborating across teams, and implementing modern AI or software practices."
Data Analyst,"Statistics, Cloud, Problem Solving, Deep Learning, Docker, TensorFlow, Teamwork, SQL","We are looking for a Data Analyst with expertise in Statistics, Cloud, Problem Solving, Deep Learning, Docker, TensorFlow, Teamwork, SQL. Responsibilities include developing solutions, analyzing data, collaborating across teams, and implementing modern AI or software practices."
HR Specialist,"Kubernetes, Communication, TensorFlow, CSS, Data Analysis","We are looking for a HR Specialist with expertise in Kubernetes, Communication, TensorFlow, CSS, Data Analysis. Responsibilities include developing solutions, analyzing data, collaborating across teams, and implementing modern AI or software practices."
AI Engineer,"AWS, CSS, Flask, Deep Learning, Problem Solving, Docker, Statistics, Python, Java","We are looking for a AI Engineer with expertise in AWS, CSS, Flask, Deep Learning, Problem Solving, Docker, Statistics, Python, Java. Responsibilities include developing solutions, analyzing data, collaborating across teams, and implementing modern AI or software practices."
Machine Learning Engineer,"Java, CSS, NLP, SQL, Deep Learning, Statistics, Leadership, Python","We are looking for a Machine Learning Engineer with expertise in Java, CSS, NLP, SQL, Deep Learning, Statistics, Leadership, Python. Responsibilities include developing solutions, analyzing data, collaborating across teams, and implementing modern AI or software practices."
Web Developer,"Problem Solving, Teamwork, Leadership, Docker, React, Java, CSS, SQL, HTML","We are looking for a Web Developer with expertise in Problem Solving, Teamwork, Leadership, Docker, React, Java, CSS, SQL, HTML. Responsibilities include developing solutions, analyzing data, collaborating across teams, and implementing modern AI or software practices."
Software Engineer,"HTML, Data Analysis, Teamwork, Java, Deep Learning, SQL, Azure, Docker","We are looking for a Software Engineer with expertise in HTML, Data Analysis, Teamwork, Java, Deep Learning, SQL, Azure, Docker. Responsibilities include developing solutions, analyzing data, collaborating across teams, and implementing modern AI or software practices."
Python Developer,"Leadership, Java, Data Analysis, Kubernetes, Azure","We are looking for a Python Developer with expertise in Leadership, Java, Data Analysis, Kubernetes, Azure. Responsibilities include developing solutions, analyzing data, collaborating across teams, and implementing modern AI or software practices."
Data Scientist,"Data Analysis, Java, HTML, Deep Learning, Problem Solving, Docker","We are looking for a Data Scientist with expertise in Data Analysis, Java, HTML, Deep Learning, Problem Solving, Docker. Responsibilities include developing solutions, analyzing data, collaborating across teams, and implementing modern AI or software practices."
Cloud Engineer,"Communication, Deep Learning, Cloud, Kubernetes, Statistics, AWS","We are looking for a Cloud Engineer with expertise in Communication, Deep Learning, Cloud, Kubernetes, Statistics, AWS. Responsibilities include developing solutions, analyzing data, collaborating across teams, and implementing modern AI or software practices."
HR Recruiter,"Leadership, AWS, TensorFlow, Data Analysis, Statistics, CSS, Teamwork","We are looking for a HR Recruiter with expertise in Leadership, AWS, TensorFlow, Data Analysis, Statistics, CSS, Teamwork. Responsibilities include developing solutions, analyzing data, collaborating across teams, and implementing modern AI or software practices."
DevOps Engineer,"Teamwork, Problem Solving, AWS, CSS, Statistics, TensorFlow, Cloud, SQL, Data Analysis","We are looking for a DevOps Engineer with expertise in Teamwork, Problem Solving, AWS, CSS, Statistics, TensorFlow, Cloud, SQL, Data Analysis. Responsibilities include developing solutions, analyzing data, collaborating across teams, and implementing modern AI or software practices."
UI/UX Designer,"Teamwork, Statistics, React, Leadership, Problem Solving, NLP, Java, CSS","We are looking for a UI/UX Designer with expertise in Teamwork, Statistics, React, Leadership, Problem Solving, NLP, Java, CSS. Responsibilities include developing solutions, analyzing data, collaborating across teams, and implementing modern AI or software practices."
Business Analyst,"Deep Learning, Leadership, Data Analysis, Machine Learning, NLP, Communication, CSS, Statistics, Problem Solving","We are looking for a Business Analyst with expertise in Deep Learning, Leadership, Data Analysis, Machine Learning, NLP, Communication, CSS, Statistics, Problem Solving. Responsibilities include developing solutions, analyzing data, collaborating across teams, and implementing modern AI or software practices."
NLP Engineer,"Statistics, React, Docker, CSS, Flask","We are looking for a NLP Engineer with expertise in Statistics, React, Docker, CSS, Flask. Responsibilities include developing solutions, analyzing data, collaborating across teams, and implementing modern AI or software practices."
Cybersecurity Specialist,"Communication, Teamwork, Cloud, Kubernetes, Machine Learning, Deep Learning, HTML, TensorFlow","We are looking for a Cybersecurity Specialist with expertise in Communication, Teamwork, Cloud, Kubernetes, Machine Learning, Deep Learning, HTML, TensorFlow. Responsibilities include developing solutions, analyzing data, collaborating across teams, and implementing modern AI or software practices."
Data Analyst,"Deep Learning, Communication, Leadership, Docker, AWS, Azure","We are looking for a Data Analyst with expertise in Deep Learning, Communication, Leadership, Docker, AWS, Azure. Responsibilities include developing solutions, analyzing data, collaborating across teams, and implementing modern AI or software practices."
HR Specialist,"React, Kubernetes, Communication, Teamwork, CSS","We are looking for a HR Specialist with expertise in React, Kubernetes, Communication, Teamwork, CSS. Responsibilities include developing solutions, analyzing data, collaborating across teams, and implementing modern AI or software practices."
AI Engineer,"AWS, Communication, Deep Learning, HTML, Python, Teamwork, SQL, Cloud","We are looking for a AI Engineer with expertise in AWS, Communication, Deep Learning, HTML, Python, Teamwork, SQL, Cloud. Responsibilities include developing solutions, analyzing data, collaborating across teams, and implementing modern AI or software practices."
Machine Learning Engineer,"Deep Learning, TensorFlow, Kubernetes, Teamwork, Python, Flask, CSS","We are looking for a Machine Learning Engineer with expertise in Deep Learning, TensorFlow, Kubernetes, Teamwork, Python, Flask, CSS. Responsibilities include developing solutions, analyzing data, collaborating across teams, and implementing modern AI or software practices."
Web Developer,"Docker, Python, Deep Learning, Data Analysis, Kubernetes, HTML, CSS","We are looking for a Web Developer with expertise in Docker, Python, Deep Learning, Data Analysis, Kubernetes, HTML, CSS. Responsibilities include developing solutions, analyzing data, collaborating across teams, and implementing modern AI or software practices."
Software Engineer,"Azure, Cloud, Communication, React, AWS, Flask, HTML, Data Analysis","We are looking for a Software Engineer with expertise in Azure, Cloud, Communication, React, AWS, Flask, HTML, Data Analysis. Responsibilities include developing solutions, analyzing data, collaborating across teams, and implementing modern AI or software practices."
Python Developer,"Deep Learning, NLP, TensorFlow, CSS, Data Analysis, Azure, HTML, AWS","We are looking for a Python Developer with expertise in Deep Learning, NLP, TensorFlow, CSS, Data Analysis, Azure, HTML, AWS. Responsibilities include developing solutions, analyzing data, collaborating across teams, and implementing modern AI or software practices."
Data Scientist,"Teamwork, CSS, TensorFlow, HTML, AWS","We are looking for a Data Scientist with expertise in Teamwork, CSS, TensorFlow, HTML, AWS. Responsibilities include developing solutions, analyzing data, collaborating across teams, and implementing modern AI or software practices."
Cloud Engineer,"Data Analysis, Machine Learning, Azure, Kubernetes, CSS, Java, SQL","We are looking for a Cloud Engineer with expertise in Data Analysis, Machine Learning, Azure, Kubernetes, CSS, Java, SQL. Responsibilities include developing solutions, analyzing data, collaborating across teams, and implementing modern AI or software practices."
HR Recruiter,"Docker, SQL, Communication, HTML, Machine Learning","We are looking for a HR Recruiter with expertise in Docker, SQL, Communication, HTML, Machine Learning. Responsibilities include developing solutions, analyzing data, collaborating across teams, and implementing modern AI or software practices."
DevOps Engineer,"Machine Learning, Statistics, React, Data Analysis, Flask, Python, Cloud, TensorFlow, Docker","We are looking for a DevOps Engineer with expertise in Machine Learning, Statistics, React, Data Analysis, Flask, Python, Cloud, TensorFlow, Docker. Responsibilities include developing solutions, analyzing data, collaborating across teams, and implementing modern AI or software practices."
UI/UX Designer,"SQL, Python, Docker, Data Analysis, NLP, Flask, React, CSS, Communication","We are looking for a UI/UX Designer with expertise in SQL, Python, Docker, Data Analysis, NLP, Flask, React, CSS, Communication. Responsibilities include developing solutions, analyzing data, collaborating across teams, and implementing modern AI or software practices."
Business Analyst,"React, Communication, Problem Solving, Docker, CSS","We are looking for a Business Analyst with expertise in React, Communication, Problem Solving, Docker, CSS. Responsibilities include developing solutions, analyzing data, collaborating across teams, and implementing modern AI or software practices."
NLP Engineer,"Flask, Kubernetes, TensorFlow, AWS, Azure, Docker","We are looking for a NLP Engineer with expertise in Flask, Kubernetes, TensorFlow, AWS, Azure, Docker. Responsibilities include developing solutions, analyzing data, collaborating across teams, and implementing modern AI or software practices."
Cybersecurity Specialist,"Communication, HTML, SQL, Machine Learning, Deep Learning, Data Analysis, React, Flask, NLP","We are looking for a Cybersecurity Specialist with expertise in Communication, HTML, SQL, Machine Learning, Deep Learning, Data Analysis, React, Flask, NLP. Responsibilities include developing solutions, analyzing data, collaborating across teams, and implementing modern AI or software practices."
Data Analyst,"NLP, HTML, Statistics, Java, Data Analysis","We are looking for a Data Analyst with expertise in NLP, HTML, Statistics, Java, Data Analysis. Responsibilities include developing solutions, analyzing data, collaborating across teams, and implementing modern AI or software practices."
HR Specialist,"Python, CSS, AWS, Java, React, Problem Solving, Cloud, Data Analysis, Docker","We are looking for a HR Specialist with expertise in Python, CSS, AWS, Java, React, Problem Solving, Cloud, Data Analysis, Docker. Responsibilities include developing solutions, analyzing data, collaborating across teams, and implementing modern AI or software practices."
AI Engineer,"Data Analysis, React, Problem Solving, Azure, SQL, Communication, Statistics, Cloud","We are looking for a AI Engineer with expertise in Data Analysis, React, Problem Solving, Azure, SQL, Communication, Statistics, Cloud. Responsibilities include developing solutions, analyzing data, collaborating across teams, and implementing modern AI or software practices."
Machine Learning Engineer,"Machine Learning, Data Analysis, HTML, Problem Solving, Flask, Communication, Leadership, Java","We are looking for a Machine Learning Engineer with expertise in Machine Learning, Data Analysis, HTML, Problem Solving, Flask, Communication, Leadership, Java. Responsibilities include developing solutions, analyzing data, collaborating across teams, and implementing modern AI or software practices."
Web Developer,"AWS, Communication, SQL, Data Analysis, Machine Learning, Teamwork","We are looking for a Web Developer with expertise in AWS, Communication, SQL, Data Analysis, Machine Learning, Teamwork. Responsibilities include developing solutions, analyzing data, collaborating across teams, and implementing modern AI or software practices."
Software Engineer,"Flask, HTML, Docker, Python, Cloud, Communication, Kubernetes","We are looking for a Software Engineer with expertise in Flask, HTML, Docker, Python, Cloud, Communication, Kubernetes. Responsibilities include developing solutions, analyzing data, collaborating across teams, and implementing modern AI or software practices."
Python Developer,"Statistics, Leadership, React, Data Analysis, Docker, Teamwork, Kubernetes, Cloud, Machine Learning","We are looking for a Python Developer with expertise in Statistics, Leadership, React, Data Analysis, Docker, Teamwork, Kubernetes, Cloud, Machine Learning. Responsibilities include developing solutions, analyzing data, collaborating across teams, and implementing modern AI or software practices."
Data Scientist,"Java, Data Analysis, Docker, Teamwork, Cloud","We are looking for a Data Scientist with expertise in Java, Data Analysis, Docker, Teamwork, Cloud. Responsibilities include developing solutions, analyzing data, collaborating across teams, and implementing modern AI or software practices."
Cloud Engineer,"Deep Learning, Azure, NLP, Docker, HTML","We are looking for a Cloud Engineer with expertise in Deep Learning, Azure, NLP, Docker, HTML. Responsibilities include developing solutions, analyzing data, collaborating across teams, and implementing modern AI or software practices."
HR Recruiter,"Python, Statistics, Azure, Deep Learning, NLP, Communication, Cloud, TensorFlow","We are looking for a HR Recruiter with expertise in Python, Statistics, Azure, Deep Learning, NLP, Communication, Cloud, TensorFlow. Responsibilities include developing solutions, analyzing data, collaborating across teams, and implementing modern AI or software practices."
DevOps Engineer,"Docker, Java, Deep Learning, NLP, AWS, TensorFlow, SQL, Teamwork, Problem Solving","We are looking for a DevOps Engineer with expertise in Docker, Java, Deep Learning, NLP, AWS, TensorFlow, SQL, Teamwork, Problem Solving. Responsibilities include developing solutions, analyzing data, collaborating across teams, and implementing modern AI or software practices."
UI/UX Designer,"Docker, CSS, Statistics, Teamwork, SQL, Communication, Python, Leadership, Flask","We are looking for a UI/UX Designer with expertise in Docker, CSS, Statistics, Teamwork, SQL, Communication, Python, Leadership, Flask. Responsibilities include developing solutions, analyzing data, collaborating across teams, and implementing modern AI or software practices."
Business Analyst,"Teamwork, Problem Solving, CSS, Flask, Statistics, Azure","We are looking for a Business Analyst with expertise in Teamwork, Problem Solving, CSS, Flask, Statistics, Azure. Responsibilities include developing solutions, analyzing data, collaborating across teams, and implementing modern AI or software practices."
NLP Engineer,"Data Analysis, CSS, Communication, Python, Deep Learning, Cloud, TensorFlow, Teamwork, Java","We are looking for a NLP Engineer with expertise in Data Analysis, CSS, Communication, Python, Deep Learning, Cloud, TensorFlow, Teamwork, Java. Responsibilities include developing solutions, analyzing data, collaborating across teams, and implementing modern AI or software practices."
Cybersecurity Specialist,"AWS, Data Analysis, Teamwork, Statistics, Azure, Machine Learning","We are looking for a Cybersecurity Specialist with expertise in AWS, Data Analysis, Teamwork, Statistics, Azure, Machine Learning. Responsibilities include developing solutions, analyzing data, collaborating across teams, and implementing modern AI or software practices."
Data Analyst,"Java, Python, NLP, CSS, Data Analysis, Cloud, Leadership","We are looking for a Data Analyst with expertise in Java, Python, NLP, CSS, Data Analysis, Cloud, Leadership. Responsibilities include developing solutions, analyzing data, collaborating across teams, and implementing modern AI or software practices."
HR Specialist,"Problem Solving, Statistics, Kubernetes, Flask, Docker","We are looking for a HR Specialist with expertise in Problem Solving, Statistics, Kubernetes, Flask, Docker. Responsibilities include developing solutions, analyzing data, collaborating across teams, and implementing modern AI or software practices."
AI Engineer,"Problem Solving, AWS, Communication, Machine Learning, Leadership, Python, SQL, Java, Deep Learning","We are looking for a AI Engineer with expertise in Problem Solving, AWS, Communication, Machine Learning, Leadership, Python, SQL, Java, Deep Learning. Responsibilities include developing solutions, analyzing data, collaborating across teams, and implementing modern AI or software practices."
Machine Learning Engineer,"Flask, Leadership, SQL, TensorFlow, Communication, NLP, React, Kubernetes","We are looking for a Machine Learning Engineer with expertise in Flask, Leadership, SQL, TensorFlow, Communication, NLP, React, Kubernetes. Responsibilities include developing solutions, analyzing data, collaborating across teams, and implementing modern AI or software practices."
Web Developer,"Cloud, NLP, Java, Python, Docker, Flask, Communication","We are looking for a Web Developer with expertise in Cloud, NLP, Java, Python, Docker, Flask, Communication. Responsibilities include developing solutions, analyzing data, collaborating across teams, and implementing modern AI or software practices."
Software Engineer,"React, CSS, Java, Data Analysis, SQL","We are looking for a Software Engineer with expertise in React, CSS, Java, Data Analysis, SQL. Responsibilities include developing solutions, analyzing data, collaborating across teams, and implementing modern AI or software practices."
Python Developer,"Data Analysis, Java, Kubernetes, HTML, Problem Solving, Docker, Deep Learning, Teamwork","We are looking for a Python Developer with expertise in Data Analysis, Java, Kubernetes, HTML, Problem Solving, Docker, Deep Learning, Teamwork. Responsibilities include developing solutions, analyzing data, collaborating across teams, and implementing modern AI or software practices."
Data Scientist,"SQL, AWS, Teamwork, NLP, Docker","We are looking for a Data Scientist with expertise in SQL, AWS, Teamwork, NLP, Docker. Responsibilities include developing solutions, analyzing data, collaborating across teams, and implementing modern AI or software practices."
Cloud Engineer,"Python, Data Analysis, NLP, Problem Solving, HTML, Deep Learning, Docker, CSS","We are looking for a Cloud Engineer with expertise in Python, Data Analysis, NLP, Problem Solving, HTML, Deep Learning, Docker, CSS. Responsibilities include developing solutions, analyzing data, collaborating across teams, and implementing modern AI or software practices."
HR Recruiter,"Problem Solving, HTML, Java, NLP, Azure, SQL","We are looking for a HR Recruiter with expertise in Problem Solving, HTML, Java, NLP, Azure, SQL. Responsibilities include developing solutions, analyzing data, collaborating across teams, and implementing modern AI or software practices."
DevOps Engineer,"CSS, SQL, Teamwork, AWS, Azure, Python, Kubernetes, TensorFlow","We are looking for a DevOps Engineer with expertise in CSS, SQL, Teamwork, AWS, Azure, Python, Kubernetes, TensorFlow. Responsibilities include developing solutions, analyzing data, collaborating across teams, and implementing modern AI or software practices."
UI/UX Designer,"Kubernetes, Java, Machine Learning, React, Python, Data Analysis, NLP, TensorFlow, AWS","We are looking for a UI/UX Designer with expertise in Kubernetes, Java, Machine Learning, React, Python, Data Analysis, NLP, TensorFlow, AWS. Responsibilities include developing solutions, analyzing data, collaborating across teams, and implementing modern AI or software practices."
Business Analyst,"NLP, React, Java, Azure, AWS, Docker","We are looking for a Business Analyst with expertise in NLP, React, Java, Azure, AWS, Docker. Responsibilities include developing solutions, analyzing data, collaborating across teams, and implementing modern AI or software practices."
NLP Engineer,"NLP, Deep Learning, CSS, React, Machine Learning","We are looking for a NLP Engineer with expertise in NLP, Deep Learning, CSS, React, Machine Learning. Responsibilities include developing solutions, analyzing data, collaborating across teams, and implementing modern AI or software practices."
Cybersecurity Specialist,"Teamwork, AWS, Azure, Docker, Python, Leadership, Machine Learning, Cloud","We are looking for a Cybersecurity Specialist with expertise in Teamwork, AWS, Azure, Docker, Python, Leadership, Machine Learning, Cloud. Responsibilities include developing solutions, analyzing data, collaborating across teams, and implementing modern AI or software practices."
Data Analyst,"Kubernetes, Machine Learning, Leadership, HTML, Cloud, Azure, CSS","We are looking for a Data Analyst with expertise in Kubernetes, Machine Learning, Leadership, HTML, Cloud, Azure, CSS. Responsibilities include developing solutions, analyzing data, collaborating across teams, and implementing modern AI or software practices."
HR Specialist,"Azure, Leadership, CSS, Python, Cloud, Docker","We are looking for a HR Specialist with expertise in Azure, Leadership, CSS, Python, Cloud, Docker. Responsibilities include developing solutions, analyzing data, collaborating across teams, and implementing modern AI or software practices."
AI Engineer,"Problem Solving, Data Analysis, Cloud, Leadership, Machine Learning","We are looking for a AI Engineer with expertise in Problem Solving, Data Analysis, Cloud, Leadership, Machine Learning. Responsibilities include developing solutions, analyzing data, collaborating across teams, and implementing modern AI or software practices."
Machine Learning Engineer,"Statistics, AWS, Azure, Communication, Cloud, SQL, Deep Learning, Machine Learning, Docker","We are looking for a Machine Learning Engineer with expertise in Statistics, AWS, Azure, Communication, Cloud, SQL, Deep Learning, Machine Learning, Docker. Responsibilities include developing solutions, analyzing data, collaborating across teams, and implementing modern AI or software practices."
Web Developer,"Problem Solving, Communication, Java, Docker, TensorFlow, CSS, Leadership, NLP","We are looking for a Web Developer with expertise in Problem Solving, Communication, Java, Docker, TensorFlow, CSS, Leadership, NLP. Responsibilities include developing solutions, analyzing data, collaborating across teams, and implementing modern AI or software practices."
Software Engineer,"Machine Learning, Kubernetes, Data Analysis, Deep Learning, Java","We are looking for a Software Engineer with expertise in Machine Learning, Kubernetes, Data Analysis, Deep Learning, Java. Responsibilities include developing solutions, analyzing data, collaborating across teams, and implementing modern AI or software practices."
Python Developer,"Data Analysis, HTML, Docker, Kubernetes, Azure, TensorFlow, Leadership, Problem Solving","We are looking for a Python Developer with expertise in Data Analysis, HTML, Docker, Kubernetes, Azure, TensorFlow, Leadership, Problem Solving. Responsibilities include developing solutions, analyzing data, collaborating across teams, and implementing modern AI or software practices."
Data Scientist,"TensorFlow, Deep Learning, Leadership, Python, Machine Learning","We are looking for a Data Scientist with expertise in TensorFlow, Deep Learning, Leadership, Python, Machine Learning. Responsibilities include developing solutions, analyzing data, collaborating across teams, and implementing modern AI or software practices."
Cloud Engineer,"Communication, Data Analysis, HTML, Kubernetes, Statistics, Deep Learning, Python, Flask, CSS","We are looking for a Cloud Engineer with expertise in Communication, Data Analysis, HTML, Kubernetes, Statistics, Deep Learning, Python, Flask, CSS. Responsibilities include developing solutions, analyzing data, collaborating across teams, and implementing modern AI or software practices."
HR Recruiter,"HTML, SQL, Deep Learning, Teamwork, Docker","We are looking for a HR Recruiter with expertise in HTML, SQL, Deep Learning, Teamwork, Docker. Responsibilities include developing solutions, analyzing data, collaborating across teams, and implementing modern AI or software practices."
DevOps Engineer,"Docker, AWS, HTML, Flask, Cloud, SQL","We are looking for a DevOps Engineer with expertise in Docker, AWS, HTML, Flask, Cloud, SQL. Responsibilities include developing solutions, analyzing data, collaborating across teams, and implementing modern AI or software practices."
UI/UX Designer,"Azure, Data Analysis, Deep Learning, CSS, TensorFlow","We are looking for a UI/UX Designer with expertise in Azure, Data Analysis, Deep Learning, CSS, TensorFlow. Responsibilities include developing solutions, analyzing data, collaborating across teams, and implementing modern AI or software practices."
Business Analyst,"Deep Learning, TensorFlow, SQL, Azure, Flask, NLP","We are looking for a Business Analyst with expertise in Deep Learning, TensorFlow, SQL, Azure, Flask, NLP. Responsibilities include developing solutions, analyzing data, collaborating across teams, and implementing modern AI or software practices."
NLP Engineer,"React, Java, HTML, Teamwork, Problem Solving, Azure","We are looking for a NLP Engineer with expertise in React, Java, HTML, Teamwork, Problem Solving, Azure. Responsibilities include developing solutions, analyzing data, collaborating across teams, and implementing modern AI or software practices."
Cybersecurity Specialist,"CSS, Java, Flask, HTML, Leadership, React, TensorFlow","We are looking for a Cybersecurity Specialist with expertise in CSS, Java, Flask, HTML, Leadership, React, TensorFlow. Responsibilities include developing solutions, analyzing data, collaborating across teams, and implementing modern AI or software practices."
Data Analyst,"Java, React, Deep Learning, Machine Learning, Data Analysis, Flask, Docker, AWS, Teamwork","We are looking for a Data Analyst with expertise in Java, React, Deep Learning, Machine Learning, Data Analysis, Flask, Docker, AWS, Teamwork. Responsibilities include developing solutions, analyzing data, collaborating across teams, and implementing modern AI or software practices."
HR Specialist,"Data Analysis, CSS, Leadership, Teamwork, Problem Solving","We are looking for a HR Specialist with expertise in Data Analysis, CSS, Leadership, Teamwork, Problem Solving. Responsibilities include developing solutions, analyzing data, collaborating across teams, and implementing modern AI or software practices."
AI Engineer,"Azure, Cloud, CSS, AWS, Leadership","We are looking for a AI Engineer with expertise in Azure, Cloud, CSS, AWS, Leadership. Responsibilities include developing solutions, analyzing data, collaborating across teams, and implementing modern AI or software practices."
Machine Learning Engineer,"Python, Problem Solving, Data Analysis, Statistics, TensorFlow, Leadership, SQL, Flask","We are looking for a Machine Learning Engineer with expertise in Python, Problem Solving, Data Analysis, Statistics, TensorFlow, Leadership, SQL, Flask. Responsibilities include developing solutions, analyzing data, collaborating across teams, and implementing modern AI or software practices."
Web Developer,"Docker, AWS, NLP, Cloud, Azure","We are looking for a Web Developer with expertise in Docker, AWS, NLP, Cloud, Azure. Responsibilities include developing solutions, analyzing data, collaborating across teams, and implementing modern AI or software practices."
Software Engineer,"Leadership, Java, React, Problem Solving, SQL, Cloud, Flask, Communication","We are looking for a Software Engineer with expertise in Leadership, Java, React, Problem Solving, SQL, Cloud, Flask, Communication. Responsibilities include developing solutions, analyzing data, collaborating across teams, and implementing modern AI or software practices."
Python Developer,"Cloud, Leadership, Flask, SQL, Statistics","We are looking for a Python Developer with expertise in Cloud, Leadership, Flask, SQL, Statistics. Responsibilities include developing solutions, analyzing data, collaborating across teams, and implementing modern AI or software practices."
Data Scientist,"Problem Solving, Data Analysis, CSS, Azure, TensorFlow, Python","We are looking for a Data Scientist with expertise in Problem Solving, Data Analysis, CSS, Azure, TensorFlow, Python. Responsibilities include developing solutions, analyzing data, collaborating across teams, and implementing modern AI or software practices."
Cloud Engineer,"AWS, Leadership, Data Analysis, SQL, Kubernetes","We are looking for a Cloud Engineer with expertise in AWS, Leadership, Data Analysis, SQL, Kubernetes. Responsibilities include developing solutions, analyzing data, collaborating across teams, and implementing modern AI or software practices."
HR Recruiter,"Statistics, AWS, Cloud, NLP, CSS","We are looking for a HR Recruiter with expertise in Statistics, AWS, Cloud, NLP, CSS. Responsibilities include developing solutions, analyzing data, collaborating across teams, and implementing modern AI or software practices."
DevOps Engineer,"Java, Python, SQL, Statistics, NLP","We are looking for a DevOps Engineer with expertise in Java, Python, SQL, Statistics, NLP. Responsibilities include developing solutions, analyzing data, collaborating across teams, and implementing modern AI or software practices."
UI/UX Designer,"Problem Solving, HTML, Azure, Communication, Java","We are looking for a UI/UX Designer with expertise in Problem Solving, HTML, Azure, Communication, Java. Responsibilities include developing solutions, analyzing data, collaborating across teams, and implementing modern AI or software practices."
Business Analyst,"Azure, Communication, Deep Learning, Flask, SQL, CSS, Python, Cloud","We are looking for a Business Analyst with expertise in Azure, Communication, Deep Learning, Flask, SQL, CSS, Python, Cloud. Responsibilities include developing solutions, analyzing data, collaborating across teams, and implementing modern AI or software practices."
NLP Engineer,"Machine Learning, Python, Azure, React, NLP","We are looking for a NLP Engineer with expertise in Machine Learning, Python, Azure, React, NLP. Responsibilities include developing solutions, analyzing data, collaborating across teams, and implementing modern AI or software practices."
Cybersecurity Specialist,"Problem Solving, SQL, AWS, Flask, Azure, HTML, NLP","We are looking for a Cybersecurity Specialist with expertise in Problem Solving, SQL, AWS, Flask, Azure, HTML, NLP. Responsibilities include developing solutions, analyzing data, collaborating across teams, and implementing modern AI or software practices."
Data Analyst,"Java, Azure, Teamwork, Python, TensorFlow, Statistics","We are looking for a Data Analyst with expertise in Java, Azure, Teamwork, Python, TensorFlow, Statistics. Responsibilities include developing solutions, analyzing data, collaborating across teams, and implementing modern AI or software practices."
HR Specialist,"Azure, Docker, Leadership, CSS, Deep Learning, Communication, Teamwork","We are looking for a HR Specialist with expertise in Azure, Docker, Leadership, CSS, Deep Learning, Communication, Teamwork. Responsibilities include developing solutions, analyzing data, collaborating across teams, and implementing modern AI or software practices."
AI Engineer,"Data Analysis, Teamwork, Communication, TensorFlow, Deep Learning, Machine Learning, Problem Solving, Leadership, Docker","We are looking for a AI Engineer with expertise in Data Analysis, Teamwork, Communication, TensorFlow, Deep Learning, Machine Learning, Problem Solving, Leadership, Docker. Responsibilities include developing solutions, analyzing data, collaborating across teams, and implementing modern AI or software practices."
Machine Learning Engineer,"Leadership, TensorFlow, NLP, Cloud, Kubernetes, CSS, Communication","We are looking for a Machine Learning Engineer with expertise in Leadership, TensorFlow, NLP, Cloud, Kubernetes, CSS, Communication. Responsibilities include developing solutions, analyzing data, collaborating across teams, and implementing modern AI or software practices."
Web Developer,"Cloud, React, CSS, Java, NLP, SQL, Statistics, Leadership","We are looking for a Web Developer with expertise in Cloud, React, CSS, Java, NLP, SQL, Statistics, Leadership. Responsibilities include developing solutions, analyzing data, collaborating across teams, and implementing modern AI or software practices."
Software Engineer,"AWS, Leadership, HTML, Communication, NLP","We are looking for a Software Engineer with expertise in AWS, Leadership, HTML, Communication, NLP. Responsibilities include developing solutions, analyzing data, collaborating across teams, and implementing modern AI or software practices."
Python Developer,"NLP, Teamwork, Statistics, Azure, Leadership, Communication, HTML, Problem Solving","We are looking for a Python Developer with expertise in NLP, Teamwork, Statistics, Azure, Leadership, Communication, HTML, Problem Solving. Responsibilities include developing solutions, analyzing data, collaborating across teams, and implementing modern AI or software practices."
Data Scientist,"Teamwork, SQL, Statistics, Cloud, Problem Solving","We are looking for a Data Scientist with expertise in Teamwork, SQL, Statistics, Cloud, Problem Solving. Responsibilities include developing solutions, analyzing data, collaborating across teams, and implementing modern AI or software practices."
Cloud Engineer,"SQL, Azure, AWS, NLP, Data Analysis, HTML","We are looking for a Cloud Engineer with expertise in SQL, Azure, AWS, NLP, Data Analysis, HTML. Responsibilities include developing solutions, analyzing data, collaborating across teams, and implementing modern AI or software practices."
HR Recruiter,"Kubernetes, React, Python, NLP, Teamwork, Statistics, Machine Learning","We are looking for a HR Recruiter with expertise in Kubernetes, React, Python, NLP, Teamwork, Statistics, Machine Learning. Responsibilities include developing solutions, analyzing data, collaborating across teams, and implementing modern AI or software practices."
DevOps Engineer,"HTML, Leadership, Azure, AWS, React","We are looking for a DevOps Engineer with expertise in HTML, Leadership, Azure, AWS, React. Responsibilities include developing solutions, analyzing data, collaborating across teams, and implementing modern AI or software practices."
UI/UX Designer,"Cloud, CSS, Problem Solving, AWS, Teamwork, Python, Communication, Data Analysis","We are looking for a UI/UX Designer with expertise in Cloud, CSS, Problem Solving, AWS, Teamwork, Python, Communication, Data Analysis. Responsibilities include developing solutions, analyzing data, collaborating across teams, and implementing modern AI or software practices."
Business Analyst,"SQL, Machine Learning, HTML, Data Analysis, NLP, Python, Teamwork, Statistics, React","We are looking for a Business Analyst with expertise in SQL, Machine Learning, HTML, Data Analysis, NLP, Python, Teamwork, Statistics, React. Responsibilities include developing solutions, analyzing data, collaborating across teams, and implementing modern AI or software practices."
NLP Engineer,"Cloud, Teamwork, Data Analysis, CSS, Deep Learning, Azure","We are looking for a NLP Engineer with expertise in Cloud, Teamwork, Data Analysis, CSS, Deep Learning, Azure. Responsibilities include developing solutions, analyzing data, collaborating across teams, and implementing modern AI or software practices."
Cybersecurity Specialist,"TensorFlow, HTML, Statistics, Azure, SQL, Problem Solving, Deep Learning, NLP","We are looking for a Cybersecurity Specialist with expertise in TensorFlow, HTML, Statistics, Azure, SQL, Problem Solving, Deep Learning, NLP. Responsibilities include developing solutions, analyzing data, collaborating across teams, and implementing modern AI or software practices."
Data Analyst,"Cloud, Problem Solving, Statistics, Leadership, Python, Communication","We are looking for a Data Analyst with expertise in Cloud, Problem Solving, Statistics, Leadership, Python, Communication. Responsibilities include developing solutions, analyzing data, collaborating across teams, and implementing modern AI or software practices."
HR Specialist,"Python, Machine Learning, HTML, Azure, React, Cloud, Java","We are looking for a HR Specialist with expertise in Python, Machine Learning, HTML, Azure, React, Cloud, Java. Responsibilities include developing solutions, analyzing data, collaborating across teams, and implementing modern AI or software practices."
AI Engineer,"TensorFlow, Communication, Machine Learning, Docker, Java","We are looking for a AI Engineer with expertise in TensorFlow, Communication, Machine Learning, Docker, Java. Responsibilities include developing solutions, analyzing data, collaborating across teams, and implementing modern AI or software practices."
Machine Learning Engineer,"CSS, Java, Data Analysis, Flask, HTML, Python, Teamwork, NLP, Azure","We are looking for a Machine Learning Engineer with expertise in CSS, Java, Data Analysis, Flask, HTML, Python, Teamwork, NLP, Azure. Responsibilities include developing solutions, analyzing data, collaborating across teams, and implementing modern AI or software practices."
Web Developer,"Data Analysis, Azure, Docker, Python, Java, Leadership","We are looking for a Web Developer with expertise in Data Analysis, Azure, Docker, Python, Java, Leadership. Responsibilities include developing solutions, analyzing data, collaborating across teams, and implementing modern AI or software practices."
Software Engineer,"TensorFlow, Data Analysis, NLP, HTML, Python, CSS, Machine Learning","We are looking for a Software Engineer with expertise in TensorFlow, Data Analysis, NLP, HTML, Python, CSS, Machine Learning. Responsibilities include developing solutions, analyzing data, collaborating across teams, and implementing modern AI or software practices."
Python Developer,"Flask, SQL, Java, Statistics, Azure, Leadership, Kubernetes","We are looking for a Python Developer with expertise in Flask, SQL, Java, Statistics, Azure, Leadership, Kubernetes. Responsibilities include developing solutions, analyzing data, collaborating across teams, and implementing modern AI or software practices."
Data Scientist,"Leadership, React, Teamwork, HTML, CSS, Data Analysis, Statistics, Python","We are looking for a Data Scientist with expertise in Leadership, React, Teamwork, HTML, CSS, Data Analysis, Statistics, Python. Responsibilities include developing solutions, analyzing data, collaborating across teams, and implementing modern AI or software practices."
Cloud Engineer,"Machine Learning, SQL, Teamwork, Azure, NLP, Python, AWS","We are looking for a Cloud Engineer with expertise in Machine Learning, SQL, Teamwork, Azure, NLP, Python, AWS. Responsibilities include developing solutions, analyzing data, collaborating across teams, and implementing modern AI or software practices."
HR Recruiter,"Docker, AWS, NLP, Azure, Teamwork, Java","We are looking for a HR Recruiter with expertise in Docker, AWS, NLP, Azure, Teamwork, Java. Responsibilities include developing solutions, analyzing data, collaborating across teams, and implementing modern AI or software practices."
DevOps Engineer,"Statistics, Leadership, React, Docker, Python","We are looking for a DevOps Engineer with expertise in Statistics, Leadership, React, Docker, Python. Responsibilities include developing solutions, analyzing data, collaborating across teams, and implementing modern AI or software practices."
UI/UX Designer,"Docker, Communication, React, Azure, Statistics, SQL","We are looking for a UI/UX Designer with expertise in Docker, Communication, React, Azure, Statistics, SQL. Responsibilities include developing solutions, analyzing data, collaborating across teams, and implementing modern AI or software practices."
Business Analyst,"AWS, Teamwork, NLP, Leadership, HTML, Statistics","We are looking for a Business Analyst with expertise in AWS, Teamwork, NLP, Leadership, HTML, Statistics. Responsibilities include developing solutions, analyzing data, collaborating across teams, and implementing modern AI or software practices."
NLP Engineer,"AWS, Flask, SQL, CSS, HTML","We are looking for a NLP Engineer with expertise in AWS, Flask, SQL, CSS, HTML. Responsibilities include developing solutions, analyzing data, collaborating across teams, and implementing modern AI or software practices."
Cybersecurity Specialist,"Communication, TensorFlow, Leadership, Java, Kubernetes, Deep Learning, NLP, Docker, Statistics","We are looking for a Cybersecurity Specialist with expertise in Communication, TensorFlow, Leadership, Java, Kubernetes, Deep Learning, NLP, Docker, Statistics. Responsibilities include developing solutions, analyzing data, collaborating across teams, and implementing modern AI or software practices."
Data Analyst,"React, CSS, SQL, Teamwork, Flask, Problem Solving, Kubernetes, Cloud, Docker","We are looking for a Data Analyst with expertise in React, CSS, SQL, Teamwork, Flask, Problem Solving, Kubernetes, Cloud, Docker. Responsibilities include developing solutions, analyzing data, collaborating across teams, and implementing modern AI or software practices."
HR Specialist,"Machine Learning, TensorFlow, Cloud, Deep Learning, Data Analysis, Java, Docker","We are looking for a HR Specialist with expertise in Machine Learning, TensorFlow, Cloud, Deep Learning, Data Analysis, Java, Docker. Responsibilities include developing solutions, analyzing data, collaborating across teams, and implementing modern AI or software practices."
AI Engineer,"Data Analysis, TensorFlow, Cloud, Python, Kubernetes, SQL, Flask","We are looking for a AI Engineer with expertise in Data Analysis, TensorFlow, Cloud, Python, Kubernetes, SQL, Flask. Responsibilities include developing solutions, analyzing data, collaborating across teams, and implementing modern AI or software practices."
Machine Learning Engineer,"Flask, NLP, Java, React, Statistics, Communication","We are looking for a Machine Learning Engineer with expertise in Flask, NLP, Java, React, Statistics, Communication. Responsibilities include developing solutions, analyzing data, collaborating across teams, and implementing modern AI or software practices."
Web Developer,"Teamwork, Data Analysis, Docker, Statistics, HTML","We are looking for a Web Developer with expertise in Teamwork, Data Analysis, Docker, Statistics, HTML. Responsibilities include developing solutions, analyzing data, collaborating across teams, and implementing modern AI or software practices."
Software Engineer,"AWS, Deep Learning, Leadership, Docker, NLP, Problem Solving, Machine Learning","We are looking for a Software Engineer with expertise in AWS, Deep Learning, Leadership, Docker, NLP, Problem Solving, Machine Learning. Responsibilities include developing solutions, analyzing data, collaborating across teams, and implementing modern AI or software practices."
Python Developer,"Statistics, NLP, Flask, CSS, Python, Machine Learning","We are looking for a Python Developer with expertise in Statistics, NLP, Flask, CSS, Python, Machine Learning. Responsibilities include developing solutions, analyzing data, collaborating across teams, and implementing modern AI or software practices."
Data Scientist,"CSS, NLP, Docker, React, TensorFlow, Azure, AWS, Communication","We are looking for a Data Scientist with expertise in CSS, NLP, Docker, React, TensorFlow, Azure, AWS, Communication. Responsibilities include developing solutions, analyzing data, collaborating across teams, and implementing modern AI or software practices."
Cloud Engineer,"CSS, Flask, Python, Deep Learning, Leadership, Azure, TensorFlow, AWS, Java","We are looking for a Cloud Engineer with expertise in CSS, Flask, Python, Deep Learning, Leadership, Azure, TensorFlow, AWS, Java. Responsibilities include developing solutions, analyzing data, collaborating across teams, and implementing modern AI or software practices."
HR Recruiter,"React, Data Analysis, AWS, Teamwork, Statistics, Java, Deep Learning, Leadership, HTML","We are looking for a HR Recruiter with expertise in React, Data Analysis, AWS, Teamwork, Statistics, Java, Deep Learning, Leadership, HTML. Responsibilities include developing solutions, analyzing data, collaborating across teams, and implementing modern AI or software practices."
DevOps Engineer,"CSS, Kubernetes, Docker, SQL, Communication, Machine Learning, Statistics","We are looking for a DevOps Engineer with expertise in CSS, Kubernetes, Docker, SQL, Communication, Machine Learning, Statistics. Responsibilities include developing solutions, analyzing data, collaborating across teams, and implementing modern AI or software practices."
UI/UX Designer,"HTML, Python, AWS, Deep Learning, SQL, Problem Solving, Leadership, Flask","We are looking for a UI/UX Designer with expertise in HTML, Python, AWS, Deep Learning, SQL, Problem Solving, Leadership, Flask. Responsibilities include developing solutions, analyzing data, collaborating across teams, and implementing modern AI or software practices."
Business Analyst,"NLP, Machine Learning, CSS, SQL, Flask, AWS","We are looking for a Business Analyst with expertise in NLP, Machine Learning, CSS, SQL, Flask, AWS. Responsibilities include developing solutions, analyzing data, collaborating across teams, and implementing modern AI or software practices."
NLP Engineer,"Kubernetes, Teamwork, SQL, HTML, Communication, Flask, CSS, Python, Azure","We are looking for a NLP Engineer with expertise in Kubernetes, Teamwork, SQL, HTML, Communication, Flask, CSS, Python, Azure. Responsibilities include developing solutions, analyzing data, collaborating across teams, and implementing modern AI or software practices."
Cybersecurity Specialist,"Deep Learning, SQL, Docker, Data Analysis, NLP, Kubernetes, TensorFlow, Communication","We are looking for a Cybersecurity Specialist with expertise in Deep Learning, SQL, Docker, Data Analysis, NLP, Kubernetes, TensorFlow, Communication. Responsibilities include developing solutions, analyzing data, collaborating across teams, and implementing modern AI or software practices."
Data Analyst,"Machine Learning, Problem Solving, Communication, Docker, CSS, Java","We are looking for a Data Analyst with expertise in Machine Learning, Problem Solving, Communication, Docker, CSS, Java. Responsibilities include developing solutions, analyzing data, collaborating across teams, and implementing modern AI or software practices."
HR Specialist,"Problem Solving, NLP, Leadership, Flask, Azure, AWS, HTML, Python, TensorFlow","We are looking for a HR Specialist with expertise in Problem Solving, NLP, Leadership, Flask, Azure, AWS, HTML, Python, TensorFlow. Responsibilities include developing solutions, analyzing data, collaborating across teams, and implementing modern AI or software practices."
AI Engineer,"SQL, Teamwork, React, Docker, Statistics, Data Analysis, Machine Learning, Deep Learning, TensorFlow","We are looking for a AI Engineer with expertise in SQL, Teamwork, React, Docker, Statistics, Data Analysis, Machine Learning, Deep Learning, TensorFlow. Responsibilities include developing solutions, analyzing data, collaborating across teams, and implementing modern AI or software practices."
Machine Learning Engineer,"Cloud, Python, AWS, Flask, Problem Solving","We are looking for a Machine Learning Engineer with expertise in Cloud, Python, AWS, Flask, Problem Solving. Responsibilities include developing solutions, analyzing data, collaborating across teams, and implementing modern AI or software practices."
Web Developer,"Machine Learning, Python, Statistics, Leadership, Azure, AWS, Cloud, NLP, Kubernetes","We are looking for a Web Developer with expertise in Machine Learning, Python, Statistics, Leadership, Azure, AWS, Cloud, NLP, Kubernetes. Responsibilities include developing solutions, analyzing data, collaborating across teams, and implementing modern AI or software practices."
Software Engineer,"SQL, Java, CSS, Machine Learning, TensorFlow","We are looking for a Software Engineer with expertise in SQL, Java, CSS, Machine Learning, TensorFlow. Responsibilities include developing solutions, analyzing data, collaborating across teams, and implementing modern AI or software practices."
Python Developer,"Machine Learning, Data Analysis, Deep Learning, Leadership, Docker, Flask, Statistics, NLP","We are looking for a Python Developer with expertise in Machine Learning, Data Analysis, Deep Learning, Leadership, Docker, Flask, Statistics, NLP. Responsibilities include developing solutions, analyzing data, collaborating across teams, and implementing modern AI or software practices."
Data Scientist,"Cloud, Statistics, Teamwork, NLP, React, Flask, HTML, Kubernetes, Azure","We are looking for a Data Scientist with expertise in Cloud, Statistics, Teamwork, NLP, React, Flask, HTML, Kubernetes, Azure. Responsibilities include developing solutions, analyzing data, collaborating across teams, and implementing modern AI or software practices."
Cloud Engineer,"Communication, Java, TensorFlow, Kubernetes, Leadership, Flask, HTML","We are looking for a Cloud Engineer with expertise in Communication, Java, TensorFlow, Kubernetes, Leadership, Flask, HTML. Responsibilities include developing solutions, analyzing data, collaborating across teams, and implementing modern AI or software practices."
HR Recruiter,"Problem Solving, Machine Learning, Statistics, TensorFlow, Communication, AWS, Java","We are looking for a HR Recruiter with expertise in Problem Solving, Machine Learning, Statistics, TensorFlow, Communication, AWS, Java. Responsibilities include developing solutions, analyzing data, collaborating across teams, and implementing modern AI or software practices."
DevOps Engineer,"Deep Learning, CSS, Kubernetes, Teamwork, Flask, HTML, Statistics, Problem Solving, Leadership","We are looking for a DevOps Engineer with expertise in Deep Learning, CSS, Kubernetes, Teamwork, Flask, HTML, Statistics, Problem Solving, Leadership. Responsibilities include developing solutions, analyzing data, collaborating across teams, and implementing modern AI or software practices."
UI/UX Designer,"Communication, Leadership, Statistics, Data Analysis, HTML","We are looking for a UI/UX Designer with expertise in Communication, Leadership, Statistics, Data Analysis, HTML. Responsibilities include developing solutions, analyzing data, collaborating across teams, and implementing modern AI or software practices."
Business Analyst,"AWS, Communication, Kubernetes, Leadership, Deep Learning, Java, Teamwork, Docker","We are looking for a Business Analyst with expertise in AWS, Communication, Kubernetes, Leadership, Deep Learning, Java, Teamwork, Docker. Responsibilities include developing solutions, analyzing data, collaborating across teams, and implementing modern AI or software practices."
NLP Engineer,"Problem Solving, Teamwork, Java, Data Analysis, HTML","We are looking for a NLP Engineer with expertise in Problem Solving, Teamwork, Java, Data Analysis, HTML. Responsibilities include developing solutions, analyzing data, collaborating across teams, and implementing modern AI or software practices."
Cybersecurity Specialist,"Python, SQL, Machine Learning, CSS, Azure, Leadership, Problem Solving, Teamwork","We are looking for a Cybersecurity Specialist with expertise in Python, SQL, Machine Learning, CSS, Azure, Leadership, Problem Solving, Teamwork. Responsibilities include developing solutions, analyzing data, collaborating across teams, and implementing modern AI or software practices."
Data Analyst,"Teamwork, Problem Solving, Leadership, CSS, HTML, NLP, React","We are looking for a Data Analyst with expertise in Teamwork, Problem Solving, Leadership, CSS, HTML, NLP, React. Responsibilities include developing solutions, analyzing data, collaborating across teams, and implementing modern AI or software practices."
HR Specialist,"Statistics, Teamwork, CSS, Communication, TensorFlow, Azure","We are looking for a HR Specialist with expertise in Statistics, Teamwork, CSS, Communication, TensorFlow, Azure. Responsibilities include developing solutions, analyzing data, collaborating across teams, and implementing modern AI or software practices."
AI Engineer,"Teamwork, AWS, Kubernetes, NLP, Deep Learning, HTML, Python, Problem Solving","We are looking for a AI Engineer with expertise in Teamwork, AWS, Kubernetes, NLP, Deep Learning, HTML, Python, Problem Solving. Responsibilities include developing solutions, analyzing data, collaborating across teams, and implementing modern AI or software practices."
Machine Learning Engineer,"Java, AWS, Statistics, Leadership, SQL","We are looking for a Machine Learning Engineer with expertise in Java, AWS, Statistics, Leadership, SQL. Responsibilities include developing solutions, analyzing data, collaborating across teams, and implementing modern AI or software practices."
Web Developer,"Azure, Statistics, Data Analysis, Flask, NLP, Machine Learning, Python, Leadership","We are looking for a Web Developer with expertise in Azure, Statistics, Data Analysis, Flask, NLP, Machine Learning, Python, Leadership. Responsibilities include developing solutions, analyzing data, collaborating across teams, and implementing modern AI or software practices."
Software Engineer,"Cloud, Communication, React, SQL, Data Analysis, AWS, TensorFlow, NLP","We are looking for a Software Engineer with expertise in Cloud, Communication, React, SQL, Data Analysis, AWS, TensorFlow, NLP. Responsibilities include developing solutions, analyzing data, collaborating across teams, and implementing modern AI or software practices."
Python Developer,"Cloud, AWS, Teamwork, Python, Data Analysis, TensorFlow, Flask","We are looking for a Python Developer with expertise in Cloud, AWS, Teamwork, Python, Data Analysis, TensorFlow, Flask. Responsibilities include developing solutions, analyzing data, collaborating across teams, and implementing modern AI or software practices."
Data Scientist,"SQL, Statistics, Cloud, Communication, Problem Solving, Leadership","We are looking for a Data Scientist with expertise in SQL, Statistics, Cloud, Communication, Problem Solving, Leadership. Responsibilities include developing solutions, analyzing data, collaborating across teams, and implementing modern AI or software practices."
Cloud Engineer,"React, TensorFlow, Deep Learning, HTML, CSS","We are looking for a Cloud Engineer with expertise in React, TensorFlow, Deep Learning, HTML, CSS. Responsibilities include developing solutions, analyzing data, collaborating across teams, and implementing modern AI or software practices."
HR Recruiter,"Data Analysis, Kubernetes, Azure, SQL, Python, Cloud, Leadership, Docker, TensorFlow","We are looking for a HR Recruiter with expertise in Data Analysis, Kubernetes, Azure, SQL, Python, Cloud, Leadership, Docker, TensorFlow. Responsibilities include developing solutions, analyzing data, collaborating across teams, and implementing modern AI or software practices."
DevOps Engineer,"Python, Kubernetes, TensorFlow, Deep Learning, NLP, Leadership, Flask, React, SQL","We are looking for a DevOps Engineer with expertise in Python, Kubernetes, TensorFlow, Deep Learning, NLP, Leadership, Flask, React, SQL. Responsibilities include developing solutions, analyzing data, collaborating across teams, and implementing modern AI or software practices."
UI/UX Designer,"Flask, Cloud, NLP, Statistics, Leadership, HTML, Kubernetes, Data Analysis, Java","We are looking for a UI/UX Designer with expertise in Flask, Cloud, NLP, Statistics, Leadership, HTML, Kubernetes, Data Analysis, Java. Responsibilities include developing solutions, analyzing data, collaborating across teams, and implementing modern AI or software practices."
Business Analyst,"Java, Leadership, CSS, Problem Solving, Statistics, HTML, Deep Learning","We are looking for a Business Analyst with expertise in Java, Leadership, CSS, Problem Solving, Statistics, HTML, Deep Learning. Responsibilities include developing solutions, analyzing data, collaborating across teams, and implementing modern AI or software practices."
NLP Engineer,"Deep Learning, CSS, Kubernetes, Communication, Leadership, NLP","We are looking for a NLP Engineer with expertise in Deep Learning, CSS, Kubernetes, Communication, Leadership, NLP. Responsibilities include developing solutions, analyzing data, collaborating across teams, and implementing modern AI or software practices."
Cybersecurity Specialist,"Cloud, Kubernetes, Teamwork, Azure, React","We are looking for a Cybersecurity Specialist with expertise in Cloud, Kubernetes, Teamwork, Azure, React. Responsibilities include developing solutions, analyzing data, collaborating across teams, and implementing modern AI or software practices."
Data Analyst,"Teamwork, HTML, Machine Learning, Leadership, SQL, Statistics, TensorFlow, React, Python","We are looking for a Data Analyst with expertise in Teamwork, HTML, Machine Learning, Leadership, SQL, Statistics, TensorFlow, React, Python. Responsibilities include developing solutions, analyzing data, collaborating across teams, and implementing modern AI or software practices."
HR Specialist,"Kubernetes, Deep Learning, Data Analysis, Java, CSS","We are looking for a HR Specialist with expertise in Kubernetes, Deep Learning, Data Analysis, Java, CSS. Responsibilities include developing solutions, analyzing data, collaborating across teams, and implementing modern AI or software practices."
AI Engineer,"Machine Learning, HTML, Docker, React, Data Analysis, NLP, AWS","We are looking for a AI Engineer with expertise in Machine Learning, HTML, Docker, React, Data Analysis, NLP, AWS. Responsibilities include developing solutions, analyzing data, collaborating across teams, and implementing modern AI or software practices."
Machine Learning Engineer,"CSS, Docker, TensorFlow, Python, AWS, Kubernetes","We are looking for a Machine Learning Engineer with expertise in CSS, Docker, TensorFlow, Python, AWS, Kubernetes. Responsibilities include developing solutions, analyzing data, collaborating across teams, and implementing modern AI or software practices."
Web Developer,"Deep Learning, SQL, Docker, Communication, Machine Learning, TensorFlow","We are looking for a Web Developer with expertise in Deep Learning, SQL, Docker, Communication, Machine Learning, TensorFlow. Responsibilities include developing solutions, analyzing data, collaborating across teams, and implementing modern AI or software practices."
Software Engineer,"NLP, Deep Learning, SQL, Data Analysis, Flask, Java, Kubernetes, Statistics, Docker","We are looking for a Software Engineer with expertise in NLP, Deep Learning, SQL, Data Analysis, Flask, Java, Kubernetes, Statistics, Docker. Responsibilities include developing solutions, analyzing data, collaborating across teams, and implementing modern AI or software practices."
Python Developer,"TensorFlow, Statistics, Communication, Problem Solving, Java","We are looking for a Python Developer with expertise in TensorFlow, Statistics, Communication, Problem Solving, Java. Responsibilities include developing solutions, analyzing data, collaborating across teams, and implementing modern AI or software practices."
Data Scientist,"HTML, CSS, Cloud, SQL, Communication","We are looking for a Data Scientist with expertise in HTML, CSS, Cloud, SQL, Communication. Responsibilities include developing solutions, analyzing data, collaborating across teams, and implementing modern AI or software practices."
Cloud Engineer,"Communication, Data Analysis, Statistics, SQL, Leadership, Teamwork, Flask, Azure","We are looking for a Cloud Engineer with expertise in Communication, Data Analysis, Statistics, SQL, Leadership, Teamwork, Flask, Azure. Responsibilities include developing solutions, analyzing data, collaborating across teams, and implementing modern AI or software practices."
HR Recruiter,"Python, SQL, Cloud, CSS, Kubernetes","We are looking for a HR Recruiter with expertise in Python, SQL, Cloud, CSS, Kubernetes. Responsibilities include developing solutions, analyzing data, collaborating across teams, and implementing modern AI or software practices."
DevOps Engineer,"Azure, CSS, Problem Solving, AWS, Flask, TensorFlow, Teamwork, Machine Learning","We are looking for a DevOps Engineer with expertise in Azure, CSS, Problem Solving, AWS, Flask, TensorFlow, Teamwork, Machine Learning. Responsibilities include developing solutions, analyzing data, collaborating across teams, and implementing modern AI or software practices."
UI/UX Designer,"Problem Solving, Communication, SQL, Teamwork, React, NLP, Deep Learning, Data Analysis, Machine Learning","We are looking for a UI/UX Designer with expertise in Problem Solving, Communication, SQL, Teamwork, React, NLP, Deep Learning, Data Analysis, Machine Learning. Responsibilities include developing solutions, analyzing data, collaborating across teams, and implementing modern AI or software practices."
Business Analyst,"Machine Learning, Data Analysis, Teamwork, Statistics, Deep Learning, Python, HTML, Communication","We are looking for a Business Analyst with expertise in Machine Learning, Data Analysis, Teamwork, Statistics, Deep Learning, Python, HTML, Communication. Responsibilities include developing solutions, analyzing data, collaborating across teams, and implementing modern AI or software practices."
NLP Engineer,"Problem Solving, AWS, Java, Communication, Leadership, Deep Learning, Statistics, Machine Learning, React","We are looking for a NLP Engineer with expertise in Problem Solving, AWS, Java, Communication, Leadership, Deep Learning, Statistics, Machine Learning, React. Responsibilities include developing solutions, analyzing data, collaborating across teams, and implementing modern AI or software practices."
Cybersecurity Specialist,"Teamwork, Leadership, Kubernetes, NLP, Machine Learning, Communication, Cloud, TensorFlow, Python","We are looking for a Cybersecurity Specialist with expertise in Teamwork, Leadership, Kubernetes, NLP, Machine Learning, Communication, Cloud, TensorFlow, Python. Responsibilities include developing solutions, analyzing data, collaborating across teams, and implementing modern AI or software practices."
Data Analyst,"Kubernetes, Python, Java, Communication, Teamwork, Problem Solving","We are looking for a Data Analyst with expertise in Kubernetes, Python, Java, Communication, Teamwork, Problem Solving. Responsibilities include developing solutions, analyzing data, collaborating across teams, and implementing modern AI or software practices."
HR Specialist,"Docker, Data Analysis, Kubernetes, Java, CSS, AWS, HTML","We are looking for a HR Specialist with expertise in Docker, Data Analysis, Kubernetes, Java, CSS, AWS, HTML. Responsibilities include developing solutions, analyzing data, collaborating across teams, and implementing modern AI or software practices."
AI Engineer,"Kubernetes, Problem Solving, Java, NLP, SQL, Azure, React","We are looking for a AI Engineer with expertise in Kubernetes, Problem Solving, Java, NLP, SQL, Azure, React. Responsibilities include developing solutions, analyzing data, collaborating across teams, and implementing modern AI or software practices."
Machine Learning Engineer,"Data Analysis, Leadership, Statistics, Deep Learning, SQL, AWS, HTML, CSS","We are looking for a Machine Learning Engineer with expertise in Data Analysis, Leadership, Statistics, Deep Learning, SQL, AWS, HTML, CSS. Responsibilities include developing solutions, analyzing data, collaborating across teams, and implementing modern AI or software practices."
Web Developer,"HTML, Deep Learning, Statistics, Data Analysis, Docker, Kubernetes, SQL, React, Cloud","We are looking for a Web Developer with expertise in HTML, Deep Learning, Statistics, Data Analysis, Docker, Kubernetes, SQL, React, Cloud. Responsibilities include developing solutions, analyzing data, collaborating across teams, and implementing modern AI or software practices."
Software Engineer,"TensorFlow, Flask, Kubernetes, Problem Solving, Data Analysis, CSS","We are looking for a Software Engineer with expertise in TensorFlow, Flask, Kubernetes, Problem Solving, Data Analysis, CSS. Responsibilities include developing solutions, analyzing data, collaborating across teams, and implementing modern AI or software practices."
Python Developer,"CSS, Java, Deep Learning, Kubernetes, Data Analysis, SQL, Problem Solving, Python","We are looking for a Python Developer with expertise in CSS, Java, Deep Learning, Kubernetes, Data Analysis, SQL, Problem Solving, Python. Responsibilities include developing solutions, analyzing data, collaborating across teams, and implementing modern AI or software practices."
Data Scientist,"Azure, Machine Learning, CSS, Docker, HTML, Data Analysis, Leadership, Communication","We are looking for a Data Scientist with expertise in Azure, Machine Learning, CSS, Docker, HTML, Data Analysis, Leadership, Communication. Responsibilities include developing solutions, analyzing data, collaborating across teams, and implementing modern AI or software practices."
Cloud Engineer,"TensorFlow, Kubernetes, Statistics, Communication, NLP, React, HTML","We are looking for a Cloud Engineer with expertise in TensorFlow, Kubernetes, Statistics, Communication, NLP, React, HTML. Responsibilities include developing solutions, analyzing data, collaborating across teams, and implementing modern AI or software practices."
HR Recruiter,"Statistics, Problem Solving, SQL, Teamwork, Communication, Python, Kubernetes","We are looking for a HR Recruiter with expertise in Statistics, Problem Solving, SQL, Teamwork, Communication, Python, Kubernetes. Responsibilities include developing solutions, analyzing data, collaborating across teams, and implementing modern AI or software practices."
DevOps Engineer,"Machine Learning, Problem Solving, Deep Learning, Java, Kubernetes","We are looking for a DevOps Engineer with expertise in Machine Learning, Problem Solving, Deep Learning, Java, Kubernetes. Responsibilities include developing solutions, analyzing data, collaborating across teams, and implementing modern AI or software practices."
UI/UX Designer,"React, Problem Solving, Azure, NLP, TensorFlow, HTML","We are looking for a UI/UX Designer with expertise in React, Problem Solving, Azure, NLP, TensorFlow, HTML. Responsibilities include developing solutions, analyzing data, collaborating across teams, and implementing modern AI or software practices."
Business Analyst,"CSS, NLP, Machine Learning, Statistics, Teamwork, Python","We are looking for a Business Analyst with expertise in CSS, NLP, Machine Learning, Statistics, Teamwork, Python. Responsibilities include developing solutions, analyzing data, collaborating across teams, and implementing modern AI or software practices."
NLP Engineer,"Statistics, CSS, Data Analysis, SQL, Machine Learning, TensorFlow, Flask, NLP","We are looking for a NLP Engineer with expertise in Statistics, CSS, Data Analysis, SQL, Machine Learning, TensorFlow, Flask, NLP. Responsibilities include developing solutions, analyzing data, collaborating across teams, and implementing modern AI or software practices."
Cybersecurity Specialist,"Flask, Deep Learning, SQL, Kubernetes, AWS, Data Analysis, Communication, Docker","We are looking for a Cybersecurity Specialist with expertise in Flask, Deep Learning, SQL, Kubernetes, AWS, Data Analysis, Communication, Docker. Responsibilities include developing solutions, analyzing data, collaborating across teams, and implementing modern AI or software practices."
Data Analyst,"Teamwork, TensorFlow, NLP, Data Analysis, AWS, Communication, Machine Learning, HTML, Flask","We are looking for a Data Analyst with expertise in Teamwork, TensorFlow, NLP, Data Analysis, AWS, Communication, Machine Learning, HTML, Flask. Responsibilities include developing solutions, analyzing data, collaborating across teams, and implementing modern AI or software practices."
HR Specialist,"Deep Learning, Java, Data Analysis, Leadership, SQL, Python","We are looking for a HR Specialist with expertise in Deep Learning, Java, Data Analysis, Leadership, SQL, Python. Responsibilities include developing solutions, analyzing data, collaborating across teams, and implementing modern AI or software practices."
AI Engineer,"Docker, Kubernetes, NLP, CSS, Machine Learning","We are looking for a AI Engineer with expertise in Docker, Kubernetes, NLP, CSS, Machine Learning. Responsibilities include developing solutions, analyzing data, collaborating across teams, and implementing modern AI or software practices."
Machine Learning Engineer,"SQL, Kubernetes, NLP, Flask, Python, AWS, Statistics","We are looking for a Machine Learning Engineer with expertise in SQL, Kubernetes, NLP, Flask, Python, AWS, Statistics. Responsibilities include developing solutions, analyzing data, collaborating across teams, and implementing modern AI or software practices."
Web Developer,"AWS, HTML, Deep Learning, Data Analysis, TensorFlow","We are looking for a Web Developer with expertise in AWS, HTML, Deep Learning, Data Analysis, TensorFlow. Responsibilities include developing solutions, analyzing data, collaborating across teams, and implementing modern AI or software practices."
Software Engineer,"Java, Azure, Statistics, TensorFlow, SQL, Teamwork, CSS","We are looking for a Software Engineer with expertise in Java, Azure, Statistics, TensorFlow, SQL, Teamwork, CSS. Responsibilities include developing solutions, analyzing data, collaborating across teams, and implementing modern AI or software practices."
Python Developer,"Leadership, Deep Learning, Flask, TensorFlow, CSS, Python, SQL","We are looking for a Python Developer with expertise in Leadership, Deep Learning, Flask, TensorFlow, CSS, Python, SQL. Responsibilities include developing solutions, analyzing data, collaborating across teams, and implementing modern AI or software practices."
Data Scientist,"Problem Solving, SQL, Azure, Flask, Python, CSS, Deep Learning, Java","We are looking for a Data Scientist with expertise in Problem Solving, SQL, Azure, Flask, Python, CSS, Deep Learning, Java. Responsibilities include developing solutions, analyzing data, collaborating across teams, and implementing modern AI or software practices."
Cloud Engineer,"Deep Learning, Cloud, Communication, Machine Learning, Docker, HTML","We are looking for a Cloud Engineer with expertise in Deep Learning, Cloud, Communication, Machine Learning, Docker, HTML. Responsibilities include developing solutions, analyzing data, collaborating across teams, and implementing modern AI or software practices."
HR Recruiter,"Azure, HTML, Machine Learning, Java, Deep Learning, NLP, Teamwork, React","We are looking for a HR Recruiter with expertise in Azure, HTML, Machine Learning, Java, Deep Learning, NLP, Teamwork, React. Responsibilities include developing solutions, analyzing data, collaborating across teams, and implementing modern AI or software practices."
DevOps Engineer,"Azure, Machine Learning, Communication, HTML, Docker, Cloud","We are looking for a DevOps Engineer with expertise in Azure, Machine Learning, Communication, HTML, Docker, Cloud. Responsibilities include developing solutions, analyzing data, collaborating across teams, and implementing modern AI or software practices."
UI/UX Designer,"Flask, TensorFlow, Azure, Cloud, Data Analysis, Kubernetes, Communication, Teamwork","We are looking for a UI/UX Designer with expertise in Flask, TensorFlow, Azure, Cloud, Data Analysis, Kubernetes, Communication, Teamwork. Responsibilities include developing solutions, analyzing data, collaborating across teams, and implementing modern AI or software practices."
Business Analyst,"Python, Data Analysis, React, CSS, Azure, Leadership","We are looking for a Business Analyst with expertise in Python, Data Analysis, React, CSS, Azure, Leadership. Responsibilities include developing solutions, analyzing data, collaborating across teams, and implementing modern AI or software practices."
NLP Engineer,"Teamwork, AWS, Java, Data Analysis, Flask, Azure, HTML, Cloud","We are looking for a NLP Engineer with expertise in Teamwork, AWS, Java, Data Analysis, Flask, Azure, HTML, Cloud. Responsibilities include developing solutions, analyzing data, collaborating across teams, and implementing modern AI or software practices."
Cybersecurity Specialist,"Statistics, Leadership, SQL, AWS, Java","We are looking for a Cybersecurity Specialist with expertise in Statistics, Leadership, SQL, AWS, Java. Responsibilities include developing solutions, analyzing data, collaborating across teams, and implementing modern AI or software practices."
Data Analyst,"Machine Learning, Communication, Python, NLP, Deep Learning, Teamwork, Java, TensorFlow","We are looking for a Data Analyst with expertise in Machine Learning, Communication, Python, NLP, Deep Learning, Teamwork, Java, TensorFlow. Responsibilities include developing solutions, analyzing data, collaborating across teams, and implementing modern AI or software practices."
HR Specialist,"Java, NLP, Azure, Python, Docker, Machine Learning, SQL","We are looking for a HR Specialist with expertise in Java, NLP, Azure, Python, Docker, Machine Learning, SQL. Responsibilities include developing solutions, analyzing data, collaborating across teams, and implementing modern AI or software practices."
AI Engineer,"Teamwork, Docker, TensorFlow, Azure, Deep Learning","We are looking for a AI Engineer with expertise in Teamwork, Docker, TensorFlow, Azure, Deep Learning. Responsibilities include developing solutions, analyzing data, collaborating across teams, and implementing modern AI or software practices."
Machine Learning Engineer,"Teamwork, Azure, TensorFlow, Communication, Cloud, HTML, Python, Statistics","We are looking for a Machine Learning Engineer with expertise in Teamwork, Azure, TensorFlow, Communication, Cloud, HTML, Python, Statistics. Responsibilities include developing solutions, analyzing data, collaborating across teams, and implementing modern AI or software practices."
Web Developer,"Azure, Teamwork, Machine Learning, Flask, TensorFlow, HTML, CSS","We are looking for a Web Developer with expertise in Azure, Teamwork, Machine Learning, Flask, TensorFlow, HTML, CSS. Responsibilities include developing solutions, analyzing data, collaborating across teams, and implementing modern AI or software practices."
Software Engineer,"Cloud, Statistics, Data Analysis, Leadership, Python, Java, Deep Learning","We are looking for a Software Engineer with expertise in Cloud, Statistics, Data Analysis, Leadership, Python, Java, Deep Learning. Responsibilities include developing solutions, analyzing data, collaborating across teams, and implementing modern AI or software practices."
Python Developer,"Teamwork, TensorFlow, Statistics, Data Analysis, AWS","We are looking for a Python Developer with expertise in Teamwork, TensorFlow, Statistics, Data Analysis, AWS. Responsibilities include developing solutions, analyzing data, collaborating across teams, and implementing modern AI or software practices."
Data Scientist,"CSS, Azure, Python, NLP, Machine Learning","We are looking for a Data Scientist with expertise in CSS, Azure, Python, NLP, Machine Learning. Responsibilities include developing solutions, analyzing data, collaborating across teams, and implementing modern AI or software practices."
Cloud Engineer,"Problem Solving, HTML, Machine Learning, AWS, Cloud, Statistics, Kubernetes, SQL","We are looking for a Cloud Engineer with expertise in Problem Solving, HTML, Machine Learning, AWS, Cloud, Statistics, Kubernetes, SQL. Responsibilities include developing solutions, analyzing data, collaborating across teams, and implementing modern AI or software practices."
HR Recruiter,"AWS, NLP, TensorFlow, Docker, Statistics, Communication","We are looking for a HR Recruiter with expertise in AWS, NLP, TensorFlow, Docker, Statistics, Communication. Responsibilities include developing solutions, analyzing data, collaborating across teams, and implementing modern AI or software practices."
DevOps Engineer,"Machine Learning, TensorFlow, SQL, Kubernetes, Azure, AWS, Communication, Problem Solving","We are looking for a DevOps Engineer with expertise in Machine Learning, TensorFlow, SQL, Kubernetes, Azure, AWS, Communication, Problem Solving. Responsibilities include developing solutions, analyzing data, collaborating across teams, and implementing modern AI or software practices."
UI/UX Designer,"Cloud, Statistics, Kubernetes, Machine Learning, Java, Leadership, Azure","We are looking for a UI/UX Designer with expertise in Cloud, Statistics, Kubernetes, Machine Learning, Java, Leadership, Azure. Responsibilities include developing solutions, analyzing data, collaborating across teams, and implementing modern AI or software practices."
Business Analyst,"Leadership, Java, Cloud, Python, Deep Learning, Docker, Communication","We are looking for a Business Analyst with expertise in Leadership, Java, Cloud, Python, Deep Learning, Docker, Communication. Responsibilities include developing solutions, analyzing data, collaborating across teams, and implementing modern AI or software practices."
NLP Engineer,"Leadership, SQL, Machine Learning, HTML, Deep Learning, Docker, Kubernetes, Python, Data Analysis","We are looking for a NLP Engineer with expertise in Leadership, SQL, Machine Learning, HTML, Deep Learning, Docker, Kubernetes, Python, Data Analysis. Responsibilities include developing solutions, analyzing data, collaborating across teams, and implementing modern AI or software practices."
Cybersecurity Specialist,"AWS, React, Communication, HTML, Python","We are looking for a Cybersecurity Specialist with expertise in AWS, React, Communication, HTML, Python. Responsibilities include developing solutions, analyzing data, collaborating across teams, and implementing modern AI or software practices."
Data Analyst,"NLP, Teamwork, SQL, HTML, Python, TensorFlow, Java, React","We are looking for a Data Analyst with expertise in NLP, Teamwork, SQL, HTML, Python, TensorFlow, Java, React. Responsibilities include developing solutions, analyzing data, collaborating across teams, and implementing modern AI or software practices."
HR Specialist,"Leadership, Problem Solving, Cloud, Python, TensorFlow, Machine Learning, Deep Learning, SQL, Docker","We are looking for a HR Specialist with expertise in Leadership, Problem Solving, Cloud, Python, TensorFlow, Machine Learning, Deep Learning, SQL, Docker. Responsibilities include developing solutions, analyzing data, collaborating across teams, and implementing modern AI or software practices."
AI Engineer,"React, HTML, AWS, Leadership, Communication, Docker","We are looking for a AI Engineer with expertise in React, HTML, AWS, Leadership, Communication, Docker. Responsibilities include developing solutions, analyzing data, collaborating across teams, and implementing modern AI or software practices."
Machine Learning Engineer,"Deep Learning, Docker, Flask, Problem Solving, HTML, Teamwork, CSS","We are looking for a Machine Learning Engineer with expertise in Deep Learning, Docker, Flask, Problem Solving, HTML, Teamwork, CSS. Responsibilities include developing solutions, analyzing data, collaborating across teams, and implementing modern AI or software practices."
Web Developer,"Kubernetes, Teamwork, Java, Azure, Flask, React","We are looking for a Web Developer with expertise in Kubernetes, Teamwork, Java, Azure, Flask, React. Responsibilities include developing solutions, analyzing data, collaborating across teams, and implementing modern AI or software practices."
Software Engineer,"Machine Learning, React, Deep Learning, HTML, Leadership, Kubernetes, Docker","We are looking for a Software Engineer with expertise in Machine Learning, React, Deep Learning, HTML, Leadership, Kubernetes, Docker. Responsibilities include developing solutions, analyzing data, collaborating across teams, and implementing modern AI or software practices."
Python Developer,"Azure, Communication, Data Analysis, TensorFlow, Deep Learning, SQL","We are looking for a Python Developer with expertise in Azure, Communication, Data Analysis, TensorFlow, Deep Learning, SQL. Responsibilities include developing solutions, analyzing data, collaborating across teams, and implementing modern AI or software practices."
Data Scientist,"Java, Statistics, Data Analysis, React, Docker","We are looking for a Data Scientist with expertise in Java, Statistics, Data Analysis, React, Docker. Responsibilities include developing solutions, analyzing data, collaborating across teams, and implementing modern AI or software practices."
Cloud Engineer,"Python, NLP, TensorFlow, CSS, React","We are looking for a Cloud Engineer with expertise in Python, NLP, TensorFlow, CSS, React. Responsibilities include developing solutions, analyzing data, collaborating across teams, and implementing modern AI or software practices."
HR Recruiter,"Kubernetes, Java, Leadership, Python, Communication, Docker, Cloud, HTML, Machine Learning","We are looking for a HR Recruiter with expertise in Kubernetes, Java, Leadership, Python, Communication, Docker, Cloud, HTML, Machine Learning. Responsibilities include developing solutions, analyzing data, collaborating across teams, and implementing modern AI or software practices."
DevOps Engineer,"Teamwork, Machine Learning, React, Leadership, CSS","We are looking for a DevOps Engineer with expertise in Teamwork, Machine Learning, React, Leadership, CSS. Responsibilities include developing solutions, analyzing data, collaborating across teams, and implementing modern AI or software practices."
UI/UX Designer,"Leadership, Kubernetes, NLP, Cloud, HTML, Docker, Deep Learning, AWS, Problem Solving","We are looking for a UI/UX Designer with expertise in Leadership, Kubernetes, NLP, Cloud, HTML, Docker, Deep Learning, AWS, Problem Solving. Responsibilities include developing solutions, analyzing data, collaborating across teams, and implementing modern AI or software practices."
Business Analyst,"Cloud, CSS, Teamwork, SQL, Deep Learning","We are looking for a Business Analyst with expertise in Cloud, CSS, Teamwork, SQL, Deep Learning. Responsibilities include developing solutions, analyzing data, collaborating across teams, and implementing modern AI or software practices."
NLP Engineer,"Flask, Python, Java, React, Teamwork, Azure, Statistics, Docker, Kubernetes","We are looking for a NLP Engineer with expertise in Flask, Python, Java, React, Teamwork, Azure, Statistics, Docker, Kubernetes. Responsibilities include developing solutions, analyzing data, collaborating across teams, and implementing modern AI or software practices."
Cybersecurity Specialist,"Teamwork, Cloud, Data Analysis, Problem Solving, Docker, SQL, Python","We are looking for a Cybersecurity Specialist with expertise in Teamwork, Cloud, Data Analysis, Problem Solving, Docker, SQL, Python. Responsibilities include developing solutions, analyzing data, collaborating across teams, and implementing modern AI or software practices."
Data Analyst,"Azure, NLP, TensorFlow, Communication, Cloud, Data Analysis, Statistics, Problem Solving","We are looking for a Data Analyst with expertise in Azure, NLP, TensorFlow, Communication, Cloud, Data Analysis, Statistics, Problem Solving. Responsibilities include developing solutions, analyzing data, collaborating across teams, and implementing modern AI or software practices."
HR Specialist,"TensorFlow, Communication, HTML, Problem Solving, Azure, AWS, Java","We are looking for a HR Specialist with expertise in TensorFlow, Communication, HTML, Problem Solving, Azure, AWS, Java. Responsibilities include developing solutions, analyzing data, collaborating across teams, and implementing modern AI or software practices."
AI Engineer,"Docker, Problem Solving, Cloud, Java, Deep Learning","We are looking for a AI Engineer with expertise in Docker, Problem Solving, Cloud, Java, Deep Learning. Responsibilities include developing solutions, analyzing data, collaborating across teams, and implementing modern AI or software practices."
Machine Learning Engineer,"Azure, TensorFlow, HTML, Flask, Communication, Deep Learning, SQL, Teamwork","We are looking for a Machine Learning Engineer with expertise in Azure, TensorFlow, HTML, Flask, Communication, Deep Learning, SQL, Teamwork. Responsibilities include developing solutions, analyzing data, collaborating across teams, and implementing modern AI or software practices."
Web Developer,"Problem Solving, Python, CSS, NLP, React, Docker, Data Analysis, Flask, Communication","We are looking for a Web Developer with expertise in Problem Solving, Python, CSS, NLP, React, Docker, Data Analysis, Flask, Communication. Responsibilities include developing solutions, analyzing data, collaborating across teams, and implementing modern AI or software practices."
Software Engineer,"Leadership, Java, Cloud, SQL, Data Analysis","We are looking for a Software Engineer with expertise in Leadership, Java, Cloud, SQL, Data Analysis. Responsibilities include developing solutions, analyzing data, collaborating across teams, and implementing modern AI or software practices."
Python Developer,"Python, Problem Solving, Teamwork, AWS, Cloud, Machine Learning, Flask, Kubernetes","We are looking for a Python Developer with expertise in Python, Problem Solving, Teamwork, AWS, Cloud, Machine Learning, Flask, Kubernetes. Responsibilities include developing solutions, analyzing data, collaborating across teams, and implementing modern AI or software practices."
Data Scientist,"SQL, Java, Flask, Leadership, CSS, Deep Learning, Data Analysis","We are looking for a Data Scientist with expertise in SQL, Java, Flask, Leadership, CSS, Deep Learning, Data Analysis. Responsibilities include developing solutions, analyzing data, collaborating across teams, and implementing modern AI or software practices."
Cloud Engineer,"Python, Deep Learning, Data Analysis, NLP, Azure, Communication, Flask","We are looking for a Cloud Engineer with expertise in Python, Deep Learning, Data Analysis, NLP, Azure, Communication, Flask. Responsibilities include developing solutions, analyzing data, collaborating across teams, and implementing modern AI or software practices."
HR Recruiter,"Data Analysis, HTML, React, NLP, Kubernetes, Python, Flask, Teamwork, Java","We are looking for a HR Recruiter with expertise in Data Analysis, HTML, React, NLP, Kubernetes, Python, Flask, Teamwork, Java. Responsibilities include developing solutions, analyzing data, collaborating across teams, and implementing modern AI or software practices."
DevOps Engineer,"CSS, Java, Problem Solving, Cloud, React, Leadership, Azure, HTML, Docker","We are looking for a DevOps Engineer with expertise in CSS, Java, Problem Solving, Cloud, React, Leadership, Azure, HTML, Docker. Responsibilities include developing solutions, analyzing data, collaborating across teams, and implementing modern AI or software practices."
UI/UX Designer,"Java, AWS, HTML, TensorFlow, Data Analysis, Docker, Flask, Python, NLP","We are looking for a UI/UX Designer with expertise in Java, AWS, HTML, TensorFlow, Data Analysis, Docker, Flask, Python, NLP. Responsibilities include developing solutions, analyzing data, collaborating across teams, and implementing modern AI or software practices."
Business Analyst,"NLP, Statistics, React, CSS, Machine Learning, Docker, Kubernetes, Teamwork, Flask","We are looking for a Business Analyst with expertise in NLP, Statistics, React, CSS, Machine Learning, Docker, Kubernetes, Teamwork, Flask. Responsibilities include developing solutions, analyzing data, collaborating across teams, and implementing modern AI or software practices."
NLP Engineer,"Data Analysis, Problem Solving, Python, Kubernetes, Docker, HTML, Azure, Statistics","We are looking for a NLP Engineer with expertise in Data Analysis, Problem Solving, Python, Kubernetes, Docker, HTML, Azure, Statistics. Responsibilities include developing solutions, analyzing data, collaborating across teams, and implementing modern AI or software practices."
Cybersecurity Specialist,"Leadership, Statistics, Kubernetes, Java, TensorFlow","We are looking for a Cybersecurity Specialist with expertise in Leadership, Statistics, Kubernetes, Java, TensorFlow. Responsibilities include developing solutions, analyzing data, collaborating across teams, and implementing modern AI or software practices."
Data Analyst,"Machine Learning, Python, React, NLP, TensorFlow","We are looking for a Data Analyst with expertise in Machine Learning, Python, React, NLP, TensorFlow. Responsibilities include developing solutions, analyzing data, collaborating across teams, and implementing modern AI or software practices."
HR Specialist,"Statistics, React, HTML, Python, Java, Deep Learning, Kubernetes","We are looking for a HR Specialist with expertise in Statistics, React, HTML, Python, Java, Deep Learning, Kubernetes. Responsibilities include developing solutions, analyzing data, collaborating across teams, and implementing modern AI or software practices."
AI Engineer,"Cloud, Python, Java, Kubernetes, Problem Solving","We are looking for a AI Engineer with expertise in Cloud, Python, Java, Kubernetes, Problem Solving. Responsibilities include developing solutions, analyzing data, collaborating across teams, and implementing modern AI or software practices."
Machine Learning Engineer,"Teamwork, Python, React, Kubernetes, Communication","We are looking for a Machine Learning Engineer with expertise in Teamwork, Python, React, Kubernetes, Communication. Responsibilities include developing solutions, analyzing data, collaborating across teams, and implementing modern AI or software practices."
Web Developer,"React, AWS, Kubernetes, Data Analysis, Cloud, Docker, Deep Learning","We are looking for a Web Developer with expertise in React, AWS, Kubernetes, Data Analysis, Cloud, Docker, Deep Learning. Responsibilities include developing solutions, analyzing data, collaborating across teams, and implementing modern AI or software practices."
Software Engineer,"Problem Solving, Java, Python, CSS, Machine Learning, AWS, TensorFlow, Flask","We are looking for a Software Engineer with expertise in Problem Solving, Java, Python, CSS, Machine Learning, AWS, TensorFlow, Flask. Responsibilities include developing solutions, analyzing data, collaborating across teams, and implementing modern AI or software practices."
Python Developer,"NLP, Machine Learning, Data Analysis, Problem Solving, Docker, Statistics","We are looking for a Python Developer with expertise in NLP, Machine Learning, Data Analysis, Problem Solving, Docker, Statistics. Responsibilities include developing solutions, analyzing data, collaborating across teams, and implementing modern AI or software practices."
Data Scientist,"SQL, Flask, Java, Kubernetes, React, Statistics, CSS, Python","We are looking for a Data Scientist with expertise in SQL, Flask, Java, Kubernetes, React, Statistics, CSS, Python. Responsibilities include developing solutions, analyzing data, collaborating across teams, and implementing modern AI or software practices."
Cloud Engineer,"Azure, HTML, Teamwork, CSS, Problem Solving, TensorFlow, Deep Learning, Machine Learning","We are looking for a Cloud Engineer with expertise in Azure, HTML, Teamwork, CSS, Problem Solving, TensorFlow, Deep Learning, Machine Learning. Responsibilities include developing solutions, analyzing data, collaborating across teams, and implementing modern AI or software practices."
HR Recruiter,"Teamwork, Problem Solving, Cloud, Machine Learning, Leadership, AWS, Kubernetes, CSS, HTML","We are looking for a HR Recruiter with expertise in Teamwork, Problem Solving, Cloud, Machine Learning, Leadership, AWS, Kubernetes, CSS, HTML. Responsibilities include developing solutions, analyzing data, collaborating across teams, and implementing modern AI or software practices."
DevOps Engineer,"Cloud, Communication, TensorFlow, Deep Learning, React, AWS","We are looking for a DevOps Engineer with expertise in Cloud, Communication, TensorFlow, Deep Learning, React, AWS. Responsibilities include developing solutions, analyzing data, collaborating across teams, and implementing modern AI or software practices."
UI/UX Designer,"Java, AWS, Machine Learning, Data Analysis, Python, NLP, CSS","We are looking for a UI/UX Designer with expertise in Java, AWS, Machine Learning, Data Analysis, Python, NLP, CSS. Responsibilities include developing solutions, analyzing data, collaborating across teams, and implementing modern AI or software practices."
Business Analyst,"HTML, Java, TensorFlow, CSS, Data Analysis, Docker, Machine Learning, Cloud, Azure","We are looking for a Business Analyst with expertise in HTML, Java, TensorFlow, CSS, Data Analysis, Docker, Machine Learning, Cloud, Azure. Responsibilities include developing solutions, analyzing data, collaborating across teams, and implementing modern AI or software practices."
NLP Engineer,"Docker, Data Analysis, CSS, Python, React","We are looking for a NLP Engineer with expertise in Docker, Data Analysis, CSS, Python, React. Responsibilities include developing solutions, analyzing data, collaborating across teams, and implementing modern AI or software practices."
Cybersecurity Specialist,"Data Analysis, HTML, Python, Statistics, Leadership, Deep Learning, NLP","We are looking for a Cybersecurity Specialist with expertise in Data Analysis, HTML, Python, Statistics, Leadership, Deep Learning, NLP. Responsibilities include developing solutions, analyzing data, collaborating across teams, and implementing modern AI or software practices."
Data Analyst,"Deep Learning, Leadership, React, Teamwork, Problem Solving, Cloud, Flask, Machine Learning, AWS","We are looking for a Data Analyst with expertise in Deep Learning, Leadership, React, Teamwork, Problem Solving, Cloud, Flask, Machine Learning, AWS. Responsibilities include developing solutions, analyzing data, collaborating across teams, and implementing modern AI or software practices."
HR Specialist,"Teamwork, CSS, Data Analysis, AWS, Statistics, React, Problem Solving, TensorFlow, Cloud","We are looking for a HR Specialist with expertise in Teamwork, CSS, Data Analysis, AWS, Statistics, React, Problem Solving, TensorFlow, Cloud. Responsibilities include developing solutions, analyzing data, collaborating across teams, and implementing modern AI or software practices."
AI Engineer,"Kubernetes, Cloud, AWS, Machine Learning, Data Analysis, Java, Teamwork, SQL, TensorFlow","We are looking for a AI Engineer with expertise in Kubernetes, Cloud, AWS, Machine Learning, Data Analysis, Java, Teamwork, SQL, TensorFlow. Responsibilities include developing solutions, analyzing data, collaborating across teams, and implementing modern AI or software practices."
Machine Learning Engineer,"Machine Learning, Deep Learning, Kubernetes, HTML, Problem Solving","We are looking for a Machine Learning Engineer with expertise in Machine Learning, Deep Learning, Kubernetes, HTML, Problem Solving. Responsibilities include developing solutions, analyzing data, collaborating across teams, and implementing modern AI or software practices."
Web Developer,"Problem Solving, NLP, AWS, Kubernetes, Statistics","We are looking for a Web Developer with expertise in Problem Solving, NLP, AWS, Kubernetes, Statistics. Responsibilities include developing solutions, analyzing data, collaborating across teams, and implementing modern AI or software practices."
Software Engineer,"HTML, Data Analysis, React, Java, Cloud, Problem Solving, SQL","We are looking for a Software Engineer with expertise in HTML, Data Analysis, React, Java, Cloud, Problem Solving, SQL. Responsibilities include developing solutions, analyzing data, collaborating across teams, and implementing modern AI or software practices."
Python Developer,"Statistics, HTML, NLP, Cloud, TensorFlow","We are looking for a Python Developer with expertise in Statistics, HTML, NLP, Cloud, TensorFlow. Responsibilities include developing solutions, analyzing data, collaborating across teams, and implementing modern AI or software practices."
Data Scientist,"Data Analysis, Java, Docker, AWS, Deep Learning, CSS, Statistics","We are looking for a Data Scientist with expertise in Data Analysis, Java, Docker, AWS, Deep Learning, CSS, Statistics. Responsibilities include developing solutions, analyzing data, collaborating across teams, and implementing modern AI or software practices."
Cloud Engineer,"Problem Solving, Data Analysis, Python, Statistics, Java, Azure, Communication","We are looking for a Cloud Engineer with expertise in Problem Solving, Data Analysis, Python, Statistics, Java, Azure, Communication. Responsibilities include developing solutions, analyzing data, collaborating across teams, and implementing modern AI or software practices."
HR Recruiter,"CSS, TensorFlow, React, HTML, Leadership","We are looking for a HR Recruiter with expertise in CSS, TensorFlow, React, HTML, Leadership. Responsibilities include developing solutions, analyzing data, collaborating across teams, and implementing modern AI or software practices."
DevOps Engineer,"Azure, Java, Data Analysis, Cloud, Python, HTML, Docker, Communication","We are looking for a DevOps Engineer with expertise in Azure, Java, Data Analysis, Cloud, Python, HTML, Docker, Communication. Responsibilities include developing solutions, analyzing data, collaborating across teams, and implementing modern AI or software practices."
UI/UX Designer,"AWS, HTML, Problem Solving, Communication, SQL, Cloud, Azure","We are looking for a UI/UX Designer with expertise in AWS, HTML, Problem Solving, Communication, SQL, Cloud, Azure. Responsibilities include developing solutions, analyzing data, collaborating across teams, and implementing modern AI or software practices."
Business Analyst,"Machine Learning, TensorFlow, React, NLP, Communication, Python, Azure, Java","We are looking for a Business Analyst with expertise in Machine Learning, TensorFlow, React, NLP, Communication, Python, Azure, Java. Responsibilities include developing solutions, analyzing data, collaborating across teams, and implementing modern AI or software practices."
NLP Engineer,"Communication, Statistics, TensorFlow, Problem Solving, Python, Flask","We are looking for a NLP Engineer with expertise in Communication, Statistics, TensorFlow, Problem Solving, Python, Flask. Responsibilities include developing solutions, analyzing data, collaborating across teams, and implementing modern AI or software practices."
Cybersecurity Specialist,"Data Analysis, SQL, Flask, Communication, Java, Deep Learning, Azure","We are looking for a Cybersecurity Specialist with expertise in Data Analysis, SQL, Flask, Communication, Java, Deep Learning, Azure. Responsibilities include developing solutions, analyzing data, collaborating across teams, and implementing modern AI or software practices."
Data Analyst,"SQL, Teamwork, Flask, TensorFlow, Azure, Docker","We are looking for a Data Analyst with expertise in SQL, Teamwork, Flask, TensorFlow, Azure, Docker. Responsibilities include developing solutions, analyzing data, collaborating across teams, and implementing modern AI or software practices."
HR Specialist,"Deep Learning, NLP, Data Analysis, SQL, Docker","We are looking for a HR Specialist with expertise in Deep Learning, NLP, Data Analysis, SQL, Docker. Responsibilities include developing solutions, analyzing data, collaborating across teams, and implementing modern AI or software practices."
AI Engineer,"Kubernetes, CSS, Problem Solving, React, SQL, Docker, AWS","We are looking for a AI Engineer with expertise in Kubernetes, CSS, Problem Solving, React, SQL, Docker, AWS. Responsibilities include developing solutions, analyzing data, collaborating across teams, and implementing modern AI or software practices."
Machine Learning Engineer,"NLP, Cloud, HTML, Docker, Data Analysis, Communication, React, Leadership, Flask","We are looking for a Machine Learning Engineer with expertise in NLP, Cloud, HTML, Docker, Data Analysis, Communication, React, Leadership, Flask. Responsibilities include developing solutions, analyzing data, collaborating across teams, and implementing modern AI or software practices."
Web Developer,"Cloud, Statistics, Flask, Machine Learning, NLP, Data Analysis, CSS, Deep Learning, Kubernetes","We are looking for a Web Developer with expertise in Cloud, Statistics, Flask, Machine Learning, NLP, Data Analysis, CSS, Deep Learning, Kubernetes. Responsibilities include developing solutions, analyzing data, collaborating across teams, and implementing modern AI or software practices."
Software Engineer,"Communication, Kubernetes, Deep Learning, Docker, Azure, HTML, Statistics, NLP","We are looking for a Software Engineer with expertise in Communication, Kubernetes, Deep Learning, Docker, Azure, HTML, Statistics, NLP. Responsibilities include developing solutions, analyzing data, collaborating across teams, and implementing modern AI or software practices."
Python Developer,"Communication, CSS, AWS, Deep Learning, Machine Learning, Docker, Cloud","We are looking for a Python Developer with expertise in Communication, CSS, AWS, Deep Learning, Machine Learning, Docker, Cloud. Responsibilities include developing solutions, analyzing data, collaborating across teams, and implementing modern AI or software practices."
Data Scientist,"Java, Data Analysis, HTML, TensorFlow, React","We are looking for a Data Scientist with expertise in Java, Data Analysis, HTML, TensorFlow, React. Responsibilities include developing solutions, analyzing data, collaborating across teams, and implementing modern AI or software practices."
Cloud Engineer,"Kubernetes, Machine Learning, Python, AWS, Flask, HTML, Statistics","We are looking for a Cloud Engineer with expertise in Kubernetes, Machine Learning, Python, AWS, Flask, HTML, Statistics. Responsibilities include developing solutions, analyzing data, collaborating across teams, and implementing modern AI or software practices."
HR Recruiter,"AWS, Statistics, Azure, Kubernetes, React, TensorFlow, Python, Flask","We are looking for a HR Recruiter with expertise in AWS, Statistics, Azure, Kubernetes, React, TensorFlow, Python, Flask. Responsibilities include developing solutions, analyzing data, collaborating across teams, and implementing modern AI or software practices."
DevOps Engineer,"Data Analysis, NLP, Cloud, Machine Learning, Java, Deep Learning","We are looking for a DevOps Engineer with expertise in Data Analysis, NLP, Cloud, Machine Learning, Java, Deep Learning. Responsibilities include developing solutions, analyzing data, collaborating across teams, and implementing modern AI or software practices."
UI/UX Designer,"Azure, Machine Learning, AWS, React, Flask, HTML, Kubernetes","We are looking for a UI/UX Designer with expertise in Azure, Machine Learning, AWS, React, Flask, HTML, Kubernetes. Responsibilities include developing solutions, analyzing data, collaborating across teams, and implementing modern AI or software practices."
Business Analyst,"Deep Learning, React, NLP, Statistics, Kubernetes, TensorFlow","We are looking for a Business Analyst with expertise in Deep Learning, React, NLP, Statistics, Kubernetes, TensorFlow. Responsibilities include developing solutions, analyzing data, collaborating across teams, and implementing modern AI or software practices."
NLP Engineer,"Leadership, React, Flask, SQL, CSS, Statistics","We are looking for a NLP Engineer with expertise in Leadership, React, Flask, SQL, CSS, Statistics. Responsibilities include developing solutions, analyzing data, collaborating across teams, and implementing modern AI or software practices."
Cybersecurity Specialist,"TensorFlow, Java, HTML, Kubernetes, Leadership, Cloud, CSS, Deep Learning, AWS","We are looking for a Cybersecurity Specialist with expertise in TensorFlow, Java, HTML, Kubernetes, Leadership, Cloud, CSS, Deep Learning, AWS. Responsibilities include developing solutions, analyzing data, collaborating across teams, and implementing modern AI or software practices."
Data Analyst,"NLP, AWS, HTML, CSS, Python, Docker, Cloud","We are looking for a Data Analyst with expertise in NLP, AWS, HTML, CSS, Python, Docker, Cloud. Responsibilities include developing solutions, analyzing data, collaborating across teams, and implementing modern AI or software practices."
HR Specialist,"Flask, Docker, Machine Learning, Problem Solving, Kubernetes, Communication, Data Analysis, CSS","We are looking for a HR Specialist with expertise in Flask, Docker, Machine Learning, Problem Solving, Kubernetes, Communication, Data Analysis, CSS. Responsibilities include developing solutions, analyzing data, collaborating across teams, and implementing modern AI or software practices."
AI Engineer,"Leadership, Docker, Machine Learning, AWS, CSS","We are looking for a AI Engineer with expertise in Leadership, Docker, Machine Learning, AWS, CSS. Responsibilities include developing solutions, analyzing data, collaborating across teams, and implementing modern AI or software practices."
Machine Learning Engineer,"Docker, HTML, SQL, Java, NLP, Azure, Data Analysis, Machine Learning, Problem Solving","We are looking for a Machine Learning Engineer with expertise in Docker, HTML, SQL, Java, NLP, Azure, Data Analysis, Machine Learning, Problem Solving. Responsibilities include developing solutions, analyzing data, collaborating across teams, and implementing modern AI or software practices."
Web Developer,"Cloud, AWS, HTML, Leadership, Problem Solving, Docker","We are looking for a Web Developer with expertise in Cloud, AWS, HTML, Leadership, Problem Solving, Docker. Responsibilities include developing solutions, analyzing data, collaborating across teams, and implementing modern AI or software practices."
Software Engineer,"Communication, Flask, TensorFlow, Kubernetes, AWS, Machine Learning","We are looking for a Software Engineer with expertise in Communication, Flask, TensorFlow, Kubernetes, AWS, Machine Learning. Responsibilities include developing solutions, analyzing data, collaborating across teams, and implementing modern AI or software practices."
Python Developer,"Statistics, NLP, Data Analysis, React, HTML, Java","We are looking for a Python Developer with expertise in Statistics, NLP, Data Analysis, React, HTML, Java. Responsibilities include developing solutions, analyzing data, collaborating across teams, and implementing modern AI or software practices."
Data Scientist,"AWS, Kubernetes, React, Deep Learning, SQL, TensorFlow, Java, Statistics, Machine Learning","We are looking for a Data Scientist with expertise in AWS, Kubernetes, React, Deep Learning, SQL, TensorFlow, Java, Statistics, Machine Learning. Responsibilities include developing solutions, analyzing data, collaborating across teams, and implementing modern AI or software practices."
Cloud Engineer,"NLP, React, TensorFlow, Python, Data Analysis","We are looking for a Cloud Engineer with expertise in NLP, React, TensorFlow, Python, Data Analysis. Responsibilities include developing solutions, analyzing data, collaborating across teams, and implementing modern AI or software practices."
HR Recruiter,"Azure, Deep Learning, Leadership, HTML, TensorFlow, Flask","We are looking for a HR Recruiter with expertise in Azure, Deep Learning, Leadership, HTML, TensorFlow, Flask. Responsibilities include developing solutions, analyzing data, collaborating across teams, and implementing modern AI or software practices."
DevOps Engineer,"Communication, React, Teamwork, Problem Solving, Java","We are looking for a DevOps Engineer with expertise in Communication, React, Teamwork, Problem Solving, Java. Responsibilities include developing solutions, analyzing data, collaborating across teams, and implementing modern AI or software practices."
UI/UX Designer,"Machine Learning, Docker, Azure, Kubernetes, Data Analysis, React","We are looking for a UI/UX Designer with expertise in Machine Learning, Docker, Azure, Kubernetes, Data Analysis, React. Responsibilities include developing solutions, analyzing data, collaborating across teams, and implementing modern AI or software practices."
Business Analyst,"AWS, Python, TensorFlow, Deep Learning, Problem Solving, CSS, Teamwork, SQL, Machine Learning","We are looking for a Business Analyst with expertise in AWS, Python, TensorFlow, Deep Learning, Problem Solving, CSS, Teamwork, SQL, Machine Learning. Responsibilities include developing solutions, analyzing data, collaborating across teams, and implementing modern AI or software practices."
NLP Engineer,"Java, Problem Solving, AWS, React, Azure, Machine Learning, Deep Learning, NLP, Teamwork","We are looking for a NLP Engineer with expertise in Java, Problem Solving, AWS, React, Azure, Machine Learning, Deep Learning, NLP, Teamwork. Responsibilities include developing solutions, analyzing data, collaborating across teams, and implementing modern AI or software practices."
Cybersecurity Specialist,"Cloud, Azure, Data Analysis, AWS, Teamwork, HTML, Docker, Leadership","We are looking for a Cybersecurity Specialist with expertise in Cloud, Azure, Data Analysis, AWS, Teamwork, HTML, Docker, Leadership. Responsibilities include developing solutions, analyzing data, collaborating across teams, and implementing modern AI or software practices."
Data Analyst,"HTML, Docker, AWS, CSS, Azure, Data Analysis, Statistics, Deep Learning","We are looking for a Data Analyst with expertise in HTML, Docker, AWS, CSS, Azure, Data Analysis, Statistics, Deep Learning. Responsibilities include developing solutions, analyzing data, collaborating across teams, and implementing modern AI or software practices."
HR Specialist,"Python, AWS, Java, React, NLP, Flask","We are looking for a HR Specialist with expertise in Python, AWS, Java, React, NLP, Flask. Responsibilities include developing solutions, analyzing data, collaborating across teams, and implementing modern AI or software practices."
AI Engineer,"Communication, HTML, CSS, Python, Statistics, Docker, Deep Learning","We are looking for a AI Engineer with expertise in Communication, HTML, CSS, Python, Statistics, Docker, Deep Learning. Responsibilities include developing solutions, analyzing data, collaborating across teams, and implementing modern AI or software practices."
Machine Learning Engineer,"Teamwork, Cloud, Flask, Communication, HTML, Java, SQL, Deep Learning, Data Analysis","We are looking for a Machine Learning Engineer with expertise in Teamwork, Cloud, Flask, Communication, HTML, Java, SQL, Deep Learning, Data Analysis. Responsibilities include developing solutions, analyzing data, collaborating across teams, and implementing modern AI or software practices."
Web Developer,"Statistics, Python, Communication, Deep Learning, Leadership, Azure, Data Analysis, Kubernetes","We are looking for a Web Developer with expertise in Statistics, Python, Communication, Deep Learning, Leadership, Azure, Data Analysis, Kubernetes. Responsibilities include developing solutions, analyzing data, collaborating across teams, and implementing modern AI or software practices."
Software Engineer,"Teamwork, Problem Solving, HTML, Deep Learning, Data Analysis, Kubernetes","We are looking for a Software Engineer with expertise in Teamwork, Problem Solving, HTML, Deep Learning, Data Analysis, Kubernetes. Responsibilities include developing solutions, analyzing data, collaborating across teams, and implementing modern AI or software practices."
Python Developer,"TensorFlow, Flask, Azure, Statistics, CSS","We are looking for a Python Developer with expertise in TensorFlow, Flask, Azure, Statistics, CSS. Responsibilities include developing solutions, analyzing data, collaborating across teams, and implementing modern AI or software practices."
Data Scientist,"Python, NLP, Machine Learning, Communication, Kubernetes, Problem Solving, React, Flask","We are looking for a Data Scientist with expertise in Python, NLP, Machine Learning, Communication, Kubernetes, Problem Solving, React, Flask. Responsibilities include developing solutions, analyzing data, collaborating across teams, and implementing modern AI or software practices."
Cloud Engineer,"Teamwork, Deep Learning, Azure, NLP, Docker","We are looking for a Cloud Engineer with expertise in Teamwork, Deep Learning, Azure, NLP, Docker. Responsibilities include developing solutions, analyzing data, collaborating across teams, and implementing modern AI or software practices."
HR Recruiter,"Leadership, NLP, Data Analysis, Machine Learning, Statistics, Java, React, TensorFlow","We are looking for a HR Recruiter with expertise in Leadership, NLP, Data Analysis, Machine Learning, Statistics, Java, React, TensorFlow. Responsibilities include developing solutions, analyzing data, collaborating across teams, and implementing modern AI or software practices."
DevOps Engineer,"Deep Learning, Data Analysis, Docker, React, Problem Solving, NLP, TensorFlow, Machine Learning","We are looking for a DevOps Engineer with expertise in Deep Learning, Data Analysis, Docker, React, Problem Solving, NLP, TensorFlow, Machine Learning. Responsibilities include developing solutions, analyzing data, collaborating across teams, and implementing modern AI or software practices."
UI/UX Designer,"React, Statistics, HTML, Kubernetes, AWS","We are looking for a UI/UX Designer with expertise in React, Statistics, HTML, Kubernetes, AWS. Responsibilities include developing solutions, analyzing data, collaborating across teams, and implementing modern AI or software practices."
Business Analyst,"Problem Solving, Communication, HTML, Data Analysis, Machine Learning, Cloud, Teamwork","We are looking for a Business Analyst with expertise in Problem Solving, Communication, HTML, Data Analysis, Machine Learning, Cloud, Teamwork. Responsibilities include developing solutions, analyzing data, collaborating across teams, and implementing modern AI or software practices."
NLP Engineer,"Problem Solving, Communication, SQL, Data Analysis, Azure, Leadership, Java","We are looking for a NLP Engineer with expertise in Problem Solving, Communication, SQL, Data Analysis, Azure, Leadership, Java. Responsibilities include developing solutions, analyzing data, collaborating across teams, and implementing modern AI or software practices."
Cybersecurity Specialist,"Python, Leadership, Problem Solving, Teamwork, AWS, Cloud","We are looking for a Cybersecurity Specialist with expertise in Python, Leadership, Problem Solving, Teamwork, AWS, Cloud. Responsibilities include developing solutions, analyzing data, collaborating across teams, and implementing modern AI or software practices."
Data Analyst,"Leadership, Communication, NLP, AWS, Machine Learning","We are looking for a Data Analyst with expertise in Leadership, Communication, NLP, AWS, Machine Learning. Responsibilities include developing solutions, analyzing data, collaborating across teams, and implementing modern AI or software practices."
HR Specialist,"Java, Communication, Deep Learning, Flask, React, Kubernetes, Azure","We are looking for a HR Specialist with expertise in Java, Communication, Deep Learning, Flask, React, Kubernetes, Azure. Responsibilities include developing solutions, analyzing data, collaborating across teams, and implementing modern AI or software practices."
AI Engineer,"NLP, React, Communication, Docker, Leadership, HTML, Data Analysis","We are looking for a AI Engineer with expertise in NLP, React, Communication, Docker, Leadership, HTML, Data Analysis. Responsibilities include developing solutions, analyzing data, collaborating across teams, and implementing modern AI or software practices."
Machine Learning Engineer,"Communication, Kubernetes, React, Cloud, AWS, SQL, Teamwork","We are looking for a Machine Learning Engineer with expertise in Communication, Kubernetes, React, Cloud, AWS, SQL, Teamwork. Responsibilities include developing solutions, analyzing data, collaborating across teams, and implementing modern AI or software practices."
Web Developer,"Docker, TensorFlow, Kubernetes, Leadership, SQL, Deep Learning","We are looking for a Web Developer with expertise in Docker, TensorFlow, Kubernetes, Leadership, SQL, Deep Learning. Responsibilities include developing solutions, analyzing data, collaborating across teams, and implementing modern AI or software practices."
Software Engineer,"Communication, HTML, SQL, Flask, CSS, Deep Learning","We are looking for a Software Engineer with expertise in Communication, HTML, SQL, Flask, CSS, Deep Learning. Responsibilities include developing solutions, analyzing data, collaborating across teams, and implementing modern AI or software practices."
Python Developer,"Kubernetes, Docker, Java, Deep Learning, SQL, Teamwork, Communication, HTML","We are looking for a Python Developer with expertise in Kubernetes, Docker, Java, Deep Learning, SQL, Teamwork, Communication, HTML. Responsibilities include developing solutions, analyzing data, collaborating across teams, and implementing modern AI or software practices."
Data Scientist,"TensorFlow, Problem Solving, Azure, Data Analysis, Java","We are looking for a Data Scientist with expertise in TensorFlow, Problem Solving, Azure, Data Analysis, Java. Responsibilities include developing solutions, analyzing data, collaborating across teams, and implementing modern AI or software practices."
Cloud Engineer,"AWS, CSS, Leadership, Kubernetes, Docker","We are looking for a Cloud Engineer with expertise in AWS, CSS, Leadership, Kubernetes, Docker. Responsibilities include developing solutions, analyzing data, collaborating across teams, and implementing modern AI or software practices."
HR Recruiter,"HTML, Kubernetes, Flask, Python, Data Analysis, React, Azure, Cloud","We are looking for a HR Recruiter with expertise in HTML, Kubernetes, Flask, Python, Data Analysis, React, Azure, Cloud. Responsibilities include developing solutions, analyzing data, collaborating across teams, and implementing modern AI or software practices."
DevOps Engineer,"Kubernetes, Cloud, Docker, Teamwork, Flask, AWS, Java, NLP","We are looking for a DevOps Engineer with expertise in Kubernetes, Cloud, Docker, Teamwork, Flask, AWS, Java, NLP. Responsibilities include developing solutions, analyzing data, collaborating across teams, and implementing modern AI or software practices."
UI/UX Designer,"Deep Learning, Leadership, NLP, Kubernetes, CSS","We are looking for a UI/UX Designer with expertise in Deep Learning, Leadership, NLP, Kubernetes, CSS. Responsibilities include developing solutions, analyzing data, collaborating across teams, and implementing modern AI or software practices."
Business Analyst,"React, Problem Solving, AWS, TensorFlow, Cloud, Data Analysis, Communication","We are looking for a Business Analyst with expertise in React, Problem Solving, AWS, TensorFlow, Cloud, Data Analysis, Communication. Responsibilities include developing solutions, analyzing data, collaborating across teams, and implementing modern AI or software practices."
NLP Engineer,"HTML, SQL, Data Analysis, Docker, AWS, NLP","We are looking for a NLP Engineer with expertise in HTML, SQL, Data Analysis, Docker, AWS, NLP. Responsibilities include developing solutions, analyzing data, collaborating across teams, and implementing modern AI or software practices."
Cybersecurity Specialist,"NLP, TensorFlow, Flask, Machine Learning, Java, SQL, Statistics","We are looking for a Cybersecurity Specialist with expertise in NLP, TensorFlow, Flask, Machine Learning, Java, SQL, Statistics. Responsibilities include developing solutions, analyzing data, collaborating across teams, and implementing modern AI or software practices."
Data Analyst,"Java, Azure, Data Analysis, Problem Solving, Machine Learning, Python, TensorFlow, Communication, Docker","We are looking for a Data Analyst with expertise in Java, Azure, Data Analysis, Problem Solving, Machine Learning, Python, TensorFlow, Communication, Docker. Responsibilities include developing solutions, analyzing data, collaborating across teams, and implementing modern AI or software practices."
HR Specialist,"Communication, Flask, NLP, SQL, Kubernetes","We are looking for a HR Specialist with expertise in Communication, Flask, NLP, SQL, Kubernetes. Responsibilities include developing solutions, analyzing data, collaborating across teams, and implementing modern AI or software practices."
AI Engineer,"Communication, SQL, HTML, TensorFlow, Kubernetes, Machine Learning, Problem Solving, Java","We are looking for a AI Engineer with expertise in Communication, SQL, HTML, TensorFlow, Kubernetes, Machine Learning, Problem Solving, Java. Responsibilities include developing solutions, analyzing data, collaborating across teams, and implementing modern AI or software practices."
Machine Learning Engineer,"AWS, TensorFlow, Docker, Communication, Statistics","We are looking for a Machine Learning Engineer with expertise in AWS, TensorFlow, Docker, Communication, Statistics. Responsibilities include developing solutions, analyzing data, collaborating across teams, and implementing modern AI or software practices."
Web Developer,"Leadership, Teamwork, Kubernetes, NLP, Flask, Docker, Machine Learning","We are looking for a Web Developer with expertise in Leadership, Teamwork, Kubernetes, NLP, Flask, Docker, Machine Learning. Responsibilities include developing solutions, analyzing data, collaborating across teams, and implementing modern AI or software practices."
Software Engineer,"Java, Communication, Cloud, Python, React, Flask, Kubernetes","We are looking for a Software Engineer with expertise in Java, Communication, Cloud, Python, React, Flask, Kubernetes. Responsibilities include developing solutions, analyzing data, collaborating across teams, and implementing modern AI or software practices."
Python Developer,"AWS, Flask, Cloud, Problem Solving, Docker","We are looking for a Python Developer with expertise in AWS, Flask, Cloud, Problem Solving, Docker. Responsibilities include developing solutions, analyzing data, collaborating across teams, and implementing modern AI or software practices."
Data Scientist,"Flask, Azure, Deep Learning, Java, Kubernetes, Leadership","We are looking for a Data Scientist with expertise in Flask, Azure, Deep Learning, Java, Kubernetes, Leadership. Responsibilities include developing solutions, analyzing data, collaborating across teams, and implementing modern AI or software practices."
Cloud Engineer,"Java, React, NLP, HTML, Python, Deep Learning, Statistics","We are looking for a Cloud Engineer with expertise in Java, React, NLP, HTML, Python, Deep Learning, Statistics. Responsibilities include developing solutions, analyzing data, collaborating across teams, and implementing modern AI or software practices."
HR Recruiter,"Statistics, Cloud, NLP, Docker, Data Analysis, React, Deep Learning, AWS","We are looking for a HR Recruiter with expertise in Statistics, Cloud, NLP, Docker, Data Analysis, React, Deep Learning, AWS. Responsibilities include developing solutions, analyzing data, collaborating across teams, and implementing modern AI or software practices."
DevOps Engineer,"Deep Learning, NLP, Communication, HTML, Leadership, Java, SQL, Problem Solving, Machine Learning","We are looking for a DevOps Engineer with expertise in Deep Learning, NLP, Communication, HTML, Leadership, Java, SQL, Problem Solving, Machine Learning. Responsibilities include developing solutions, analyzing data, collaborating across teams, and implementing modern AI or software practices."
UI/UX Designer,"SQL, Kubernetes, TensorFlow, CSS, Java, Statistics, Flask, Problem Solving, Machine Learning","We are looking for a UI/UX Designer with expertise in SQL, Kubernetes, TensorFlow, CSS, Java, Statistics, Flask, Problem Solving, Machine Learning. Responsibilities include developing solutions, analyzing data, collaborating across teams, and implementing modern AI or software practices."
Business Analyst,"Problem Solving, Deep Learning, Statistics, Java, Cloud, Machine Learning, TensorFlow","We are looking for a Business Analyst with expertise in Problem Solving, Deep Learning, Statistics, Java, Cloud, Machine Learning, TensorFlow. Responsibilities include developing solutions, analyzing data, collaborating across teams, and implementing modern AI or software practices."
NLP Engineer,"TensorFlow, HTML, Teamwork, Problem Solving, React, NLP, AWS, Leadership, Azure","We are looking for a NLP Engineer with expertise in TensorFlow, HTML, Teamwork, Problem Solving, React, NLP, AWS, Leadership, Azure. Responsibilities include developing solutions, analyzing data, collaborating across teams, and implementing modern AI or software practices."
Cybersecurity Specialist,"Teamwork, Kubernetes, Python, SQL, Leadership, Docker, Machine Learning, Java, Data Analysis","We are looking for a Cybersecurity Specialist with expertise in Teamwork, Kubernetes, Python, SQL, Leadership, Docker, Machine Learning, Java, Data Analysis. Responsibilities include developing solutions, analyzing data, collaborating across teams, and implementing modern AI or software practices."
Data Analyst,"Kubernetes, SQL, Statistics, Machine Learning, React, Flask, Teamwork","We are looking for a Data Analyst with expertise in Kubernetes, SQL, Statistics, Machine Learning, React, Flask, Teamwork. Responsibilities include developing solutions, analyzing data, collaborating across teams, and implementing modern AI or software practices."
HR Specialist,"HTML, Cloud, Kubernetes, Flask, CSS, NLP, Azure, Problem Solving","We are looking for a HR Specialist with expertise in HTML, Cloud, Kubernetes, Flask, CSS, NLP, Azure, Problem Solving. Responsibilities include developing solutions, analyzing data, collaborating across teams, and implementing modern AI or software practices."
AI Engineer,"Python, Kubernetes, NLP, Java, Leadership","We are looking for a AI Engineer with expertise in Python, Kubernetes, NLP, Java, Leadership. Responsibilities include developing solutions, analyzing data, collaborating across teams, and implementing modern AI or software practices."
Machine Learning Engineer,"CSS, Problem Solving, Deep Learning, Java, HTML, Teamwork, AWS, React","We are looking for a Machine Learning Engineer with expertise in CSS, Problem Solving, Deep Learning, Java, HTML, Teamwork, AWS, React. Responsibilities include developing solutions, analyzing data, collaborating across teams, and implementing modern AI or software practices."
Web Developer,"TensorFlow, Deep Learning, Communication, NLP, SQL","We are looking for a Web Developer with expertise in TensorFlow, Deep Learning, Communication, NLP, SQL. Responsibilities include developing solutions, analyzing data, collaborating across teams, and implementing modern AI or software practices."
Software Engineer,"Data Analysis, TensorFlow, React, Leadership, Teamwork, Cloud","We are looking for a Software Engineer with expertise in Data Analysis, TensorFlow, React, Leadership, Teamwork, Cloud. Responsibilities include developing solutions, analyzing data, collaborating across teams, and implementing modern AI or software practices."
Python Developer,"Machine Learning, Problem Solving, Statistics, CSS, Communication, Flask","We are looking for a Python Developer with expertise in Machine Learning, Problem Solving, Statistics, CSS, Communication, Flask. Responsibilities include developing solutions, analyzing data, collaborating across teams, and implementing modern AI or software practices."
Data Scientist,"AWS, CSS, HTML, NLP, Problem Solving, SQL","We are looking for a Data Scientist with expertise in AWS, CSS, HTML, NLP, Problem Solving, SQL. Responsibilities include developing solutions, analyzing data, collaborating across teams, and implementing modern AI or software practices."
Cloud Engineer,"Machine Learning, NLP, Statistics, HTML, CSS","We are looking for a Cloud Engineer with expertise in Machine Learning, NLP, Statistics, HTML, CSS. Responsibilities include developing solutions, analyzing data, collaborating across teams, and implementing modern AI or software practices."
HR Recruiter,"Teamwork, HTML, Java, Deep Learning, Communication, Docker, Cloud, Flask, SQL","We are looking for a HR Recruiter with expertise in Teamwork, HTML, Java, Deep Learning, Communication, Docker, Cloud, Flask, SQL. Responsibilities include developing solutions, analyzing data, collaborating across teams, and implementing modern AI or software practices."
DevOps Engineer,"Kubernetes, NLP, HTML, Machine Learning, TensorFlow, Problem Solving, CSS","We are looking for a DevOps Engineer with expertise in Kubernetes, NLP, HTML, Machine Learning, TensorFlow, Problem Solving, CSS. Responsibilities include developing solutions, analyzing data, collaborating across teams, and implementing modern AI or software practices."
UI/UX Designer,"Flask, Cloud, Problem Solving, Java, Data Analysis","We are looking for a UI/UX Designer with expertise in Flask, Cloud, Problem Solving, Java, Data Analysis. Responsibilities include developing solutions, analyzing data, collaborating across teams, and implementing modern AI or software practices."
Business Analyst,"Teamwork, Java, Azure, Data Analysis, NLP, Cloud, SQL, CSS","We are looking for a Business Analyst with expertise in Teamwork, Java, Azure, Data Analysis, NLP, Cloud, SQL, CSS. Responsibilities include developing solutions, analyzing data, collaborating across teams, and implementing modern AI or software practices."
NLP Engineer,"CSS, Problem Solving, Flask, Azure, Cloud","We are looking for a NLP Engineer with expertise in CSS, Problem Solving, Flask, Azure, Cloud. Responsibilities include developing solutions, analyzing data, collaborating across teams, and implementing modern AI or software practices."
Cybersecurity Specialist,"CSS, SQL, NLP, Machine Learning, Data Analysis","We are looking for a Cybersecurity Specialist with expertise in CSS, SQL, NLP, Machine Learning, Data Analysis. Responsibilities include developing solutions, analyzing data, collaborating across teams, and implementing modern AI or software practices."
Data Analyst,"Teamwork, Python, Azure, Statistics, Java, NLP, Leadership, Problem Solving, HTML","We are looking for a Data Analyst with expertise in Teamwork, Python, Azure, Statistics, Java, NLP, Leadership, Problem Solving, HTML. Responsibilities include developing solutions, analyzing data, collaborating across teams, and implementing modern AI or software practices."
HR Specialist,"Azure, Docker, React, NLP, Problem Solving, Leadership, AWS, Java, TensorFlow","We are looking for a HR Specialist with expertise in Azure, Docker, React, NLP, Problem Solving, Leadership, AWS, Java, TensorFlow. Responsibilities include developing solutions, analyzing data, collaborating across teams, and implementing modern AI or software practices."
AI Engineer,"Docker, Java, CSS, Kubernetes, React, SQL, Python, Statistics, Data Analysis","We are looking for a AI Engineer with expertise in Docker, Java, CSS, Kubernetes, React, SQL, Python, Statistics, Data Analysis. Responsibilities include developing solutions, analyzing data, collaborating across teams, and implementing modern AI or software practices."
Machine Learning Engineer,"NLP, Kubernetes, Docker, SQL, Problem Solving, Machine Learning, Communication, Teamwork","We are looking for a Machine Learning Engineer with expertise in NLP, Kubernetes, Docker, SQL, Problem Solving, Machine Learning, Communication, Teamwork. Responsibilities include developing solutions, analyzing data, collaborating across teams, and implementing modern AI or software practices."
Web Developer,"Python, Cloud, CSS, Java, Leadership, Teamwork, TensorFlow","We are looking for a Web Developer with expertise in Python, Cloud, CSS, Java, Leadership, Teamwork, TensorFlow. Responsibilities include developing solutions, analyzing data, collaborating across teams, and implementing modern AI or software practices."
Software Engineer,"CSS, Azure, Machine Learning, React, NLP, Deep Learning, Python","We are looking for a Software Engineer with expertise in CSS, Azure, Machine Learning, React, NLP, Deep Learning, Python. Responsibilities include developing solutions, analyzing data, collaborating across teams, and implementing modern AI or software practices."
Python Developer,"CSS, Cloud, HTML, Communication, Deep Learning","We are looking for a Python Developer with expertise in CSS, Cloud, HTML, Communication, Deep Learning. Responsibilities include developing solutions, analyzing data, collaborating across teams, and implementing modern AI or software practices."
Data Scientist,"Data Analysis, Kubernetes, Python, HTML, Teamwork, React","We are looking for a Data Scientist with expertise in Data Analysis, Kubernetes, Python, HTML, Teamwork, React. Responsibilities include developing solutions, analyzing data, collaborating across teams, and implementing modern AI or software practices."
Cloud Engineer,"Flask, CSS, HTML, Cloud, TensorFlow, Data Analysis, Python, Communication","We are looking for a Cloud Engineer with expertise in Flask, CSS, HTML, Cloud, TensorFlow, Data Analysis, Python, Communication. Responsibilities include developing solutions, analyzing data, collaborating across teams, and implementing modern AI or software practices."
HR Recruiter,"NLP, Deep Learning, Machine Learning, AWS, Kubernetes","We are looking for a HR Recruiter with expertise in NLP, Deep Learning, Machine Learning, AWS, Kubernetes. Responsibilities include developing solutions, analyzing data, collaborating across teams, and implementing modern AI or software practices."
DevOps Engineer,"Data Analysis, Teamwork, Kubernetes, Problem Solving, SQL, HTML, Azure, React, Java","We are looking for a DevOps Engineer with expertise in Data Analysis, Teamwork, Kubernetes, Problem Solving, SQL, HTML, Azure, React, Java. Responsibilities include developing solutions, analyzing data, collaborating across teams, and implementing modern AI or software practices."
UI/UX Designer,"TensorFlow, SQL, Kubernetes, NLP, CSS, Flask","We are looking for a UI/UX Designer with expertise in TensorFlow, SQL, Kubernetes, NLP, CSS, Flask. Responsibilities include developing solutions, analyzing data, collaborating across teams, and implementing modern AI or software practices."
Business Analyst,"Docker, Teamwork, Java, SQL, Problem Solving, Azure, Data Analysis","We are looking for a Business Analyst with expertise in Docker, Teamwork, Java, SQL, Problem Solving, Azure, Data Analysis. Responsibilities include developing solutions, analyzing data, collaborating across teams, and implementing modern AI or software practices."
NLP Engineer,"Azure, Deep Learning, TensorFlow, Teamwork, SQL, React, CSS, Machine Learning, Kubernetes","We are looking for a NLP Engineer with expertise in Azure, Deep Learning, TensorFlow, Teamwork, SQL, React, CSS, Machine Learning, Kubernetes. Responsibilities include developing solutions, analyzing data, collaborating across teams, and implementing modern AI or software practices."
Cybersecurity Specialist,"Java, Leadership, CSS, SQL, Kubernetes, HTML, Problem Solving, NLP, React","We are looking for a Cybersecurity Specialist with expertise in Java, Leadership, CSS, SQL, Kubernetes, HTML, Problem Solving, NLP, React. Responsibilities include developing solutions, analyzing data, collaborating across teams, and implementing modern AI or software practices."
Data Analyst,"Java, CSS, SQL, Problem Solving, Azure, Teamwork, NLP, TensorFlow, AWS","We are looking for a Data Analyst with expertise in Java, CSS, SQL, Problem Solving, Azure, Teamwork, NLP, TensorFlow, AWS. Responsibilities include developing solutions, analyzing data, collaborating across teams, and implementing modern AI or software practices."
HR Specialist,"Python, Problem Solving, TensorFlow, Kubernetes, Java, Deep Learning, SQL, Azure, HTML","We are looking for a HR Specialist with expertise in Python, Problem Solving, TensorFlow, Kubernetes, Java, Deep Learning, SQL, Azure, HTML. Responsibilities include developing solutions, analyzing data, collaborating across teams, and implementing modern AI or software practices."
AI Engineer,"HTML, SQL, Docker, Problem Solving, Kubernetes, TensorFlow","We are looking for a AI Engineer with expertise in HTML, SQL, Docker, Problem Solving, Kubernetes, TensorFlow. Responsibilities include developing solutions, analyzing data, collaborating across teams, and implementing modern AI or software practices."
Machine Learning Engineer,"Teamwork, SQL, Deep Learning, NLP, React, Machine Learning, Leadership, AWS","We are looking for a Machine Learning Engineer with expertise in Teamwork, SQL, Deep Learning, NLP, React, Machine Learning, Leadership, AWS. Responsibilities include developing solutions, analyzing data, collaborating across teams, and implementing modern AI or software practices."
Web Developer,"Docker, React, Azure, Kubernetes, Statistics, AWS, Teamwork","We are looking for a Web Developer with expertise in Docker, React, Azure, Kubernetes, Statistics, AWS, Teamwork. Responsibilities include developing solutions, analyzing data, collaborating across teams, and implementing modern AI or software practices."
Software Engineer,"SQL, Azure, Leadership, Deep Learning, Java, Machine Learning","We are looking for a Software Engineer with expertise in SQL, Azure, Leadership, Deep Learning, Java, Machine Learning. Responsibilities include developing solutions, analyzing data, collaborating across teams, and implementing modern AI or software practices."
Python Developer,"React, Azure, Docker, Teamwork, CSS, Deep Learning, Flask","We are looking for a Python Developer with expertise in React, Azure, Docker, Teamwork, CSS, Deep Learning, Flask. Responsibilities include developing solutions, analyzing data, collaborating across teams, and implementing modern AI or software practices."
Data Scientist,"Teamwork, Java, NLP, HTML, TensorFlow, Python, Flask, Statistics, Docker","We are looking for a Data Scientist with expertise in Teamwork, Java, NLP, HTML, TensorFlow, Python, Flask, Statistics, Docker. Responsibilities include developing solutions, analyzing data, collaborating across teams, and implementing modern AI or software practices."
Cloud Engineer,"NLP, Java, React, Kubernetes, Deep Learning","We are looking for a Cloud Engineer with expertise in NLP, Java, React, Kubernetes, Deep Learning. Responsibilities include developing solutions, analyzing data, collaborating across teams, and implementing modern AI or software practices."
HR Recruiter,"Flask, Java, Communication, React, Docker, TensorFlow, AWS, Kubernetes, Teamwork","We are looking for a HR Recruiter with expertise in Flask, Java, Communication, React, Docker, TensorFlow, AWS, Kubernetes, Teamwork. Responsibilities include developing solutions, analyzing data, collaborating across teams, and implementing modern AI or software practices."
DevOps Engineer,"Java, React, Teamwork, Flask, AWS","We are looking for a DevOps Engineer with expertise in Java, React, Teamwork, Flask, AWS. Responsibilities include developing solutions, analyzing data, collaborating across teams, and implementing modern AI or software practices."
UI/UX Designer,"React, Kubernetes, SQL, Communication, Azure, Python, Flask, NLP, Teamwork","We are looking for a UI/UX Designer with expertise in React, Kubernetes, SQL, Communication, Azure, Python, Flask, NLP, Teamwork. Responsibilities include developing solutions, analyzing data, collaborating across teams, and implementing modern AI or software practices."
Business Analyst,"Machine Learning, SQL, Communication, Flask, TensorFlow, Teamwork","We are looking for a Business Analyst with expertise in Machine Learning, SQL, Communication, Flask, TensorFlow, Teamwork. Responsibilities include developing solutions, analyzing data, collaborating across teams, and implementing modern AI or software practices."
NLP Engineer,"Leadership, SQL, Data Analysis, Cloud, Machine Learning, Azure, Teamwork, Statistics, NLP","We are looking for a NLP Engineer with expertise in Leadership, SQL, Data Analysis, Cloud, Machine Learning, Azure, Teamwork, Statistics, NLP. Responsibilities include developing solutions, analyzing data, collaborating across teams, and implementing modern AI or software practices."
Cybersecurity Specialist,"CSS, Data Analysis, Deep Learning, HTML, Cloud, TensorFlow","We are looking for a Cybersecurity Specialist with expertise in CSS, Data Analysis, Deep Learning, HTML, Cloud, TensorFlow. Responsibilities include developing solutions, analyzing data, collaborating across teams, and implementing modern AI or software practices."
Data Analyst,"CSS, Java, Statistics, Azure, Communication, NLP, Problem Solving","We are looking for a Data Analyst with expertise in CSS, Java, Statistics, Azure, Communication, NLP, Problem Solving. Responsibilities include developing solutions, analyzing data, collaborating across teams, and implementing modern AI or software practices."
HR Specialist,"Leadership, Deep Learning, Python, NLP, Cloud, SQL, Kubernetes, Docker","We are looking for a HR Specialist with expertise in Leadership, Deep Learning, Python, NLP, Cloud, SQL, Kubernetes, Docker. Responsibilities include developing solutions, analyzing data, collaborating across teams, and implementing modern AI or software practices."
AI Engineer,"Docker, Problem Solving, Deep Learning, CSS, Java, Flask, React","We are looking for a AI Engineer with expertise in Docker, Problem Solving, Deep Learning, CSS, Java, Flask, React. Responsibilities include developing solutions, analyzing data, collaborating across teams, and implementing modern AI or software practices."
Machine Learning Engineer,"SQL, Azure, Leadership, Problem Solving, Python, Statistics, Machine Learning, Java, Cloud","We are looking for a Machine Learning Engineer with expertise in SQL, Azure, Leadership, Problem Solving, Python, Statistics, Machine Learning, Java, Cloud. Responsibilities include developing solutions, analyzing data, collaborating across teams, and implementing modern AI or software practices."
Web Developer,"Data Analysis, HTML, TensorFlow, Deep Learning, Kubernetes, AWS, Communication","We are looking for a Web Developer with expertise in Data Analysis, HTML, TensorFlow, Deep Learning, Kubernetes, AWS, Communication. Responsibilities include developing solutions, analyzing data, collaborating across teams, and implementing modern AI or software practices."
Software Engineer,"Kubernetes, Azure, Java, React, Problem Solving, Data Analysis, Docker, NLP, SQL","We are looking for a Software Engineer with expertise in Kubernetes, Azure, Java, React, Problem Solving, Data Analysis, Docker, NLP, SQL. Responsibilities include developing solutions, analyzing data, collaborating across teams, and implementing modern AI or software practices."
Python Developer,"Communication, Data Analysis, Statistics, Leadership, Problem Solving, Java, Deep Learning, Teamwork","We are looking for a Python Developer with expertise in Communication, Data Analysis, Statistics, Leadership, Problem Solving, Java, Deep Learning, Teamwork. Responsibilities include developing solutions, analyzing data, collaborating across teams, and implementing modern AI or software practices."
Data Scientist,"React, CSS, Problem Solving, Communication, Deep Learning, Data Analysis, Azure","We are looking for a Data Scientist with expertise in React, CSS, Problem Solving, Communication, Deep Learning, Data Analysis, Azure. Responsibilities include developing solutions, analyzing data, collaborating across teams, and implementing modern AI or software practices."
Cloud Engineer,"CSS, Problem Solving, TensorFlow, AWS, Communication","We are looking for a Cloud Engineer with expertise in CSS, Problem Solving, TensorFlow, AWS, Communication. Responsibilities include developing solutions, analyzing data, collaborating across teams, and implementing modern AI or software practices."
HR Recruiter,"Deep Learning, TensorFlow, Communication, CSS, Azure, React","We are looking for a HR Recruiter with expertise in Deep Learning, TensorFlow, Communication, CSS, Azure, React. Responsibilities include developing solutions, analyzing data, collaborating across teams, and implementing modern AI or software practices."
DevOps Engineer,"Machine Learning, Python, AWS, NLP, Problem Solving, Data Analysis","We are looking for a DevOps Engineer with expertise in Machine Learning, Python, AWS, NLP, Problem Solving, Data Analysis. Responsibilities include developing solutions, analyzing data, collaborating across teams, and implementing modern AI or software practices."
UI/UX Designer,"NLP, Kubernetes, Communication, Java, Data Analysis, Cloud, Flask, React, SQL","We are looking for a UI/UX Designer with expertise in NLP, Kubernetes, Communication, Java, Data Analysis, Cloud, Flask, React, SQL. Responsibilities include developing solutions, analyzing data, collaborating across teams, and implementing modern AI or software practices."
Business Analyst,"TensorFlow, Flask, Kubernetes, Machine Learning, Java, CSS, Problem Solving, SQL, NLP","We are looking for a Business Analyst with expertise in TensorFlow, Flask, Kubernetes, Machine Learning, Java, CSS, Problem Solving, SQL, NLP. Responsibilities include developing solutions, analyzing data, collaborating across teams, and implementing modern AI or software practices."
NLP Engineer,"Python, HTML, Java, CSS, Deep Learning, Problem Solving, Communication, Teamwork, Statistics","We are looking for a NLP Engineer with expertise in Python, HTML, Java, CSS, Deep Learning, Problem Solving, Communication, Teamwork, Statistics. Responsibilities include developing solutions, analyzing data, collaborating across teams, and implementing modern AI or software practices."
Cybersecurity Specialist,"Docker, Deep Learning, Flask, Java, React","We are looking for a Cybersecurity Specialist with expertise in Docker, Deep Learning, Flask, Java, React. Responsibilities include developing solutions, analyzing data, collaborating across teams, and implementing modern AI or software practices."
Data Analyst,"React, HTML, Problem Solving, Kubernetes, Azure, Statistics","We are looking for a Data Analyst with expertise in React, HTML, Problem Solving, Kubernetes, Azure, Statistics. Responsibilities include developing solutions, analyzing data, collaborating across teams, and implementing modern AI or software practices."
HR Specialist,"Azure, Kubernetes, Java, Leadership, SQL, Machine Learning, Communication, Deep Learning","We are looking for a HR Specialist with expertise in Azure, Kubernetes, Java, Leadership, SQL, Machine Learning, Communication, Deep Learning. Responsibilities include developing solutions, analyzing data, collaborating across teams, and implementing modern AI or software practices."
AI Engineer,"Flask, TensorFlow, Deep Learning, Leadership, NLP, Communication","We are looking for a AI Engineer with expertise in Flask, TensorFlow, Deep Learning, Leadership, NLP, Communication. Responsibilities include developing solutions, analyzing data, collaborating across teams, and implementing modern AI or software practices."
Machine Learning Engineer,"Docker, Flask, React, Azure, Machine Learning","We are looking for a Machine Learning Engineer with expertise in Docker, Flask, React, Azure, Machine Learning. Responsibilities include developing solutions, analyzing data, collaborating across teams, and implementing modern AI or software practices."
Web Developer,"Problem Solving, AWS, React, Docker, Communication, Deep Learning, TensorFlow, Teamwork","We are looking for a Web Developer with expertise in Problem Solving, AWS, React, Docker, Communication, Deep Learning, TensorFlow, Teamwork. Responsibilities include developing solutions, analyzing data, collaborating across teams, and implementing modern AI or software practices."
Software Engineer,"Machine Learning, AWS, Data Analysis, Java, Communication, TensorFlow, Python, Azure, CSS","We are looking for a Software Engineer with expertise in Machine Learning, AWS, Data Analysis, Java, Communication, TensorFlow, Python, Azure, CSS. Responsibilities include developing solutions, analyzing data, collaborating across teams, and implementing modern AI or software practices."
Python Developer,"Flask, Cloud, CSS, SQL, Statistics, React, Docker","We are looking for a Python Developer with expertise in Flask, Cloud, CSS, SQL, Statistics, React, Docker. Responsibilities include developing solutions, analyzing data, collaborating across teams, and implementing modern AI or software practices."
Data Scientist,"AWS, React, Communication, Cloud, Data Analysis, SQL, Leadership","We are looking for a Data Scientist with expertise in AWS, React, Communication, Cloud, Data Analysis, SQL, Leadership. Responsibilities include developing solutions, analyzing data, collaborating across teams, and implementing modern AI or software practices."
Cloud Engineer,"NLP, Problem Solving, Statistics, Machine Learning, Docker, Cloud, CSS, HTML","We are looking for a Cloud Engineer with expertise in NLP, Problem Solving, Statistics, Machine Learning, Docker, Cloud, CSS, HTML. Responsibilities include developing solutions, analyzing data, collaborating across teams, and implementing modern AI or software practices."
HR Recruiter,"AWS, NLP, Communication, Docker, Machine Learning, Azure, Cloud, Teamwork","We are looking for a HR Recruiter with expertise in AWS, NLP, Communication, Docker, Machine Learning, Azure, Cloud, Teamwork. Responsibilities include developing solutions, analyzing data, collaborating across teams, and implementing modern AI or software practices."
DevOps Engineer,"Flask, Azure, Kubernetes, Statistics, Data Analysis, Deep Learning, Teamwork, Problem Solving","We are looking for a DevOps Engineer with expertise in Flask, Azure, Kubernetes, Statistics, Data Analysis, Deep Learning, Teamwork, Problem Solving. Responsibilities include developing solutions, analyzing data, collaborating across teams, and implementing modern AI or software practices."
UI/UX Designer,"SQL, CSS, Teamwork, Leadership, Communication, React, Statistics","We are looking for a UI/UX Designer with expertise in SQL, CSS, Teamwork, Leadership, Communication, React, Statistics. Responsibilities include developing solutions, analyzing data, collaborating across teams, and implementing modern AI or software practices."
Business Analyst,"Leadership, SQL, Data Analysis, TensorFlow, React, Statistics","We are looking for a Business Analyst with expertise in Leadership, SQL, Data Analysis, TensorFlow, React, Statistics. Responsibilities include developing solutions, analyzing data, collaborating across teams, and implementing modern AI or software practices."
NLP Engineer,"Java, React, SQL, Communication, Leadership, Docker","We are looking for a NLP Engineer with expertise in Java, React, SQL, Communication, Leadership, Docker. Responsibilities include developing solutions, analyzing data, collaborating across teams, and implementing modern AI or software practices."
Cybersecurity Specialist,"Communication, Problem Solving, Kubernetes, Machine Learning, Data Analysis, TensorFlow, AWS","We are looking for a Cybersecurity Specialist with expertise in Communication, Problem Solving, Kubernetes, Machine Learning, Data Analysis, TensorFlow, AWS. Responsibilities include developing solutions, analyzing data, collaborating across teams, and implementing modern AI or software practices."
Data Analyst,"Problem Solving, React, HTML, Azure, Data Analysis, Machine Learning, Communication, NLP, Kubernetes","We are looking for a Data Analyst with expertise in Problem Solving, React, HTML, Azure, Data Analysis, Machine Learning, Communication, NLP, Kubernetes. Responsibilities include developing solutions, analyzing data, collaborating across teams, and implementing modern AI or software practices."
HR Specialist,"NLP, Cloud, React, Flask, Azure","We are looking for a HR Specialist with expertise in NLP, Cloud, React, Flask, Azure. Responsibilities include developing solutions, analyzing data, collaborating across teams, and implementing modern AI or software practices."
AI Engineer,"Flask, AWS, Statistics, Leadership, HTML, NLP","We are looking for a AI Engineer with expertise in Flask, AWS, Statistics, Leadership, HTML, NLP. Responsibilities include developing solutions, analyzing data, collaborating across teams, and implementing modern AI or software practices."
Machine Learning Engineer,"Deep Learning, Teamwork, Java, Flask, Problem Solving, Cloud, NLP, React, AWS","We are looking for a Machine Learning Engineer with expertise in Deep Learning, Teamwork, Java, Flask, Problem Solving, Cloud, NLP, React, AWS. Responsibilities include developing solutions, analyzing data, collaborating across teams, and implementing modern AI or software practices."
Web Developer,"Machine Learning, Data Analysis, Deep Learning, Problem Solving, Java, Kubernetes","We are looking for a Web Developer with expertise in Machine Learning, Data Analysis, Deep Learning, Problem Solving, Java, Kubernetes. Responsibilities include developing solutions, analyzing data, collaborating across teams, and implementing modern AI or software practices."
Software Engineer,"NLP, TensorFlow, Cloud, Problem Solving, SQL, Docker, Flask","We are looking for a Software Engineer with expertise in NLP, TensorFlow, Cloud, Problem Solving, SQL, Docker, Flask. Responsibilities include developing solutions, analyzing data, collaborating across teams, and implementing modern AI or software practices."
Python Developer,"Data Analysis, Machine Learning, Communication, CSS, Cloud","We are looking for a Python Developer with expertise in Data Analysis, Machine Learning, Communication, CSS, Cloud. Responsibilities include developing solutions, analyzing data, collaborating across teams, and implementing modern AI or software practices."
Data Scientist,"Communication, Leadership, HTML, SQL, React, Kubernetes, Cloud, Data Analysis, Java","We are looking for a Data Scientist with expertise in Communication, Leadership, HTML, SQL, React, Kubernetes, Cloud, Data Analysis, Java. Responsibilities include developing solutions, analyzing data, collaborating across teams, and implementing modern AI or software practices."
Cloud Engineer,"Kubernetes, Cloud, Python, Problem Solving, Deep Learning, SQL","We are looking for a Cloud Engineer with expertise in Kubernetes, Cloud, Python, Problem Solving, Deep Learning, SQL. Responsibilities include developing solutions, analyzing data, collaborating across teams, and implementing modern AI or software practices."
HR Recruiter,"React, Flask, SQL, Cloud, Machine Learning, Azure, HTML, Data Analysis, Teamwork","We are looking for a HR Recruiter with expertise in React, Flask, SQL, Cloud, Machine Learning, Azure, HTML, Data Analysis, Teamwork. Responsibilities include developing solutions, analyzing data, collaborating across teams, and implementing modern AI or software practices."
DevOps Engineer,"Docker, Java, AWS, CSS, NLP, Statistics, HTML","We are looking for a DevOps Engineer with expertise in Docker, Java, AWS, CSS, NLP, Statistics, HTML. Responsibilities include developing solutions, analyzing data, collaborating across teams, and implementing modern AI or software practices."
UI/UX Designer,"Statistics, Machine Learning, CSS, AWS, Flask, Teamwork","We are looking for a UI/UX Designer with expertise in Statistics, Machine Learning, CSS, AWS, Flask, Teamwork. Responsibilities include developing solutions, analyzing data, collaborating across teams, and implementing modern AI or software practices."
Business Analyst,"Python, Docker, Java, Azure, HTML, AWS","We are looking for a Business Analyst with expertise in Python, Docker, Java, Azure, HTML, AWS. Responsibilities include developing solutions, analyzing data, collaborating across teams, and implementing modern AI or software practices."
NLP Engineer,"Statistics, TensorFlow, Deep Learning, SQL, Leadership, Communication, HTML","We are looking for a NLP Engineer with expertise in Statistics, TensorFlow, Deep Learning, SQL, Leadership, Communication, HTML. Responsibilities include developing solutions, analyzing data, collaborating across teams, and implementing modern AI or software practices."
Cybersecurity Specialist,"TensorFlow, AWS, Machine Learning, Teamwork, Data Analysis, Deep Learning, Cloud, Python","We are looking for a Cybersecurity Specialist with expertise in TensorFlow, AWS, Machine Learning, Teamwork, Data Analysis, Deep Learning, Cloud, Python. Responsibilities include developing solutions, analyzing data, collaborating across teams, and implementing modern AI or software practices."
Data Analyst,"Leadership, Flask, Data Analysis, AWS, Deep Learning, React, HTML","We are looking for a Data Analyst with expertise in Leadership, Flask, Data Analysis, AWS, Deep Learning, React, HTML. Responsibilities include developing solutions, analyzing data, collaborating across teams, and implementing modern AI or software practices."
HR Specialist,"Cloud, Communication, Teamwork, Leadership, TensorFlow, HTML","We are looking for a HR Specialist with expertise in Cloud, Communication, Teamwork, Leadership, TensorFlow, HTML. Responsibilities include developing solutions, analyzing data, collaborating across teams, and implementing modern AI or software practices."
AI Engineer,"Python, Java, Azure, Communication, Statistics, Problem Solving","We are looking for a AI Engineer with expertise in Python, Java, Azure, Communication, Statistics, Problem Solving. Responsibilities include developing solutions, analyzing data, collaborating across teams, and implementing modern AI or software practices."
Machine Learning Engineer,"React, CSS, Leadership, Communication, Azure, Java","We are looking for a Machine Learning Engineer with expertise in React, CSS, Leadership, Communication, Azure, Java. Responsibilities include developing solutions, analyzing data, collaborating across teams, and implementing modern AI or software practices."
Web Developer,"Cloud, Deep Learning, Azure, React, HTML, Data Analysis, AWS","We are looking for a Web Developer with expertise in Cloud, Deep Learning, Azure, React, HTML, Data Analysis, AWS. Responsibilities include developing solutions, analyzing data, collaborating across teams, and implementing modern AI or software practices."
Software Engineer,"Machine Learning, Flask, Leadership, HTML, Communication, Problem Solving, Statistics, Java","We are looking for a Software Engineer with expertise in Machine Learning, Flask, Leadership, HTML, Communication, Problem Solving, Statistics, Java. Responsibilities include developing solutions, analyzing data, collaborating across teams, and implementing modern AI or software practices."
Python Developer,"Python, Problem Solving, Leadership, Communication, SQL, Azure, Java, Data Analysis","We are looking for a Python Developer with expertise in Python, Problem Solving, Leadership, Communication, SQL, Azure, Java, Data Analysis. Responsibilities include developing solutions, analyzing data, collaborating across teams, and implementing modern AI or software practices."
Data Scientist,"Cloud, NLP, Communication, Deep Learning, React, Python, CSS, Leadership","We are looking for a Data Scientist with expertise in Cloud, NLP, Communication, Deep Learning, React, Python, CSS, Leadership. Responsibilities include developing solutions, analyzing data, collaborating across teams, and implementing modern AI or software practices."
Cloud Engineer,"Deep Learning, Statistics, Python, Problem Solving, HTML","We are looking for a Cloud Engineer with expertise in Deep Learning, Statistics, Python, Problem Solving, HTML. Responsibilities include developing solutions, analyzing data, collaborating across teams, and implementing modern AI or software practices."
HR Recruiter,"Teamwork, Java, Machine Learning, Docker, Azure, Data Analysis, Cloud, Problem Solving, Communication","We are looking for a HR Recruiter with expertise in Teamwork, Java, Machine Learning, Docker, Azure, Data Analysis, Cloud, Problem Solving, Communication. Responsibilities include developing solutions, analyzing data, collaborating across teams, and implementing modern AI or software practices."
DevOps Engineer,"NLP, Kubernetes, Statistics, Flask, Cloud, TensorFlow, Leadership","We are looking for a DevOps Engineer with expertise in NLP, Kubernetes, Statistics, Flask, Cloud, TensorFlow, Leadership. Responsibilities include developing solutions, analyzing data, collaborating across teams, and implementing modern AI or software practices."
UI/UX Designer,"Communication, Deep Learning, Leadership, Cloud, Java, Kubernetes, Flask, React","We are looking for a UI/UX Designer with expertise in Communication, Deep Learning, Leadership, Cloud, Java, Kubernetes, Flask, React. Responsibilities include developing solutions, analyzing data, collaborating across teams, and implementing modern AI or software practices."
Business Analyst,"Statistics, TensorFlow, Flask, Machine Learning, React, SQL, Azure, Docker, Leadership","We are looking for a Business Analyst with expertise in Statistics, TensorFlow, Flask, Machine Learning, React, SQL, Azure, Docker, Leadership. Responsibilities include developing solutions, analyzing data, collaborating across teams, and implementing modern AI or software practices."
NLP Engineer,"Flask, TensorFlow, Problem Solving, React, HTML","We are looking for a NLP Engineer with expertise in Flask, TensorFlow, Problem Solving, React, HTML. Responsibilities include developing solutions, analyzing data, collaborating across teams, and implementing modern AI or software practices."
Cybersecurity Specialist,"AWS, Kubernetes, Communication, Data Analysis, Problem Solving, SQL, Statistics","We are looking for a Cybersecurity Specialist with expertise in AWS, Kubernetes, Communication, Data Analysis, Problem Solving, SQL, Statistics. Responsibilities include developing solutions, analyzing data, collaborating across teams, and implementing modern AI or software practices."
Data Analyst,"Leadership, HTML, AWS, Java, Machine Learning, Docker","We are looking for a Data Analyst with expertise in Leadership, HTML, AWS, Java, Machine Learning, Docker. Responsibilities include developing solutions, analyzing data, collaborating across teams, and implementing modern AI or software practices."
HR Specialist,"Leadership, Data Analysis, HTML, Java, AWS, Azure, Deep Learning, Teamwork","We are looking for a HR Specialist with expertise in Leadership, Data Analysis, HTML, Java, AWS, Azure, Deep Learning, Teamwork. Responsibilities include developing solutions, analyzing data, collaborating across teams, and implementing modern AI or software practices."
AI Engineer,"Problem Solving, Data Analysis, Statistics, Machine Learning, Communication","We are looking for a AI Engineer with expertise in Problem Solving, Data Analysis, Statistics, Machine Learning, Communication. Responsibilities include developing solutions, analyzing data, collaborating across teams, and implementing modern AI or software practices."
Machine Learning Engineer,"Data Analysis, Cloud, SQL, Teamwork, HTML, Leadership, TensorFlow, Statistics","We are looking for a Machine Learning Engineer with expertise in Data Analysis, Cloud, SQL, Teamwork, HTML, Leadership, TensorFlow, Statistics. Responsibilities include developing solutions, analyzing data, collaborating across teams, and implementing modern AI or software practices."
Web Developer,"Statistics, Cloud, Azure, Data Analysis, CSS","We are looking for a Web Developer with expertise in Statistics, Cloud, Azure, Data Analysis, CSS. Responsibilities include developing solutions, analyzing data, collaborating across teams, and implementing modern AI or software practices."
Software Engineer,"TensorFlow, Flask, Leadership, AWS, NLP","We are looking for a Software Engineer with expertise in TensorFlow, Flask, Leadership, AWS, NLP. Responsibilities include developing solutions, analyzing data, collaborating across teams, and implementing modern AI or software practices."
Python Developer,"CSS, Java, Cloud, Kubernetes, Deep Learning, HTML, Leadership, Docker","We are looking for a Python Developer with expertise in CSS, Java, Cloud, Kubernetes, Deep Learning, HTML, Leadership, Docker. Responsibilities include developing solutions, analyzing data, collaborating across teams, and implementing modern AI or software practices."
Data Scientist,"Docker, Leadership, Flask, NLP, Machine Learning, Teamwork, HTML, Cloud","We are looking for a Data Scientist with expertise in Docker, Leadership, Flask, NLP, Machine Learning, Teamwork, HTML, Cloud. Responsibilities include developing solutions, analyzing data, collaborating across teams, and implementing modern AI or software practices."
Cloud Engineer,"AWS, SQL, TensorFlow, Data Analysis, Kubernetes","We are looking for a Cloud Engineer with expertise in AWS, SQL, TensorFlow, Data Analysis, Kubernetes. Responsibilities include developing solutions, analyzing data, collaborating across teams, and implementing modern AI or software practices."
HR Recruiter,"Problem Solving, AWS, Data Analysis, Machine Learning, HTML, Communication","We are looking for a HR Recruiter with expertise in Problem Solving, AWS, Data Analysis, Machine Learning, HTML, Communication. Responsibilities include developing solutions, analyzing data, collaborating across teams, and implementing modern AI or software practices."
DevOps Engineer,"Kubernetes, Problem Solving, SQL, TensorFlow, Data Analysis, Azure, Java, Teamwork","We are looking for a DevOps Engineer with expertise in Kubernetes, Problem Solving, SQL, TensorFlow, Data Analysis, Azure, Java, Teamwork. Responsibilities include developing solutions, analyzing data, collaborating across teams, and implementing modern AI or software practices."
UI/UX Designer,"HTML, Docker, SQL, Java, TensorFlow, Deep Learning, Teamwork, Leadership","We are looking for a UI/UX Designer with expertise in HTML, Docker, SQL, Java, TensorFlow, Deep Learning, Teamwork, Leadership. Responsibilities include developing solutions, analyzing data, collaborating across teams, and implementing modern AI or software practices."
Business Analyst,"Deep Learning, Azure, Communication, TensorFlow, Machine Learning, Python, NLP, Flask, Data Analysis","We are looking for a Business Analyst with expertise in Deep Learning, Azure, Communication, TensorFlow, Machine Learning, Python, NLP, Flask, Data Analysis. Responsibilities include developing solutions, analyzing data, collaborating across teams, and implementing modern AI or software practices."
NLP Engineer,"CSS, Problem Solving, Statistics, Deep Learning, Java, Docker, Machine Learning, AWS, Leadership","We are looking for a NLP Engineer with expertise in CSS, Problem Solving, Statistics, Deep Learning, Java, Docker, Machine Learning, AWS, Leadership. Responsibilities include developing solutions, analyzing data, collaborating across teams, and implementing modern AI or software practices."
Cybersecurity Specialist,"Teamwork, React, Problem Solving, Deep Learning, Leadership, SQL, Java","We are looking for a Cybersecurity Specialist with expertise in Teamwork, React, Problem Solving, Deep Learning, Leadership, SQL, Java. Responsibilities include developing solutions, analyzing data, collaborating across teams, and implementing modern AI or software practices."
Data Analyst,"Flask, Communication, CSS, Teamwork, Python","We are looking for a Data Analyst with expertise in Flask, Communication, CSS, Teamwork, Python. Responsibilities include developing solutions, analyzing data, collaborating across teams, and implementing modern AI or software practices."
HR Specialist,"Machine Learning, Communication, SQL, Cloud, Deep Learning","We are looking for a HR Specialist with expertise in Machine Learning, Communication, SQL, Cloud, Deep Learning. Responsibilities include developing solutions, analyzing data, collaborating across teams, and implementing modern AI or software practices."
AI Engineer,"Deep Learning, Leadership, Flask, Problem Solving, CSS, Communication","We are looking for a AI Engineer with expertise in Deep Learning, Leadership, Flask, Problem Solving, CSS, Communication. Responsibilities include developing solutions, analyzing data, collaborating across teams, and implementing modern AI or software practices."
Machine Learning Engineer,"Problem Solving, Deep Learning, Azure, Flask, Data Analysis, Python, CSS","We are looking for a Machine Learning Engineer with expertise in Problem Solving, Deep Learning, Azure, Flask, Data Analysis, Python, CSS. Responsibilities include developing solutions, analyzing data, collaborating across teams, and implementing modern AI or software practices."
Web Developer,"Machine Learning, Flask, TensorFlow, Java, CSS, Deep Learning","We are looking for a Web Developer with expertise in Machine Learning, Flask, TensorFlow, Java, CSS, Deep Learning. Responsibilities include developing solutions, analyzing data, collaborating across teams, and implementing modern AI or software practices."
Software Engineer,"HTML, TensorFlow, Communication, Flask, Cloud","We are looking for a Software Engineer with expertise in HTML, TensorFlow, Communication, Flask, Cloud. Responsibilities include developing solutions, analyzing data, collaborating across teams, and implementing modern AI or software practices."
Python Developer,"NLP, CSS, Machine Learning, React, Cloud, Kubernetes","We are looking for a Python Developer with expertise in NLP, CSS, Machine Learning, React, Cloud, Kubernetes. Responsibilities include developing solutions, analyzing data, collaborating across teams, and implementing modern AI or software practices."
Data Scientist,"Statistics, Teamwork, Problem Solving, Azure, CSS, Data Analysis","We are looking for a Data Scientist with expertise in Statistics, Teamwork, Problem Solving, Azure, CSS, Data Analysis. Responsibilities include developing solutions, analyzing data, collaborating across teams, and implementing modern AI or software practices."
Cloud Engineer,"Leadership, Statistics, Data Analysis, CSS, Teamwork, Problem Solving, Python, Cloud","We are looking for a Cloud Engineer with expertise in Leadership, Statistics, Data Analysis, CSS, Teamwork, Problem Solving, Python, Cloud. Responsibilities include developing solutions, analyzing data, collaborating across teams, and implementing modern AI or software practices."
HR Recruiter,"Problem Solving, Statistics, TensorFlow, SQL, Leadership, HTML, CSS, Azure, Deep Learning","We are looking for a HR Recruiter with expertise in Problem Solving, Statistics, TensorFlow, SQL, Leadership, HTML, CSS, Azure, Deep Learning. Responsibilities include developing solutions, analyzing data, collaborating across teams, and implementing modern AI or software practices."
DevOps Engineer,"CSS, Communication, Machine Learning, Java, Cloud, Flask, AWS, Statistics","We are looking for a DevOps Engineer with expertise in CSS, Communication, Machine Learning, Java, Cloud, Flask, AWS, Statistics. Responsibilities include developing solutions, analyzing data, collaborating across teams, and implementing modern AI or software practices."
UI/UX Designer,"Leadership, Flask, Deep Learning, Problem Solving, SQL, Teamwork","We are looking for a UI/UX Designer with expertise in Leadership, Flask, Deep Learning, Problem Solving, SQL, Teamwork. Responsibilities include developing solutions, analyzing data, collaborating across teams, and implementing modern AI or software practices."
Business Analyst,"Machine Learning, Docker, Communication, Flask, Leadership, Problem Solving, Java, Data Analysis, Python","We are looking for a Business Analyst with expertise in Machine Learning, Docker, Communication, Flask, Leadership, Problem Solving, Java, Data Analysis, Python. Responsibilities include developing solutions, analyzing data, collaborating across teams, and implementing modern AI or software practices."
NLP Engineer,"HTML, Java, Communication, Azure, Flask, AWS, Deep Learning, Statistics, Teamwork","We are looking for a NLP Engineer with expertise in HTML, Java, Communication, Azure, Flask, AWS, Deep Learning, Statistics, Teamwork. Responsibilities include developing solutions, analyzing data, collaborating across teams, and implementing modern AI or software practices."
Cybersecurity Specialist,"Flask, Statistics, HTML, Leadership, Data Analysis, Docker","We are looking for a Cybersecurity Specialist with expertise in Flask, Statistics, HTML, Leadership, Data Analysis, Docker. Responsibilities include developing solutions, analyzing data, collaborating across teams, and implementing modern AI or software practices."
Data Analyst,"TensorFlow, Azure, Java, CSS, AWS, Statistics, Cloud","We are looking for a Data Analyst with expertise in TensorFlow, Azure, Java, CSS, AWS, Statistics, Cloud. Responsibilities include developing solutions, analyzing data, collaborating across teams, and implementing modern AI or software practices."
HR Specialist,"React, Data Analysis, Teamwork, SQL, Azure","We are looking for a HR Specialist with expertise in React, Data Analysis, Teamwork, SQL, Azure. Responsibilities include developing solutions, analyzing data, collaborating across teams, and implementing modern AI or software practices."
AI Engineer,"Python, React, Java, Deep Learning, SQL, Cloud, Leadership","We are looking for a AI Engineer with expertise in Python, React, Java, Deep Learning, SQL, Cloud, Leadership. Responsibilities include developing solutions, analyzing data, collaborating across teams, and implementing modern AI or software practices."
Machine Learning Engineer,"Statistics, Cloud, Azure, AWS, React","We are looking for a Machine Learning Engineer with expertise in Statistics, Cloud, Azure, AWS, React. Responsibilities include developing solutions, analyzing data, collaborating across teams, and implementing modern AI or software practices."
Web Developer,"Machine Learning, TensorFlow, Teamwork, Statistics, Docker, Flask, Kubernetes, React","We are looking for a Web Developer with expertise in Machine Learning, TensorFlow, Teamwork, Statistics, Docker, Flask, Kubernetes, React. Responsibilities include developing solutions, analyzing data, collaborating across teams, and implementing modern AI or software practices."
Software Engineer,"Teamwork, HTML, Python, Deep Learning, Statistics","We are looking for a Software Engineer with expertise in Teamwork, HTML, Python, Deep Learning, Statistics. Responsibilities include developing solutions, analyzing data, collaborating across teams, and implementing modern AI or software practices."
Python Developer,"AWS, CSS, Teamwork, Azure, HTML, Java, TensorFlow","We are looking for a Python Developer with expertise in AWS, CSS, Teamwork, Azure, HTML, Java, TensorFlow. Responsibilities include developing solutions, analyzing data, collaborating across teams, and implementing modern AI or software practices."
Data Scientist,"Communication, Python, Cloud, Problem Solving, Deep Learning","We are looking for a Data Scientist with expertise in Communication, Python, Cloud, Problem Solving, Deep Learning. Responsibilities include developing solutions, analyzing data, collaborating across teams, and implementing modern AI or software practices."
Cloud Engineer,"Leadership, Teamwork, Python, Docker, Java, Data Analysis, AWS","We are looking for a Cloud Engineer with expertise in Leadership, Teamwork, Python, Docker, Java, Data Analysis, AWS. Responsibilities include developing solutions, analyzing data, collaborating across teams, and implementing modern AI or software practices."
HR Recruiter,"Data Analysis, HTML, TensorFlow, Teamwork, Deep Learning, Cloud, Leadership","We are looking for a HR Recruiter with expertise in Data Analysis, HTML, TensorFlow, Teamwork, Deep Learning, Cloud, Leadership. Responsibilities include developing solutions, analyzing data, collaborating across teams, and implementing modern AI or software practices."
DevOps Engineer,"Leadership, CSS, Deep Learning, Kubernetes, Java","We are looking for a DevOps Engineer with expertise in Leadership, CSS, Deep Learning, Kubernetes, Java. Responsibilities include developing solutions, analyzing data, collaborating across teams, and implementing modern AI or software practices."
UI/UX Designer,"NLP, AWS, CSS, Problem Solving, Data Analysis, Machine Learning","We are looking for a UI/UX Designer with expertise in NLP, AWS, CSS, Problem Solving, Data Analysis, Machine Learning. Responsibilities include developing solutions, analyzing data, collaborating across teams, and implementing modern AI or software practices."
Business Analyst,"React, TensorFlow, Cloud, CSS, Flask, Python, Deep Learning","We are looking for a Business Analyst with expertise in React, TensorFlow, Cloud, CSS, Flask, Python, Deep Learning. Responsibilities include developing solutions, analyzing data, collaborating across teams, and implementing modern AI or software practices."
NLP Engineer,"Machine Learning, Docker, SQL, Communication, Azure, Leadership","We are looking for a NLP Engineer with expertise in Machine Learning, Docker, SQL, Communication, Azure, Leadership. Responsibilities include developing solutions, analyzing data, collaborating across teams, and implementing modern AI or software practices."
Cybersecurity Specialist,"Java, Docker, Cloud, Flask, SQL, React","We are looking for a Cybersecurity Specialist with expertise in Java, Docker, Cloud, Flask, SQL, React. Responsibilities include developing solutions, analyzing data, collaborating across teams, and implementing modern AI or software practices."
Data Analyst,"Statistics, AWS, SQL, HTML, Azure, TensorFlow, Leadership","We are looking for a Data Analyst with expertise in Statistics, AWS, SQL, HTML, Azure, TensorFlow, Leadership. Responsibilities include developing solutions, analyzing data, collaborating across teams, and implementing modern AI or software practices."
HR Specialist,"Cloud, Java, AWS, SQL, Communication, TensorFlow, Deep Learning, Docker","We are looking for a HR Specialist with expertise in Cloud, Java, AWS, SQL, Communication, TensorFlow, Deep Learning, Docker. Responsibilities include developing solutions, analyzing data, collaborating across teams, and implementing modern AI or software practices."
AI Engineer,"NLP, Communication, Azure, AWS, Statistics","We are looking for a AI Engineer with expertise in NLP, Communication, Azure, AWS, Statistics. Responsibilities include developing solutions, analyzing data, collaborating across teams, and implementing modern AI or software practices."
Machine Learning Engineer,"TensorFlow, Teamwork, Deep Learning, NLP, Kubernetes, Cloud","We are looking for a Machine Learning Engineer with expertise in TensorFlow, Teamwork, Deep Learning, NLP, Kubernetes, Cloud. Responsibilities include developing solutions, analyzing data, collaborating across teams, and implementing modern AI or software practices."
Web Developer,"Kubernetes, Flask, Docker, Cloud, Problem Solving","We are looking for a Web Developer with expertise in Kubernetes, Flask, Docker, Cloud, Problem Solving. Responsibilities include developing solutions, analyzing data, collaborating across teams, and implementing modern AI or software practices."
Software Engineer,"Azure, Statistics, React, Data Analysis, Kubernetes, AWS, Cloud, Deep Learning","We are looking for a Software Engineer with expertise in Azure, Statistics, React, Data Analysis, Kubernetes, AWS, Cloud, Deep Learning. Responsibilities include developing solutions, analyzing data, collaborating across teams, and implementing modern AI or software practices."
Python Developer,"React, SQL, Python, AWS, Teamwork, Communication, Java","We are looking for a Python Developer with expertise in React, SQL, Python, AWS, Teamwork, Communication, Java. Responsibilities include developing solutions, analyzing data, collaborating across teams, and implementing modern AI or software practices."
Data Scientist,"Kubernetes, React, Flask, HTML, Python, Data Analysis, Machine Learning","We are looking for a Data Scientist with expertise in Kubernetes, React, Flask, HTML, Python, Data Analysis, Machine Learning. Responsibilities include developing solutions, analyzing data, collaborating across teams, and implementing modern AI or software practices."
Cloud Engineer,"Data Analysis, CSS, NLP, Cloud, Kubernetes, Problem Solving, AWS","We are looking for a Cloud Engineer with expertise in Data Analysis, CSS, NLP, Cloud, Kubernetes, Problem Solving, AWS. Responsibilities include developing solutions, analyzing data, collaborating across teams, and implementing modern AI or software practices."
HR Recruiter,"Azure, Leadership, Kubernetes, Data Analysis, Deep Learning, HTML, SQL, Teamwork","We are looking for a HR Recruiter with expertise in Azure, Leadership, Kubernetes, Data Analysis, Deep Learning, HTML, SQL, Teamwork. Responsibilities include developing solutions, analyzing data, collaborating across teams, and implementing modern AI or software practices."
DevOps Engineer,"Kubernetes, AWS, Flask, Machine Learning, Python, Deep Learning","We are looking for a DevOps Engineer with expertise in Kubernetes, AWS, Flask, Machine Learning, Python, Deep Learning. Responsibilities include developing solutions, analyzing data, collaborating across teams, and implementing modern AI or software practices."
UI/UX Designer,"Problem Solving, Teamwork, TensorFlow, NLP, Kubernetes, Azure, Docker, CSS, HTML","We are looking for a UI/UX Designer with expertise in Problem Solving, Teamwork, TensorFlow, NLP, Kubernetes, Azure, Docker, CSS, HTML. Responsibilities include developing solutions, analyzing data, collaborating across teams, and implementing modern AI or software practices."
Business Analyst,"Azure, Kubernetes, AWS, Data Analysis, Machine Learning","We are looking for a Business Analyst with expertise in Azure, Kubernetes, AWS, Data Analysis, Machine Learning. Responsibilities include developing solutions, analyzing data, collaborating across teams, and implementing modern AI or software practices."
NLP Engineer,"Machine Learning, Azure, Java, TensorFlow, Deep Learning, Communication","We are looking for a NLP Engineer with expertise in Machine Learning, Azure, Java, TensorFlow, Deep Learning, Communication. Responsibilities include developing solutions, analyzing data, collaborating across teams, and implementing modern AI or software practices."
Cybersecurity Specialist,"Machine Learning, Deep Learning, Teamwork, NLP, TensorFlow, Data Analysis, HTML","We are looking for a Cybersecurity Specialist with expertise in Machine Learning, Deep Learning, Teamwork, NLP, TensorFlow, Data Analysis, HTML. Responsibilities include developing solutions, analyzing data, collaborating across teams, and implementing modern AI or software practices."
Data Analyst,"Statistics, Flask, Communication, Leadership, Problem Solving, CSS, Docker, SQL","We are looking for a Data Analyst with expertise in Statistics, Flask, Communication, Leadership, Problem Solving, CSS, Docker, SQL. Responsibilities include developing solutions, analyzing data, collaborating across teams, and implementing modern AI or software practices."
HR Specialist,"Problem Solving, AWS, HTML, Machine Learning, Python, Kubernetes, Java","We are looking for a HR Specialist with expertise in Problem Solving, AWS, HTML, Machine Learning, Python, Kubernetes, Java. Responsibilities include developing solutions, analyzing data, collaborating across teams, and implementing modern AI or software practices."
AI Engineer,"React, Data Analysis, Statistics, NLP, Machine Learning, Leadership, AWS, Azure, Java","We are looking for a AI Engineer with expertise in React, Data Analysis, Statistics, NLP, Machine Learning, Leadership, AWS, Azure, Java. Responsibilities include developing solutions, analyzing data, collaborating across teams, and implementing modern AI or software practices."
Machine Learning Engineer,"Communication, AWS, Cloud, Kubernetes, TensorFlow","We are looking for a Machine Learning Engineer with expertise in Communication, AWS, Cloud, Kubernetes, TensorFlow. Responsibilities include developing solutions, analyzing data, collaborating across teams, and implementing modern AI or software practices."
Web Developer,"TensorFlow, Leadership, SQL, Flask, Java, React","We are looking for a Web Developer with expertise in TensorFlow, Leadership, SQL, Flask, Java, React. Responsibilities include developing solutions, analyzing data, collaborating across teams, and implementing modern AI or software practices."
Software Engineer,"Data Analysis, Problem Solving, Kubernetes, Flask, Docker, Communication, CSS","We are looking for a Software Engineer with expertise in Data Analysis, Problem Solving, Kubernetes, Flask, Docker, Communication, CSS. Responsibilities include developing solutions, analyzing data, collaborating across teams, and implementing modern AI or software practices."
Python Developer,"React, Data Analysis, AWS, HTML, Docker, CSS, NLP, SQL","We are looking for a Python Developer with expertise in React, Data Analysis, AWS, HTML, Docker, CSS, NLP, SQL. Responsibilities include developing solutions, analyzing data, collaborating across teams, and implementing modern AI or software practices."
Data Scientist,"Azure, HTML, Communication, Python, Docker, Problem Solving, CSS, Deep Learning","We are looking for a Data Scientist with expertise in Azure, HTML, Communication, Python, Docker, Problem Solving, CSS, Deep Learning. Responsibilities include developing solutions, analyzing data, collaborating across teams, and implementing modern AI or software practices."
Cloud Engineer,"Machine Learning, Azure, React, Data Analysis, NLP, TensorFlow","We are looking for a Cloud Engineer with expertise in Machine Learning, Azure, React, Data Analysis, NLP, TensorFlow. Responsibilities include developing solutions, analyzing data, collaborating across teams, and implementing modern AI or software practices."
HR Recruiter,"Leadership, Data Analysis, Machine Learning, Python, TensorFlow","We are looking for a HR Recruiter with expertise in Leadership, Data Analysis, Machine Learning, Python, TensorFlow. Responsibilities include developing solutions, analyzing data, collaborating across teams, and implementing modern AI or software practices."
DevOps Engineer,"Problem Solving, NLP, React, Cloud, TensorFlow","We are looking for a DevOps Engineer with expertise in Problem Solving, NLP, React, Cloud, TensorFlow. Responsibilities include developing solutions, analyzing data, collaborating across teams, and implementing modern AI or software practices."
UI/UX Designer,"CSS, Deep Learning, Cloud, Problem Solving, Flask, AWS, Machine Learning","We are looking for a UI/UX Designer with expertise in CSS, Deep Learning, Cloud, Problem Solving, Flask, AWS, Machine Learning. Responsibilities include developing solutions, analyzing data, collaborating across teams, and implementing modern AI or software practices."
Business Analyst,"CSS, Deep Learning, Kubernetes, AWS, Statistics, HTML, Communication, Azure, Data Analysis","We are looking for a Business Analyst with expertise in CSS, Deep Learning, Kubernetes, AWS, Statistics, HTML, Communication, Azure, Data Analysis. Responsibilities include developing solutions, analyzing data, collaborating across teams, and implementing modern AI or software practices."
NLP Engineer,"Python, CSS, Communication, Docker, SQL","We are looking for a NLP Engineer with expertise in Python, CSS, Communication, Docker, SQL. Responsibilities include developing solutions, analyzing data, collaborating across teams, and implementing modern AI or software practices."
Cybersecurity Specialist,"Statistics, Docker, Java, TensorFlow, Python, Problem Solving","We are looking for a Cybersecurity Specialist with expertise in Statistics, Docker, Java, TensorFlow, Python, Problem Solving. Responsibilities include developing solutions, analyzing data, collaborating across teams, and implementing modern AI or software practices."
Data Analyst,"Teamwork, React, Leadership, Machine Learning, TensorFlow","We are looking for a Data Analyst with expertise in Teamwork, React, Leadership, Machine Learning, TensorFlow. Responsibilities include developing solutions, analyzing data, collaborating across teams, and implementing modern AI or software practices."
HR Specialist,"Problem Solving, Kubernetes, Docker, TensorFlow, Leadership, Azure","We are looking for a HR Specialist with expertise in Problem Solving, Kubernetes, Docker, TensorFlow, Leadership, Azure. Responsibilities include developing solutions, analyzing data, collaborating across teams, and implementing modern AI or software practices."
AI Engineer,"Cloud, Java, Statistics, Kubernetes, Docker, Machine Learning","We are looking for a AI Engineer with expertise in Cloud, Java, Statistics, Kubernetes, Docker, Machine Learning. Responsibilities include developing solutions, analyzing data, collaborating across teams, and implementing modern AI or software practices."
Machine Learning Engineer,"Teamwork, Kubernetes, Docker, Cloud, Problem Solving, Flask, Leadership, HTML","We are looking for a Machine Learning Engineer with expertise in Teamwork, Kubernetes, Docker, Cloud, Problem Solving, Flask, Leadership, HTML. Responsibilities include developing solutions, analyzing data, collaborating across teams, and implementing modern AI or software practices."
Web Developer,"AWS, Kubernetes, Machine Learning, SQL, React, Communication, Cloud, HTML, Python","We are looking for a Web Developer with expertise in AWS, Kubernetes, Machine Learning, SQL, React, Communication, Cloud, HTML, Python. Responsibilities include developing solutions, analyzing data, collaborating across teams, and implementing modern AI or software practices."
Software Engineer,"Azure, SQL, Problem Solving, Java, Deep Learning","We are looking for a Software Engineer with expertise in Azure, SQL, Problem Solving, Java, Deep Learning. Responsibilities include developing solutions, analyzing data, collaborating across teams, and implementing modern AI or software practices."
Python Developer,"HTML, NLP, Teamwork, Statistics, Problem Solving, Kubernetes","We are looking for a Python Developer with expertise in HTML, NLP, Teamwork, Statistics, Problem Solving, Kubernetes. Responsibilities include developing solutions, analyzing data, collaborating across teams, and implementing modern AI or software practices."
Data Scientist,"HTML, Statistics, Python, AWS, Deep Learning, TensorFlow, Machine Learning, Kubernetes","We are looking for a Data Scientist with expertise in HTML, Statistics, Python, AWS, Deep Learning, TensorFlow, Machine Learning, Kubernetes. Responsibilities include developing solutions, analyzing data, collaborating across teams, and implementing modern AI or software practices."
Cloud Engineer,"Azure, Teamwork, Java, Statistics, Communication, SQL","We are looking for a Cloud Engineer with expertise in Azure, Teamwork, Java, Statistics, Communication, SQL. Responsibilities include developing solutions, analyzing data, collaborating across teams, and implementing modern AI or software practices."
HR Recruiter,"HTML, Flask, Leadership, Problem Solving, Kubernetes, Python, SQL, Java, Data Analysis","We are looking for a HR Recruiter with expertise in HTML, Flask, Leadership, Problem Solving, Kubernetes, Python, SQL, Java, Data Analysis. Responsibilities include developing solutions, analyzing data, collaborating across teams, and implementing modern AI or software practices."
DevOps Engineer,"Communication, Java, TensorFlow, SQL, Azure, Deep Learning, Python","We are looking for a DevOps Engineer with expertise in Communication, Java, TensorFlow, SQL, Azure, Deep Learning, Python. Responsibilities include developing solutions, analyzing data, collaborating across teams, and implementing modern AI or software practices."
UI/UX Designer,"TensorFlow, Python, CSS, Communication, Statistics","We are looking for a UI/UX Designer with expertise in TensorFlow, Python, CSS, Communication, Statistics. Responsibilities include developing solutions, analyzing data, collaborating across teams, and implementing modern AI or software practices."
Business Analyst,"Python, Deep Learning, Leadership, Problem Solving, Machine Learning, TensorFlow, CSS, Statistics, Docker","We are looking for a Business Analyst with expertise in Python, Deep Learning, Leadership, Problem Solving, Machine Learning, TensorFlow, CSS, Statistics, Docker. Responsibilities include developing solutions, analyzing data, collaborating across teams, and implementing modern AI or software practices."
NLP Engineer,"Statistics, SQL, Leadership, Java, Teamwork, Python, Machine Learning, Problem Solving, Flask","We are looking for a NLP Engineer with expertise in Statistics, SQL, Leadership, Java, Teamwork, Python, Machine Learning, Problem Solving, Flask. Responsibilities include developing solutions, analyzing data, collaborating across teams, and implementing modern AI or software practices."
Cybersecurity Specialist,"Data Analysis, Statistics, Azure, NLP, Problem Solving, Kubernetes","We are looking for a Cybersecurity Specialist with expertise in Data Analysis, Statistics, Azure, NLP, Problem Solving, Kubernetes. Responsibilities include developing solutions, analyzing data, collaborating across teams, and implementing modern AI or software practices."
Data Analyst,"SQL, CSS, Teamwork, Python, TensorFlow, Leadership, Deep Learning","We are looking for a Data Analyst with expertise in SQL, CSS, Teamwork, Python, TensorFlow, Leadership, Deep Learning. Responsibilities include developing solutions, analyzing data, collaborating across teams, and implementing modern AI or software practices."
HR Specialist,"HTML, Communication, Statistics, React, Azure","We are looking for a HR Specialist with expertise in HTML, Communication, Statistics, React, Azure. Responsibilities include developing solutions, analyzing data, collaborating across teams, and implementing modern AI or software practices."
AI Engineer,"Azure, Python, Flask, Kubernetes, CSS","We are looking for a AI Engineer with expertise in Azure, Python, Flask, Kubernetes, CSS. Responsibilities include developing solutions, analyzing data, collaborating across teams, and implementing modern AI or software practices."
Machine Learning Engineer,"Python, Problem Solving, Azure, Cloud, Deep Learning","We are looking for a Machine Learning Engineer with expertise in Python, Problem Solving, Azure, Cloud, Deep Learning. Responsibilities include developing solutions, analyzing data, collaborating across teams, and implementing modern AI or software practices."
Web Developer,"Problem Solving, Kubernetes, Java, SQL, React, Machine Learning, Flask, NLP","We are looking for a Web Developer with expertise in Problem Solving, Kubernetes, Java, SQL, React, Machine Learning, Flask, NLP. Responsibilities include developing solutions, analyzing data, collaborating across teams, and implementing modern AI or software practices."
Software Engineer,"CSS, HTML, TensorFlow, Problem Solving, Kubernetes, Deep Learning, Docker, Machine Learning","We are looking for a Software Engineer with expertise in CSS, HTML, TensorFlow, Problem Solving, Kubernetes, Deep Learning, Docker, Machine Learning. Responsibilities include developing solutions, analyzing data, collaborating across teams, and implementing modern AI or software practices."
Python Developer,"TensorFlow, Machine Learning, Java, Docker, AWS, Data Analysis, Kubernetes","We are looking for a Python Developer with expertise in TensorFlow, Machine Learning, Java, Docker, AWS, Data Analysis, Kubernetes. Responsibilities include developing solutions, analyzing data, collaborating across teams, and implementing modern AI or software practices."
Data Scientist,"Statistics, Flask, Leadership, CSS, React, Problem Solving, Cloud, Kubernetes","We are looking for a Data Scientist with expertise in Statistics, Flask, Leadership, CSS, React, Problem Solving, Cloud, Kubernetes. Responsibilities include developing solutions, analyzing data, collaborating across teams, and implementing modern AI or software practices."
Cloud Engineer,"Python, Docker, Cloud, Statistics, Problem Solving, Teamwork, Data Analysis","We are looking for a Cloud Engineer with expertise in Python, Docker, Cloud, Statistics, Problem Solving, Teamwork, Data Analysis. Responsibilities include developing solutions, analyzing data, collaborating across teams, and implementing modern AI or software practices."
HR Recruiter,"TensorFlow, Machine Learning, Teamwork, Communication, Java, Problem Solving, HTML, Docker","We are looking for a HR Recruiter with expertise in TensorFlow, Machine Learning, Teamwork, Communication, Java, Problem Solving, HTML, Docker. Responsibilities include developing solutions, analyzing data, collaborating across teams, and implementing modern AI or software practices."
DevOps Engineer,"AWS, HTML, React, TensorFlow, Machine Learning, NLP","We are looking for a DevOps Engineer with expertise in AWS, HTML, React, TensorFlow, Machine Learning, NLP. Responsibilities include developing solutions, analyzing data, collaborating across teams, and implementing modern AI or software practices."
UI/UX Designer,"HTML, Cloud, Machine Learning, Problem Solving, SQL, Python, Statistics","We are looking for a UI/UX Designer with expertise in HTML, Cloud, Machine Learning, Problem Solving, SQL, Python, Statistics. Responsibilities include developing solutions, analyzing data, collaborating across teams, and implementing modern AI or software practices."
Business Analyst,"Flask, Azure, Statistics, Leadership, CSS, SQL, AWS, Data Analysis","We are looking for a Business Analyst with expertise in Flask, Azure, Statistics, Leadership, CSS, SQL, AWS, Data Analysis. Responsibilities include developing solutions, analyzing data, collaborating across teams, and implementing modern AI or software practices."
NLP Engineer,"Python, React, Azure, Statistics, Problem Solving, Kubernetes, Docker, AWS","We are looking for a NLP Engineer with expertise in Python, React, Azure, Statistics, Problem Solving, Kubernetes, Docker, AWS. Responsibilities include developing solutions, analyzing data, collaborating across teams, and implementing modern AI or software practices."
Cybersecurity Specialist,"AWS, Java, Communication, Cloud, Docker, Problem Solving","We are looking for a Cybersecurity Specialist with expertise in AWS, Java, Communication, Cloud, Docker, Problem Solving. Responsibilities include developing solutions, analyzing data, collaborating across teams, and implementing modern AI or software practices."
Data Analyst,"Statistics, Kubernetes, AWS, Flask, Problem Solving, Docker, HTML, Python","We are looking for a Data Analyst with expertise in Statistics, Kubernetes, AWS, Flask, Problem Solving, Docker, HTML, Python. Responsibilities include developing solutions, analyzing data, collaborating across teams, and implementing modern AI or software practices."
HR Specialist,"Azure, Teamwork, React, Statistics, Problem Solving, NLP, Docker","We are looking for a HR Specialist with expertise in Azure, Teamwork, React, Statistics, Problem Solving, NLP, Docker. Responsibilities include developing solutions, analyzing data, collaborating across teams, and implementing modern AI or software practices."
AI Engineer,"Python, HTML, Deep Learning, CSS, Teamwork, Problem Solving","We are looking for a AI Engineer with expertise in Python, HTML, Deep Learning, CSS, Teamwork, Problem Solving. Responsibilities include developing solutions, analyzing data, collaborating across teams, and implementing modern AI or software practices."
Machine Learning Engineer,"HTML, Data Analysis, CSS, TensorFlow, Kubernetes, NLP, Cloud","We are looking for a Machine Learning Engineer with expertise in HTML, Data Analysis, CSS, TensorFlow, Kubernetes, NLP, Cloud. Responsibilities include developing solutions, analyzing data, collaborating across teams, and implementing modern AI or software practices."
Web Developer,"Deep Learning, Statistics, SQL, Data Analysis, Leadership, Flask, Cloud, NLP, AWS","We are looking for a Web Developer with expertise in Deep Learning, Statistics, SQL, Data Analysis, Leadership, Flask, Cloud, NLP, AWS. Responsibilities include developing solutions, analyzing data, collaborating across teams, and implementing modern AI or software practices."
Software Engineer,"Docker, TensorFlow, Python, Statistics, SQL, Cloud","We are looking for a Software Engineer with expertise in Docker, TensorFlow, Python, Statistics, SQL, Cloud. Responsibilities include developing solutions, analyzing data, collaborating across teams, and implementing modern AI or software practices."
Python Developer,"Docker, Machine Learning, Teamwork, Java, HTML, CSS, Deep Learning, Problem Solving, AWS","We are looking for a Python Developer with expertise in Docker, Machine Learning, Teamwork, Java, HTML, CSS, Deep Learning, Problem Solving, AWS. Responsibilities include developing solutions, analyzing data, collaborating across teams, and implementing modern AI or software practices."
Data Scientist,"TensorFlow, HTML, Cloud, Flask, Python, CSS, Azure, Leadership, Data Analysis","We are looking for a Data Scientist with expertise in TensorFlow, HTML, Cloud, Flask, Python, CSS, Azure, Leadership, Data Analysis. Responsibilities include developing solutions, analyzing data, collaborating across teams, and implementing modern AI or software practices."
Cloud Engineer,"HTML, Docker, Teamwork, Azure, Python, Problem Solving, Leadership, SQL, Cloud","We are looking for a Cloud Engineer with expertise in HTML, Docker, Teamwork, Azure, Python, Problem Solving, Leadership, SQL, Cloud. Responsibilities include developing solutions, analyzing data, collaborating across teams, and implementing modern AI or software practices."
HR Recruiter,"Deep Learning, Leadership, React, Teamwork, Flask, SQL, Java, Azure","We are looking for a HR Recruiter with expertise in Deep Learning, Leadership, React, Teamwork, Flask, SQL, Java, Azure. Responsibilities include developing solutions, analyzing data, collaborating across teams, and implementing modern AI or software practices."
DevOps Engineer,"Problem Solving, Statistics, Python, Azure, Data Analysis, Teamwork, TensorFlow","We are looking for a DevOps Engineer with expertise in Problem Solving, Statistics, Python, Azure, Data Analysis, Teamwork, TensorFlow. Responsibilities include developing solutions, analyzing data, collaborating across teams, and implementing modern AI or software practices."
UI/UX Designer,"Azure, Leadership, Kubernetes, AWS, Machine Learning, Python","We are looking for a UI/UX Designer with expertise in Azure, Leadership, Kubernetes, AWS, Machine Learning, Python. Responsibilities include developing solutions, analyzing data, collaborating across teams, and implementing modern AI or software practices."
Business Analyst,"Python, NLP, Problem Solving, Docker, Azure, React, CSS","We are looking for a Business Analyst with expertise in Python, NLP, Problem Solving, Docker, Azure, React, CSS. Responsibilities include developing solutions, analyzing data, collaborating across teams, and implementing modern AI or software practices."
NLP Engineer,"Docker, Deep Learning, SQL, Java, Flask, Data Analysis, AWS, TensorFlow, Leadership","We are looking for a NLP Engineer with expertise in Docker, Deep Learning, SQL, Java, Flask, Data Analysis, AWS, TensorFlow, Leadership. Responsibilities include developing solutions, analyzing data, collaborating across teams, and implementing modern AI or software practices."
Cybersecurity Specialist,"AWS, SQL, React, Azure, Leadership, TensorFlow, Kubernetes","We are looking for a Cybersecurity Specialist with expertise in AWS, SQL, React, Azure, Leadership, TensorFlow, Kubernetes. Responsibilities include developing solutions, analyzing data, collaborating across teams, and implementing modern AI or software practices."
Data Analyst,"Communication, Problem Solving, Cloud, TensorFlow, Java, HTML, Python, SQL, Data Analysis","We are looking for a Data Analyst with expertise in Communication, Problem Solving, Cloud, TensorFlow, Java, HTML, Python, SQL, Data Analysis. Responsibilities include developing solutions, analyzing data, collaborating across teams, and implementing modern AI or software practices."
HR Specialist,"NLP, Communication, Kubernetes, Deep Learning, Cloud, Azure, React, AWS, Leadership","We are looking for a HR Specialist with expertise in NLP, Communication, Kubernetes, Deep Learning, Cloud, Azure, React, AWS, Leadership. Responsibilities include developing solutions, analyzing data, collaborating across teams, and implementing modern AI or software practices."
AI Engineer,"Machine Learning, AWS, HTML, SQL, Deep Learning","We are looking for a AI Engineer with expertise in Machine Learning, AWS, HTML, SQL, Deep Learning. Responsibilities include developing solutions, analyzing data, collaborating across teams, and implementing modern AI or software practices."
Machine Learning Engineer,"HTML, Data Analysis, Machine Learning, Azure, Teamwork, TensorFlow, Kubernetes","We are looking for a Machine Learning Engineer with expertise in HTML, Data Analysis, Machine Learning, Azure, Teamwork, TensorFlow, Kubernetes. Responsibilities include developing solutions, analyzing data, collaborating across teams, and implementing modern AI or software practices."
Web Developer,"Docker, Flask, Statistics, Deep Learning, Teamwork, CSS, NLP, TensorFlow","We are looking for a Web Developer with expertise in Docker, Flask, Statistics, Deep Learning, Teamwork, CSS, NLP, TensorFlow. Responsibilities include developing solutions, analyzing data, collaborating across teams, and implementing modern AI or software practices."
Software Engineer,"SQL, React, Kubernetes, Cloud, Azure, Deep Learning, Statistics","We are looking for a Software Engineer with expertise in SQL, React, Kubernetes, Cloud, Azure, Deep Learning, Statistics. Responsibilities include developing solutions, analyzing data, collaborating across teams, and implementing modern AI or software practices."
Python Developer,"SQL, Machine Learning, Kubernetes, Statistics, Problem Solving, AWS, Cloud","We are looking for a Python Developer with expertise in SQL, Machine Learning, Kubernetes, Statistics, Problem Solving, AWS, Cloud. Responsibilities include developing solutions, analyzing data, collaborating across teams, and implementing modern AI or software practices."
Data Scientist,"Cloud, Python, Communication, HTML, NLP, Data Analysis, Flask","We are looking for a Data Scientist with expertise in Cloud, Python, Communication, HTML, NLP, Data Analysis, Flask. Responsibilities include developing solutions, analyzing data, collaborating across teams, and implementing modern AI or software practices."
Cloud Engineer,"Deep Learning, Kubernetes, Problem Solving, TensorFlow, Data Analysis","We are looking for a Cloud Engineer with expertise in Deep Learning, Kubernetes, Problem Solving, TensorFlow, Data Analysis. Responsibilities include developing solutions, analyzing data, collaborating across teams, and implementing modern AI or software practices."
HR Recruiter,"NLP, Communication, Problem Solving, React, Azure, Statistics","We are looking for a HR Recruiter with expertise in NLP, Communication, Problem Solving, React, Azure, Statistics. Responsibilities include developing solutions, analyzing data, collaborating across teams, and implementing modern AI or software practices."
DevOps Engineer,"Java, Kubernetes, AWS, Data Analysis, Machine Learning, NLP, Flask, Communication, TensorFlow","We are looking for a DevOps Engineer with expertise in Java, Kubernetes, AWS, Data Analysis, Machine Learning, NLP, Flask, Communication, TensorFlow. Responsibilities include developing solutions, analyzing data, collaborating across teams, and implementing modern AI or software practices."
UI/UX Designer,"Flask, Communication, Docker, Problem Solving, React, Python, AWS","We are looking for a UI/UX Designer with expertise in Flask, Communication, Docker, Problem Solving, React, Python, AWS. Responsibilities include developing solutions, analyzing data, collaborating across teams, and implementing modern AI or software practices."
Business Analyst,"Azure, NLP, React, Problem Solving, Kubernetes, Leadership","We are looking for a Business Analyst with expertise in Azure, NLP, React, Problem Solving, Kubernetes, Leadership. Responsibilities include developing solutions, analyzing data, collaborating across teams, and implementing modern AI or software practices."
NLP Engineer,"Statistics, TensorFlow, AWS, Machine Learning, Leadership","We are looking for a NLP Engineer with expertise in Statistics, TensorFlow, AWS, Machine Learning, Leadership. Responsibilities include developing solutions, analyzing data, collaborating across teams, and implementing modern AI or software practices."
Cybersecurity Specialist,"Statistics, Data Analysis, TensorFlow, Azure, Flask, React, Kubernetes, Python, AWS","We are looking for a Cybersecurity Specialist with expertise in Statistics, Data Analysis, TensorFlow, Azure, Flask, React, Kubernetes, Python, AWS. Responsibilities include developing solutions, analyzing data, collaborating across teams, and implementing modern AI or software practices."
Data Analyst,"Data Analysis, Flask, Machine Learning, Problem Solving, CSS, Kubernetes, Statistics","We are looking for a Data Analyst with expertise in Data Analysis, Flask, Machine Learning, Problem Solving, CSS, Kubernetes, Statistics. Responsibilities include developing solutions, analyzing data, collaborating across teams, and implementing modern AI or software practices."
HR Specialist,"NLP, SQL, Statistics, Problem Solving, Machine Learning, Cloud, Deep Learning","We are looking for a HR Specialist with expertise in NLP, SQL, Statistics, Problem Solving, Machine Learning, Cloud, Deep Learning. Responsibilities include developing solutions, analyzing data, collaborating across teams, and implementing modern AI or software practices."
AI Engineer,"Azure, Machine Learning, Problem Solving, NLP, AWS, Statistics, Flask","We are looking for a AI Engineer with expertise in Azure, Machine Learning, Problem Solving, NLP, AWS, Statistics, Flask. Responsibilities include developing solutions, analyzing data, collaborating across teams, and implementing modern AI or software practices."
Machine Learning Engineer,"Cloud, TensorFlow, Azure, HTML, SQL","We are looking for a Machine Learning Engineer with expertise in Cloud, TensorFlow, Azure, HTML, SQL. Responsibilities include developing solutions, analyzing data, collaborating across teams, and implementing modern AI or software practices."
Web Developer,"AWS, Communication, Problem Solving, NLP, Kubernetes, Data Analysis, Azure, SQL, HTML","We are looking for a Web Developer with expertise in AWS, Communication, Problem Solving, NLP, Kubernetes, Data Analysis, Azure, SQL, HTML. Responsibilities include developing solutions, analyzing data, collaborating across teams, and implementing modern AI or software practices."
Software Engineer,"Kubernetes, AWS, HTML, NLP, Cloud, Java, Leadership","We are looking for a Software Engineer with expertise in Kubernetes, AWS, HTML, NLP, Cloud, Java, Leadership. Responsibilities include developing solutions, analyzing data, collaborating across teams, and implementing modern AI or software practices."
Python Developer,"Python, Deep Learning, CSS, Flask, SQL, Statistics, HTML, React","We are looking for a Python Developer with expertise in Python, Deep Learning, CSS, Flask, SQL, Statistics, HTML, React. Responsibilities include developing solutions, analyzing data, collaborating across teams, and implementing modern AI or software practices."
Data Scientist,"Python, Data Analysis, HTML, Problem Solving, CSS, Azure, Flask","We are looking for a Data Scientist with expertise in Python, Data Analysis, HTML, Problem Solving, CSS, Azure, Flask. Responsibilities include developing solutions, analyzing data, collaborating across teams, and implementing modern AI or software practices."
Cloud Engineer,"Statistics, Java, React, Flask, Kubernetes, Machine Learning, Data Analysis","We are looking for a Cloud Engineer with expertise in Statistics, Java, React, Flask, Kubernetes, Machine Learning, Data Analysis. Responsibilities include developing solutions, analyzing data, collaborating across teams, and implementing modern AI or software practices."
HR Recruiter,"HTML, CSS, Teamwork, Cloud, Data Analysis, Leadership, React","We are looking for a HR Recruiter with expertise in HTML, CSS, Teamwork, Cloud, Data Analysis, Leadership, React. Responsibilities include developing solutions, analyzing data, collaborating across teams, and implementing modern AI or software practices."
DevOps Engineer,"Problem Solving, CSS, Cloud, Azure, React, HTML, Deep Learning","We are looking for a DevOps Engineer with expertise in Problem Solving, CSS, Cloud, Azure, React, HTML, Deep Learning. Responsibilities include developing solutions, analyzing data, collaborating across teams, and implementing modern AI or software practices."
UI/UX Designer,"Machine Learning, Statistics, NLP, Java, React","We are looking for a UI/UX Designer with expertise in Machine Learning, Statistics, NLP, Java, React. Responsibilities include developing solutions, analyzing data, collaborating across teams, and implementing modern AI or software practices."
Business Analyst,"Statistics, Azure, Flask, SQL, Python, Leadership","We are looking for a Business Analyst with expertise in Statistics, Azure, Flask, SQL, Python, Leadership. Responsibilities include developing solutions, analyzing data, collaborating across teams, and implementing modern AI or software practices."
NLP Engineer,"Deep Learning, Leadership, Kubernetes, HTML, React, Cloud","We are looking for a NLP Engineer with expertise in Deep Learning, Leadership, Kubernetes, HTML, React, Cloud. Responsibilities include developing solutions, analyzing data, collaborating across teams, and implementing modern AI or software practices."
Cybersecurity Specialist,"Statistics, Cloud, AWS, Flask, Kubernetes, Deep Learning, Communication, Teamwork","We are looking for a Cybersecurity Specialist with expertise in Statistics, Cloud, AWS, Flask, Kubernetes, Deep Learning, Communication, Teamwork. Responsibilities include developing solutions, analyzing data, collaborating across teams, and implementing modern AI or software practices."
Data Analyst,"Deep Learning, React, Teamwork, Kubernetes, NLP, Problem Solving, Cloud, Machine Learning","We are looking for a Data Analyst with expertise in Deep Learning, React, Teamwork, Kubernetes, NLP, Problem Solving, Cloud, Machine Learning. Responsibilities include developing solutions, analyzing data, collaborating across teams, and implementing modern AI or software practices."
HR Specialist,"Statistics, Kubernetes, Data Analysis, HTML, Docker, TensorFlow, Cloud, Azure, AWS","We are looking for a HR Specialist with expertise in Statistics, Kubernetes, Data Analysis, HTML, Docker, TensorFlow, Cloud, Azure, AWS. Responsibilities include developing solutions, analyzing data, collaborating across teams, and implementing modern AI or software practices."
AI Engineer,"TensorFlow, Problem Solving, Teamwork, Cloud, Leadership, Deep Learning","We are looking for a AI Engineer with expertise in TensorFlow, Problem Solving, Teamwork, Cloud, Leadership, Deep Learning. Responsibilities include developing solutions, analyzing data, collaborating across teams, and implementing modern AI or software practices."
Machine Learning Engineer,"Flask, HTML, CSS, NLP, Azure, Kubernetes","We are looking for a Machine Learning Engineer with expertise in Flask, HTML, CSS, NLP, Azure, Kubernetes. Responsibilities include developing solutions, analyzing data, collaborating across teams, and implementing modern AI or software practices."
Web Developer,"Flask, Teamwork, Docker, Data Analysis, TensorFlow, AWS, Problem Solving, Java, Communication","We are looking for a Web Developer with expertise in Flask, Teamwork, Docker, Data Analysis, TensorFlow, AWS, Problem Solving, Java, Communication. Responsibilities include developing solutions, analyzing data, collaborating across teams, and implementing modern AI or software practices."
Software Engineer,"Python, Java, Problem Solving, React, AWS, Cloud, Deep Learning, TensorFlow, Data Analysis","We are looking for a Software Engineer with expertise in Python, Java, Problem Solving, React, AWS, Cloud, Deep Learning, TensorFlow, Data Analysis. Responsibilities include developing solutions, analyzing data, collaborating across teams, and implementing modern AI or software practices."
Python Developer,"NLP, Azure, Kubernetes, AWS, Machine Learning, Java, Python, SQL","We are looking for a Python Developer with expertise in NLP, Azure, Kubernetes, AWS, Machine Learning, Java, Python, SQL. Responsibilities include developing solutions, analyzing data, collaborating across teams, and implementing modern AI or software practices."
Data Scientist,"Problem Solving, React, Statistics, Communication, Java, SQL, Kubernetes","We are looking for a Data Scientist with expertise in Problem Solving, React, Statistics, Communication, Java, SQL, Kubernetes. Responsibilities include developing solutions, analyzing data, collaborating across teams, and implementing modern AI or software practices."
Cloud Engineer,"Machine Learning, Leadership, Java, Azure, HTML","We are looking for a Cloud Engineer with expertise in Machine Learning, Leadership, Java, Azure, HTML. Responsibilities include developing solutions, analyzing data, collaborating across teams, and implementing modern AI or software practices."
HR Recruiter,"Java, Data Analysis, NLP, Azure, React, Communication, Statistics, Teamwork","We are looking for a HR Recruiter with expertise in Java, Data Analysis, NLP, Azure, React, Communication, Statistics, Teamwork. Responsibilities include developing solutions, analyzing data, collaborating across teams, and implementing modern AI or software practices."
DevOps Engineer,"Java, Cloud, HTML, Azure, Teamwork, Kubernetes","We are looking for a DevOps Engineer with expertise in Java, Cloud, HTML, Azure, Teamwork, Kubernetes. Responsibilities include developing solutions, analyzing data, collaborating across teams, and implementing modern AI or software practices."
UI/UX Designer,"SQL, Flask, Docker, React, Java","We are looking for a UI/UX Designer with expertise in SQL, Flask, Docker, React, Java. Responsibilities include developing solutions, analyzing data, collaborating across teams, and implementing modern AI or software practices."
Business Analyst,"Deep Learning, React, Machine Learning, Leadership, Communication","We are looking for a Business Analyst with expertise in Deep Learning, React, Machine Learning, Leadership, Communication. Responsibilities include developing solutions, analyzing data, collaborating across teams, and implementing modern AI or software practices."
NLP Engineer,"Data Analysis, SQL, Cloud, Flask, Python, React, Leadership","We are looking for a NLP Engineer with expertise in Data Analysis, SQL, Cloud, Flask, Python, React, Leadership. Responsibilities include developing solutions, analyzing data, collaborating across teams, and implementing modern AI or software practices."
Cybersecurity Specialist,"Teamwork, Java, Deep Learning, Leadership, Python","We are looking for a Cybersecurity Specialist with expertise in Teamwork, Java, Deep Learning, Leadership, Python. Responsibilities include developing solutions, analyzing data, collaborating across teams, and implementing modern AI or software practices."
Data Analyst,"Leadership, AWS, Kubernetes, Java, Statistics","We are looking for a Data Analyst with expertise in Leadership, AWS, Kubernetes, Java, Statistics. Responsibilities include developing solutions, analyzing data, collaborating across teams, and implementing modern AI or software practices."
HR Specialist,"Python, Data Analysis, Azure, Teamwork, CSS, SQL, NLP","We are looking for a HR Specialist with expertise in Python, Data Analysis, Azure, Teamwork, CSS, SQL, NLP. Responsibilities include developing solutions, analyzing data, collaborating across teams, and implementing modern AI or software practices."
AI Engineer,"Flask, Data Analysis, Statistics, Machine Learning, SQL, Cloud, Deep Learning, AWS, Kubernetes","We are looking for a AI Engineer with expertise in Flask, Data Analysis, Statistics, Machine Learning, SQL, Cloud, Deep Learning, AWS, Kubernetes. Responsibilities include developing solutions, analyzing data, collaborating across teams, and implementing modern AI or software practices."
Machine Learning Engineer,"React, NLP, CSS, Java, Teamwork","We are looking for a Machine Learning Engineer with expertise in React, NLP, CSS, Java, Teamwork. Responsibilities include developing solutions, analyzing data, collaborating across teams, and implementing modern AI or software practices."
Web Developer,"React, Communication, Leadership, Java, Statistics, Cloud, SQL, Data Analysis, Kubernetes","We are looking for a Web Developer with expertise in React, Communication, Leadership, Java, Statistics, Cloud, SQL, Data Analysis, Kubernetes. Responsibilities include developing solutions, analyzing data, collaborating across teams, and implementing modern AI or software practices."
Software Engineer,"Communication, Kubernetes, Machine Learning, Deep Learning, TensorFlow, Statistics, AWS, SQL","We are looking for a Software Engineer with expertise in Communication, Kubernetes, Machine Learning, Deep Learning, TensorFlow, Statistics, AWS, SQL. Responsibilities include developing solutions, analyzing data, collaborating across teams, and implementing modern AI or software practices."
Python Developer,"Kubernetes, CSS, Data Analysis, Statistics, Java, Deep Learning, Machine Learning, SQL","We are looking for a Python Developer with expertise in Kubernetes, CSS, Data Analysis, Statistics, Java, Deep Learning, Machine Learning, SQL. Responsibilities include developing solutions, analyzing data, collaborating across teams, and implementing modern AI or software practices."
Data Scientist,"Data Analysis, CSS, Communication, Machine Learning, TensorFlow, Python, Deep Learning","We are looking for a Data Scientist with expertise in Data Analysis, CSS, Communication, Machine Learning, TensorFlow, Python, Deep Learning. Responsibilities include developing solutions, analyzing data, collaborating across teams, and implementing modern AI or software practices."
Cloud Engineer,"CSS, Python, Teamwork, NLP, Communication, HTML, Deep Learning","We are looking for a Cloud Engineer with expertise in CSS, Python, Teamwork, NLP, Communication, HTML, Deep Learning. Responsibilities include developing solutions, analyzing data, collaborating across teams, and implementing modern AI or software practices."
HR Recruiter,"Kubernetes, Deep Learning, Teamwork, Docker, Data Analysis, Java, Python, Cloud","We are looking for a HR Recruiter with expertise in Kubernetes, Deep Learning, Teamwork, Docker, Data Analysis, Java, Python, Cloud. Responsibilities include developing solutions, analyzing data, collaborating across teams, and implementing modern AI or software practices."
DevOps Engineer,"Problem Solving, React, TensorFlow, Data Analysis, Statistics, Flask, Deep Learning","We are looking for a DevOps Engineer with expertise in Problem Solving, React, TensorFlow, Data Analysis, Statistics, Flask, Deep Learning. Responsibilities include developing solutions, analyzing data, collaborating across teams, and implementing modern AI or software practices."
UI/UX Designer,"NLP, Java, Azure, Statistics, HTML","We are looking for a UI/UX Designer with expertise in NLP, Java, Azure, Statistics, HTML. Responsibilities include developing solutions, analyzing data, collaborating across teams, and implementing modern AI or software practices."
Business Analyst,"TensorFlow, Cloud, HTML, Communication, Teamwork, Python","We are looking for a Business Analyst with expertise in TensorFlow, Cloud, HTML, Communication, Teamwork, Python. Responsibilities include developing solutions, analyzing data, collaborating across teams, and implementing modern AI or software practices."
NLP Engineer,"HTML, Machine Learning, Cloud, AWS, Leadership, Teamwork, TensorFlow, Python","We are looking for a NLP Engineer with expertise in HTML, Machine Learning, Cloud, AWS, Leadership, Teamwork, TensorFlow, Python. Responsibilities include developing solutions, analyzing data, collaborating across teams, and implementing modern AI or software practices."
Cybersecurity Specialist,"Java, Deep Learning, SQL, Data Analysis, Communication, TensorFlow, Python, Docker, AWS","We are looking for a Cybersecurity Specialist with expertise in Java, Deep Learning, SQL, Data Analysis, Communication, TensorFlow, Python, Docker, AWS. Responsibilities include developing solutions, analyzing data, collaborating across teams, and implementing modern AI or software practices."
Data Analyst,"HTML, NLP, Java, Communication, Docker, React, Deep Learning","We are looking for a Data Analyst with expertise in HTML, NLP, Java, Communication, Docker, React, Deep Learning. Responsibilities include developing solutions, analyzing data, collaborating across teams, and implementing modern AI or software practices."
HR Specialist,"Statistics, Java, React, NLP, Data Analysis, Flask","We are looking for a HR Specialist with expertise in Statistics, Java, React, NLP, Data Analysis, Flask. Responsibilities include developing solutions, analyzing data, collaborating across teams, and implementing modern AI or software practices."
AI Engineer,"HTML, Teamwork, Java, Kubernetes, CSS, Data Analysis","We are looking for a AI Engineer with expertise in HTML, Teamwork, Java, Kubernetes, CSS, Data Analysis. Responsibilities include developing solutions, analyzing data, collaborating across teams, and implementing modern AI or software practices."
Machine Learning Engineer,"CSS, SQL, Azure, NLP, Cloud, Deep Learning","We are looking for a Machine Learning Engineer with expertise in CSS, SQL, Azure, NLP, Cloud, Deep Learning. Responsibilities include developing solutions, analyzing data, collaborating across teams, and implementing modern AI or software practices."
Web Developer,"Teamwork, Java, Deep Learning, Azure, Statistics, SQL, Python","We are looking for a Web Developer with expertise in Teamwork, Java, Deep Learning, Azure, Statistics, SQL, Python. Responsibilities include developing solutions, analyzing data, collaborating across teams, and implementing modern AI or software practices."
Software Engineer,"CSS, React, TensorFlow, Data Analysis, Java, SQL, Flask, Deep Learning, Communication","We are looking for a Software Engineer with expertise in CSS, React, TensorFlow, Data Analysis, Java, SQL, Flask, Deep Learning, Communication. Responsibilities include developing solutions, analyzing data, collaborating across teams, and implementing modern AI or software practices."
Python Developer,"Deep Learning, Teamwork, TensorFlow, CSS, SQL, AWS","We are looking for a Python Developer with expertise in Deep Learning, Teamwork, TensorFlow, CSS, SQL, AWS. Responsibilities include developing solutions, analyzing data, collaborating across teams, and implementing modern AI or software practices."
Data Scientist,"CSS, Teamwork, Cloud, NLP, Communication, Python, Docker, SQL","We are looking for a Data Scientist with expertise in CSS, Teamwork, Cloud, NLP, Communication, Python, Docker, SQL. Responsibilities include developing solutions, analyzing data, collaborating across teams, and implementing modern AI or software practices."
Cloud Engineer,"React, SQL, TensorFlow, Data Analysis, Statistics","We are looking for a Cloud Engineer with expertise in React, SQL, TensorFlow, Data Analysis, Statistics. Responsibilities include developing solutions, analyzing data, collaborating across teams, and implementing modern AI or software practices."
HR Recruiter,"Statistics, HTML, Kubernetes, CSS, Azure, Communication","We are looking for a HR Recruiter with expertise in Statistics, HTML, Kubernetes, CSS, Azure, Communication. Responsibilities include developing solutions, analyzing data, collaborating across teams, and implementing modern AI or software practices."
DevOps Engineer,"Flask, Data Analysis, Leadership, Teamwork, Azure, Docker, NLP, AWS","We are looking for a DevOps Engineer with expertise in Flask, Data Analysis, Leadership, Teamwork, Azure, Docker, NLP, AWS. Responsibilities include developing solutions, analyzing data, collaborating across teams, and implementing modern AI or software practices."
UI/UX Designer,"Azure, NLP, CSS, Statistics, Data Analysis, Machine Learning, AWS, Java, HTML","We are looking for a UI/UX Designer with expertise in Azure, NLP, CSS, Statistics, Data Analysis, Machine Learning, AWS, Java, HTML. Responsibilities include developing solutions, analyzing data, collaborating across teams, and implementing modern AI or software practices."
Business Analyst,"Flask, Problem Solving, Teamwork, Deep Learning, SQL, React, Python, Java, HTML","We are looking for a Business Analyst with expertise in Flask, Problem Solving, Teamwork, Deep Learning, SQL, React, Python, Java, HTML. Responsibilities include developing solutions, analyzing data, collaborating across teams, and implementing modern AI or software practices."
NLP Engineer,"Data Analysis, Cloud, Statistics, Azure, AWS, CSS, Communication, NLP","We are looking for a NLP Engineer with expertise in Data Analysis, Cloud, Statistics, Azure, AWS, CSS, Communication, NLP. Responsibilities include developing solutions, analyzing data, collaborating across teams, and implementing modern AI or software practices."
Cybersecurity Specialist,"Machine Learning, React, CSS, Flask, Leadership, Communication, Teamwork","We are looking for a Cybersecurity Specialist with expertise in Machine Learning, React, CSS, Flask, Leadership, Communication, Teamwork. Responsibilities include developing solutions, analyzing data, collaborating across teams, and implementing modern AI or software practices."
Data Analyst,"Problem Solving, Docker, Deep Learning, HTML, Cloud, Statistics, CSS, Communication","We are looking for a Data Analyst with expertise in Problem Solving, Docker, Deep Learning, HTML, Cloud, Statistics, CSS, Communication. Responsibilities include developing solutions, analyzing data, collaborating across teams, and implementing modern AI or software practices."
HR Specialist,"TensorFlow, React, HTML, Docker, Cloud","We are looking for a HR Specialist with expertise in TensorFlow, React, HTML, Docker, Cloud. Responsibilities include developing solutions, analyzing data, collaborating across teams, and implementing modern AI or software practices."
AI Engineer,"Python, Azure, Teamwork, Data Analysis, Communication, Kubernetes, SQL","We are looking for a AI Engineer with expertise in Python, Azure, Teamwork, Data Analysis, Communication, Kubernetes, SQL. Responsibilities include developing solutions, analyzing data, collaborating across teams, and implementing modern AI or software practices."
Machine Learning Engineer,"Deep Learning, Problem Solving, Statistics, Teamwork, Java, Python, Docker","We are looking for a Machine Learning Engineer with expertise in Deep Learning, Problem Solving, Statistics, Teamwork, Java, Python, Docker. Responsibilities include developing solutions, analyzing data, collaborating across teams, and implementing modern AI or software practices."
Web Developer,"TensorFlow, NLP, Kubernetes, AWS, Data Analysis","We are looking for a Web Developer with expertise in TensorFlow, NLP, Kubernetes, AWS, Data Analysis. Responsibilities include developing solutions, analyzing data, collaborating across teams, and implementing modern AI or software practices."
Software Engineer,"Problem Solving, Python, NLP, AWS, Cloud, Java, React, Machine Learning, Communication","We are looking for a Software Engineer with expertise in Problem Solving, Python, NLP, AWS, Cloud, Java, React, Machine Learning, Communication. Responsibilities include developing solutions, analyzing data, collaborating across teams, and implementing modern AI or software practices."
Python Developer,"Docker, Leadership, Flask, CSS, Teamwork, React","We are looking for a Python Developer with expertise in Docker, Leadership, Flask, CSS, Teamwork, React. Responsibilities include developing solutions, analyzing data, collaborating across teams, and implementing modern AI or software practices."
Data Scientist,"Teamwork, Cloud, Deep Learning, HTML, Java, Machine Learning","We are looking for a Data Scientist with expertise in Teamwork, Cloud, Deep Learning, HTML, Java, Machine Learning. Responsibilities include developing solutions, analyzing data, collaborating across teams, and implementing modern AI or software practices."
Cloud Engineer,"Deep Learning, Docker, Cloud, Java, Problem Solving, Flask","We are looking for a Cloud Engineer with expertise in Deep Learning, Docker, Cloud, Java, Problem Solving, Flask. Responsibilities include developing solutions, analyzing data, collaborating across teams, and implementing modern AI or software practices."
HR Recruiter,"Deep Learning, AWS, Leadership, Data Analysis, Problem Solving, Communication, HTML, SQL, CSS","We are looking for a HR Recruiter with expertise in Deep Learning, AWS, Leadership, Data Analysis, Problem Solving, Communication, HTML, SQL, CSS. Responsibilities include developing solutions, analyzing data, collaborating across teams, and implementing modern AI or software practices."
DevOps Engineer,"CSS, Machine Learning, Flask, Python, Deep Learning, Kubernetes, TensorFlow, HTML, Communication","We are looking for a DevOps Engineer with expertise in CSS, Machine Learning, Flask, Python, Deep Learning, Kubernetes, TensorFlow, HTML, Communication. Responsibilities include developing solutions, analyzing data, collaborating across teams, and implementing modern AI or software practices."
UI/UX Designer,"Java, Data Analysis, Cloud, React, Kubernetes, Docker","We are looking for a UI/UX Designer with expertise in Java, Data Analysis, Cloud, React, Kubernetes, Docker. Responsibilities include developing solutions, analyzing data, collaborating across teams, and implementing modern AI or software practices."
Business Analyst,"Leadership, Deep Learning, Flask, Teamwork, Kubernetes, Machine Learning, Azure","We are looking for a Business Analyst with expertise in Leadership, Deep Learning, Flask, Teamwork, Kubernetes, Machine Learning, Azure. Responsibilities include developing solutions, analyzing data, collaborating across teams, and implementing modern AI or software practices."
NLP Engineer,"Flask, Kubernetes, TensorFlow, Communication, Cloud, Python, CSS","We are looking for a NLP Engineer with expertise in Flask, Kubernetes, TensorFlow, Communication, Cloud, Python, CSS. Responsibilities include developing solutions, analyzing data, collaborating across teams, and implementing modern AI or software practices."
Cybersecurity Specialist,"Java, AWS, SQL, CSS, Machine Learning, Azure","We are looking for a Cybersecurity Specialist with expertise in Java, AWS, SQL, CSS, Machine Learning, Azure. Responsibilities include developing solutions, analyzing data, collaborating across teams, and implementing modern AI or software practices."
Data Analyst,"HTML, CSS, Java, SQL, Communication, Teamwork","We are looking for a Data Analyst with expertise in HTML, CSS, Java, SQL, Communication, Teamwork. Responsibilities include developing solutions, analyzing data, collaborating across teams, and implementing modern AI or software practices."
HR Specialist,"Communication, Machine Learning, NLP, Deep Learning, Java, Problem Solving","We are looking for a HR Specialist with expertise in Communication, Machine Learning, NLP, Deep Learning, Java, Problem Solving. Responsibilities include developing solutions, analyzing data, collaborating across teams, and implementing modern AI or software practices."
AI Engineer,"Python, AWS, HTML, Leadership, Machine Learning","We are looking for a AI Engineer with expertise in Python, AWS, HTML, Leadership, Machine Learning. Responsibilities include developing solutions, analyzing data, collaborating across teams, and implementing modern AI or software practices."
Machine Learning Engineer,"Deep Learning, Problem Solving, Leadership, SQL, Data Analysis, CSS, React, NLP, Cloud","We are looking for a Machine Learning Engineer with expertise in Deep Learning, Problem Solving, Leadership, SQL, Data Analysis, CSS, React, NLP, Cloud. Responsibilities include developing solutions, analyzing data, collaborating across teams, and implementing modern AI or software practices."
Web Developer,"SQL, Docker, Java, Communication, CSS, Python","We are looking for a Web Developer with expertise in SQL, Docker, Java, Communication, CSS, Python. Responsibilities include developing solutions, analyzing data, collaborating across teams, and implementing modern AI or software practices."
Software Engineer,"Statistics, Python, TensorFlow, Communication, HTML","We are looking for a Software Engineer with expertise in Statistics, Python, TensorFlow, Communication, HTML. Responsibilities include developing solutions, analyzing data, collaborating across teams, and implementing modern AI or software practices."
Python Developer,"React, Cloud, Python, TensorFlow, Machine Learning, NLP, SQL, Docker","We are looking for a Python Developer with expertise in React, Cloud, Python, TensorFlow, Machine Learning, NLP, SQL, Docker. Responsibilities include developing solutions, analyzing data, collaborating across teams, and implementing modern AI or software practices."
Data Scientist,"AWS, Python, Java, Machine Learning, Data Analysis, Statistics, Deep Learning, Communication","We are looking for a Data Scientist with expertise in AWS, Python, Java, Machine Learning, Data Analysis, Statistics, Deep Learning, Communication. Responsibilities include developing solutions, analyzing data, collaborating across teams, and implementing modern AI or software practices."
Cloud Engineer,"Statistics, Machine Learning, React, Teamwork, Leadership, Deep Learning, Data Analysis","We are looking for a Cloud Engineer with expertise in Statistics, Machine Learning, React, Teamwork, Leadership, Deep Learning, Data Analysis. Responsibilities include developing solutions, analyzing data, collaborating across teams, and implementing modern AI or software practices."
HR Recruiter,"NLP, AWS, Cloud, React, Docker, Azure, Communication","We are looking for a HR Recruiter with expertise in NLP, AWS, Cloud, React, Docker, Azure, Communication. Responsibilities include developing solutions, analyzing data, collaborating across teams, and implementing modern AI or software practices."
DevOps Engineer,"Teamwork, AWS, Data Analysis, Python, Statistics","We are looking for a DevOps Engineer with expertise in Teamwork, AWS, Data Analysis, Python, Statistics. Responsibilities include developing solutions, analyzing data, collaborating across teams, and implementing modern AI or software practices."
UI/UX Designer,"Docker, NLP, Leadership, SQL, AWS","We are looking for a UI/UX Designer with expertise in Docker, NLP, Leadership, SQL, AWS. Responsibilities include developing solutions, analyzing data, collaborating across teams, and implementing modern AI or software practices."
Business Analyst,"Cloud, NLP, SQL, Python, Statistics, Java","We are looking for a Business Analyst with expertise in Cloud, NLP, SQL, Python, Statistics, Java. Responsibilities include developing solutions, analyzing data, collaborating across teams, and implementing modern AI or software practices."
NLP Engineer,"Teamwork, TensorFlow, Communication, React, Leadership, Statistics","We are looking for a NLP Engineer with expertise in Teamwork, TensorFlow, Communication, React, Leadership, Statistics. Responsibilities include developing solutions, analyzing data, collaborating across teams, and implementing modern AI or software practices."
Cybersecurity Specialist,"Flask, Data Analysis, NLP, Cloud, React, Communication, Leadership, Kubernetes, AWS","We are looking for a Cybersecurity Specialist with expertise in Flask, Data Analysis, NLP, Cloud, React, Communication, Leadership, Kubernetes, AWS. Responsibilities include developing solutions, analyzing data, collaborating across teams, and implementing modern AI or software practices."
Data Analyst,"SQL, Cloud, Problem Solving, Communication, Deep Learning","We are looking for a Data Analyst with expertise in SQL, Cloud, Problem Solving, Communication, Deep Learning. Responsibilities include developing solutions, analyzing data, collaborating across teams, and implementing modern AI or software practices."
HR Specialist,"CSS, Flask, Communication, Leadership, TensorFlow, HTML, Problem Solving, Java, AWS","We are looking for a HR Specialist with expertise in CSS, Flask, Communication, Leadership, TensorFlow, HTML, Problem Solving, Java, AWS. Responsibilities include developing solutions, analyzing data, collaborating across teams, and implementing modern AI or software practices."
AI Engineer,"AWS, Teamwork, TensorFlow, Deep Learning, Cloud, Leadership, React, Statistics","We are looking for a AI Engineer with expertise in AWS, Teamwork, TensorFlow, Deep Learning, Cloud, Leadership, React, Statistics. Responsibilities include developing solutions, analyzing data, collaborating across teams, and implementing modern AI or software practices."
Machine Learning Engineer,"NLP, Deep Learning, Leadership, Java, Data Analysis, Kubernetes, Docker, React, Machine Learning","We are looking for a Machine Learning Engineer with expertise in NLP, Deep Learning, Leadership, Java, Data Analysis, Kubernetes, Docker, React, Machine Learning. Responsibilities include developing solutions, analyzing data, collaborating across teams, and implementing modern AI or software practices."
Web Developer,"Deep Learning, Python, Statistics, Teamwork, Machine Learning, Data Analysis","We are looking for a Web Developer with expertise in Deep Learning, Python, Statistics, Teamwork, Machine Learning, Data Analysis. Responsibilities include developing solutions, analyzing data, collaborating across teams, and implementing modern AI or software practices."
Software Engineer,"Communication, TensorFlow, Docker, React, NLP, Java, SQL, HTML","We are looking for a Software Engineer with expertise in Communication, TensorFlow, Docker, React, NLP, Java, SQL, HTML. Responsibilities include developing solutions, analyzing data, collaborating across teams, and implementing modern AI or software practices."
Python Developer,"Machine Learning, TensorFlow, Python, NLP, Java, Cloud, CSS, SQL, Leadership","We are looking for a Python Developer with expertise in Machine Learning, TensorFlow, Python, NLP, Java, Cloud, CSS, SQL, Leadership. Responsibilities include developing solutions, analyzing data, collaborating across teams, and implementing modern AI or software practices."
Data Scientist,"Java, NLP, Kubernetes, Deep Learning, Leadership, TensorFlow, Data Analysis, Cloud","We are looking for a Data Scientist with expertise in Java, NLP, Kubernetes, Deep Learning, Leadership, TensorFlow, Data Analysis, Cloud. Responsibilities include developing solutions, analyzing data, collaborating across teams, and implementing modern AI or software practices."
Cloud Engineer,"Teamwork, Statistics, Cloud, NLP, Java","We are looking for a Cloud Engineer with expertise in Teamwork, Statistics, Cloud, NLP, Java. Responsibilities include developing solutions, analyzing data, collaborating across teams, and implementing modern AI or software practices."
HR Recruiter,"Communication, TensorFlow, CSS, Machine Learning, HTML, Data Analysis, Teamwork, Leadership, React","We are looking for a HR Recruiter with expertise in Communication, TensorFlow, CSS, Machine Learning, HTML, Data Analysis, Teamwork, Leadership, React. Responsibilities include developing solutions, analyzing data, collaborating across teams, and implementing modern AI or software practices."
DevOps Engineer,"Data Analysis, Java, Deep Learning, Problem Solving, Machine Learning, Azure","We are looking for a DevOps Engineer with expertise in Data Analysis, Java, Deep Learning, Problem Solving, Machine Learning, Azure. Responsibilities include developing solutions, analyzing data, collaborating across teams, and implementing modern AI or software practices."
UI/UX Designer,"Java, Python, Kubernetes, Problem Solving, Azure, Docker, Machine Learning, Leadership","We are looking for a UI/UX Designer with expertise in Java, Python, Kubernetes, Problem Solving, Azure, Docker, Machine Learning, Leadership. Responsibilities include developing solutions, analyzing data, collaborating across teams, and implementing modern AI or software practices."
Business Analyst,"Azure, SQL, Teamwork, Cloud, Python, CSS, AWS","We are looking for a Business Analyst with expertise in Azure, SQL, Teamwork, Cloud, Python, CSS, AWS. Responsibilities include developing solutions, analyzing data, collaborating across teams, and implementing modern AI or software practices."
NLP Engineer,"Flask, AWS, Azure, Leadership, Data Analysis, Java, SQL, Deep Learning, Machine Learning","We are looking for a NLP Engineer with expertise in Flask, AWS, Azure, Leadership, Data Analysis, Java, SQL, Deep Learning, Machine Learning. Responsibilities include developing solutions, analyzing data, collaborating across teams, and implementing modern AI or software practices."
Cybersecurity Specialist,"Flask, Deep Learning, SQL, Communication, Problem Solving, Teamwork, TensorFlow, HTML","We are looking for a Cybersecurity Specialist with expertise in Flask, Deep Learning, SQL, Communication, Problem Solving, Teamwork, TensorFlow, HTML. Responsibilities include developing solutions, analyzing data, collaborating across teams, and implementing modern AI or software practices."
Data Analyst,"React, CSS, NLP, Problem Solving, Statistics","We are looking for a Data Analyst with expertise in React, CSS, NLP, Problem Solving, Statistics. Responsibilities include developing solutions, analyzing data, collaborating across teams, and implementing modern AI or software practices."
HR Specialist,"NLP, Python, Leadership, Kubernetes, AWS, Docker, Statistics, SQL, Cloud","We are looking for a HR Specialist with expertise in NLP, Python, Leadership, Kubernetes, AWS, Docker, Statistics, SQL, Cloud. Responsibilities include developing solutions, analyzing data, collaborating across teams, and implementing modern AI or software practices."
AI Engineer,"Azure, Cloud, Statistics, Machine Learning, Flask, AWS, SQL, React, Kubernetes","We are looking for a AI Engineer with expertise in Azure, Cloud, Statistics, Machine Learning, Flask, AWS, SQL, React, Kubernetes. Responsibilities include developing solutions, analyzing data, collaborating across teams, and implementing modern AI or software practices."
Machine Learning Engineer,"React, HTML, NLP, Problem Solving, Statistics","We are looking for a Machine Learning Engineer with expertise in React, HTML, NLP, Problem Solving, Statistics. Responsibilities include developing solutions, analyzing data, collaborating across teams, and implementing modern AI or software practices."
Web Developer,"React, AWS, Flask, Teamwork, Leadership, Azure, CSS","We are looking for a Web Developer with expertise in React, AWS, Flask, Teamwork, Leadership, Azure, CSS. Responsibilities include developing solutions, analyzing data, collaborating across teams, and implementing modern AI or software practices."
Software Engineer,"Python, Machine Learning, Cloud, Teamwork, Problem Solving, React, Java, Flask","We are looking for a Software Engineer with expertise in Python, Machine Learning, Cloud, Teamwork, Problem Solving, React, Java, Flask. Responsibilities include developing solutions, analyzing data, collaborating across teams, and implementing modern AI or software practices."
Python Developer,"Deep Learning, Leadership, Python, SQL, Java, NLP","We are looking for a Python Developer with expertise in Deep Learning, Leadership, Python, SQL, Java, NLP. Responsibilities include developing solutions, analyzing data, collaborating across teams, and implementing modern AI or software practices."
Data Scientist,"Docker, Flask, Statistics, React, Leadership, NLP, Kubernetes","We are looking for a Data Scientist with expertise in Docker, Flask, Statistics, React, Leadership, NLP, Kubernetes. Responsibilities include developing solutions, analyzing data, collaborating across teams, and implementing modern AI or software practices."
Cloud Engineer,"Communication, SQL, Java, TensorFlow, NLP, Deep Learning","We are looking for a Cloud Engineer with expertise in Communication, SQL, Java, TensorFlow, NLP, Deep Learning. Responsibilities include developing solutions, analyzing data, collaborating across teams, and implementing modern AI or software practices."
HR Recruiter,"SQL, HTML, AWS, Statistics, Teamwork, Machine Learning, Kubernetes","We are looking for a HR Recruiter with expertise in SQL, HTML, AWS, Statistics, Teamwork, Machine Learning, Kubernetes. Responsibilities include developing solutions, analyzing data, collaborating across teams, and implementing modern AI or software practices."
DevOps Engineer,"React, Data Analysis, AWS, Java, Flask, TensorFlow, Cloud, Statistics","We are looking for a DevOps Engineer with expertise in React, Data Analysis, AWS, Java, Flask, TensorFlow, Cloud, Statistics. Responsibilities include developing solutions, analyzing data, collaborating across teams, and implementing modern AI or software practices."
UI/UX Designer,"React, Problem Solving, Data Analysis, NLP, Cloud, Python","We are looking for a UI/UX Designer with expertise in React, Problem Solving, Data Analysis, NLP, Cloud, Python. Responsibilities include developing solutions, analyzing data, collaborating across teams, and implementing modern AI or software practices."
Business Analyst,"Statistics, Java, NLP, Python, Docker, Kubernetes, Teamwork, Data Analysis","We are looking for a Business Analyst with expertise in Statistics, Java, NLP, Python, Docker, Kubernetes, Teamwork, Data Analysis. Responsibilities include developing solutions, analyzing data, collaborating across teams, and implementing modern AI or software practices."
NLP Engineer,"Cloud, Azure, Statistics, TensorFlow, HTML, Deep Learning, Teamwork, Python, AWS","We are looking for a NLP Engineer with expertise in Cloud, Azure, Statistics, TensorFlow, HTML, Deep Learning, Teamwork, Python, AWS. Responsibilities include developing solutions, analyzing data, collaborating across teams, and implementing modern AI or software practices."
Cybersecurity Specialist,"Data Analysis, Flask, Docker, SQL, Machine Learning, Cloud, Problem Solving, Java","We are looking for a Cybersecurity Specialist with expertise in Data Analysis, Flask, Docker, SQL, Machine Learning, Cloud, Problem Solving, Java. Responsibilities include developing solutions, analyzing data, collaborating across teams, and implementing modern AI or software practices."
Data Analyst,"Statistics, React, TensorFlow, Kubernetes, Machine Learning","We are looking for a Data Analyst with expertise in Statistics, React, TensorFlow, Kubernetes, Machine Learning. Responsibilities include developing solutions, analyzing data, collaborating across teams, and implementing modern AI or software practices."
HR Specialist,"Docker, Deep Learning, Machine Learning, HTML, Teamwork, AWS, Cloud, Python","We are looking for a HR Specialist with expertise in Docker, Deep Learning, Machine Learning, HTML, Teamwork, AWS, Cloud, Python. Responsibilities include developing solutions, analyzing data, collaborating across teams, and implementing modern AI or software practices."
AI Engineer,"Python, Statistics, CSS, React, Docker, Leadership, Kubernetes, Java, Flask","We are looking for a AI Engineer with expertise in Python, Statistics, CSS, React, Docker, Leadership, Kubernetes, Java, Flask. Responsibilities include developing solutions, analyzing data, collaborating across teams, and implementing modern AI or software practices."
Machine Learning Engineer,"TensorFlow, Statistics, Python, Problem Solving, Leadership","We are looking for a Machine Learning Engineer with expertise in TensorFlow, Statistics, Python, Problem Solving, Leadership. Responsibilities include developing solutions, analyzing data, collaborating across teams, and implementing modern AI or software practices."
Web Developer,"Kubernetes, Leadership, Flask, AWS, Azure, SQL, Python, NLP, Deep Learning","We are looking for a Web Developer with expertise in Kubernetes, Leadership, Flask, AWS, Azure, SQL, Python, NLP, Deep Learning. Responsibilities include developing solutions, analyzing data, collaborating across teams, and implementing modern AI or software practices."
Software Engineer,"TensorFlow, HTML, Data Analysis, AWS, Flask, Statistics, SQL, NLP, Azure","We are looking for a Software Engineer with expertise in TensorFlow, HTML, Data Analysis, AWS, Flask, Statistics, SQL, NLP, Azure. Responsibilities include developing solutions, analyzing data, collaborating across teams, and implementing modern AI or software practices."
Python Developer,"CSS, Communication, Statistics, Azure, HTML, SQL","We are looking for a Python Developer with expertise in CSS, Communication, Statistics, Azure, HTML, SQL. Responsibilities include developing solutions, analyzing data, collaborating across teams, and implementing modern AI or software practices."
Data Scientist,"Deep Learning, Teamwork, Kubernetes, Azure, Statistics, Java, Docker, Machine Learning","We are looking for a Data Scientist with expertise in Deep Learning, Teamwork, Kubernetes, Azure, Statistics, Java, Docker, Machine Learning. Responsibilities include developing solutions, analyzing data, collaborating across teams, and implementing modern AI or software practices."
Cloud Engineer,"AWS, HTML, Machine Learning, Python, Leadership","We are looking for a Cloud Engineer with expertise in AWS, HTML, Machine Learning, Python, Leadership. Responsibilities include developing solutions, analyzing data, collaborating across teams, and implementing modern AI or software practices."
HR Recruiter,"Data Analysis, Teamwork, Statistics, Leadership, AWS, NLP, HTML","We are looking for a HR Recruiter with expertise in Data Analysis, Teamwork, Statistics, Leadership, AWS, NLP, HTML. Responsibilities include developing solutions, analyzing data, collaborating across teams, and implementing modern AI or software practices."
DevOps Engineer,"CSS, AWS, Kubernetes, NLP, Data Analysis, Cloud, SQL, Python, Azure","We are looking for a DevOps Engineer with expertise in CSS, AWS, Kubernetes, NLP, Data Analysis, Cloud, SQL, Python, Azure. Responsibilities include developing solutions, analyzing data, collaborating across teams, and implementing modern AI or software practices."
UI/UX Designer,"Azure, Machine Learning, Cloud, NLP, HTML, TensorFlow, Java","We are looking for a UI/UX Designer with expertise in Azure, Machine Learning, Cloud, NLP, HTML, TensorFlow, Java. Responsibilities include developing solutions, analyzing data, collaborating across teams, and implementing modern AI or software practices."
Business Analyst,"Data Analysis, Leadership, TensorFlow, Azure, HTML, Kubernetes, Java, Statistics, Teamwork","We are looking for a Business Analyst with expertise in Data Analysis, Leadership, TensorFlow, Azure, HTML, Kubernetes, Java, Statistics, Teamwork. Responsibilities include developing solutions, analyzing data, collaborating across teams, and implementing modern AI or software practices."
NLP Engineer,"Machine Learning, Teamwork, Java, Data Analysis, Kubernetes","We are looking for a NLP Engineer with expertise in Machine Learning, Teamwork, Java, Data Analysis, Kubernetes. Responsibilities include developing solutions, analyzing data, collaborating across teams, and implementing modern AI or software practices."
Cybersecurity Specialist,"Communication, Flask, AWS, Statistics, Docker, Kubernetes, Deep Learning","We are looking for a Cybersecurity Specialist with expertise in Communication, Flask, AWS, Statistics, Docker, Kubernetes, Deep Learning. Responsibilities include developing solutions, analyzing data, collaborating across teams, and implementing modern AI or software practices."
Data Analyst,"Machine Learning, Kubernetes, Data Analysis, Statistics, Leadership, TensorFlow, Communication, Azure","We are looking for a Data Analyst with expertise in Machine Learning, Kubernetes, Data Analysis, Statistics, Leadership, TensorFlow, Communication, Azure. Responsibilities include developing solutions, analyzing data, collaborating across teams, and implementing modern AI or software practices."
HR Specialist,"TensorFlow, NLP, Machine Learning, HTML, Communication, Kubernetes, SQL, Azure, Data Analysis","We are looking for a HR Specialist with expertise in TensorFlow, NLP, Machine Learning, HTML, Communication, Kubernetes, SQL, Azure, Data Analysis. Responsibilities include developing solutions, analyzing data, collaborating across teams, and implementing modern AI or software practices."
AI Engineer,"SQL, Kubernetes, Problem Solving, Azure, Communication, Leadership, NLP, Flask, HTML","We are looking for a AI Engineer with expertise in SQL, Kubernetes, Problem Solving, Azure, Communication, Leadership, NLP, Flask, HTML. Responsibilities include developing solutions, analyzing data, collaborating across teams, and implementing modern AI or software practices."
Machine Learning Engineer,"AWS, Java, Azure, Leadership, Python","We are looking for a Machine Learning Engineer with expertise in AWS, Java, Azure, Leadership, Python. Responsibilities include developing solutions, analyzing data, collaborating across teams, and implementing modern AI or software practices."
Web Developer,"Teamwork, Machine Learning, NLP, TensorFlow, Statistics, Kubernetes","We are looking for a Web Developer with expertise in Teamwork, Machine Learning, NLP, TensorFlow, Statistics, Kubernetes. Responsibilities include developing solutions, analyzing data, collaborating across teams, and implementing modern AI or software practices."
Software Engineer,"Deep Learning, Azure, Flask, Communication, Cloud, Leadership, Kubernetes, NLP, Statistics","We are looking for a Software Engineer with expertise in Deep Learning, Azure, Flask, Communication, Cloud, Leadership, Kubernetes, NLP, Statistics. Responsibilities include developing solutions, analyzing data, collaborating across teams, and implementing modern AI or software practices."
Python Developer,"Azure, Docker, Flask, Statistics, Communication","We are looking for a Python Developer with expertise in Azure, Docker, Flask, Statistics, Communication. Responsibilities include developing solutions, analyzing data, collaborating across teams, and implementing modern AI or software practices."
Data Scientist,"HTML, Teamwork, Deep Learning, Java, Data Analysis, Leadership, Machine Learning, Python","We are looking for a Data Scientist with expertise in HTML, Teamwork, Deep Learning, Java, Data Analysis, Leadership, Machine Learning, Python. Responsibilities include developing solutions, analyzing data, collaborating across teams, and implementing modern AI or software practices."
Cloud Engineer,"Statistics, Flask, Problem Solving, Java, React, HTML, Machine Learning, Leadership","We are looking for a Cloud Engineer with expertise in Statistics, Flask, Problem Solving, Java, React, HTML, Machine Learning, Leadership. Responsibilities include developing solutions, analyzing data, collaborating across teams, and implementing modern AI or software practices."
HR Recruiter,"Statistics, Communication, CSS, Problem Solving, Deep Learning, Flask","We are looking for a HR Recruiter with expertise in Statistics, Communication, CSS, Problem Solving, Deep Learning, Flask. Responsibilities include developing solutions, analyzing data, collaborating across teams, and implementing modern AI or software practices."
DevOps Engineer,"TensorFlow, Python, Docker, Deep Learning, Teamwork, Java, NLP","We are looking for a DevOps Engineer with expertise in TensorFlow, Python, Docker, Deep Learning, Teamwork, Java, NLP. Responsibilities include developing solutions, analyzing data, collaborating across teams, and implementing modern AI or software practices."
UI/UX Designer,"Python, TensorFlow, Java, Flask, Azure, Cloud, Statistics, NLP, Leadership","We are looking for a UI/UX Designer with expertise in Python, TensorFlow, Java, Flask, Azure, Cloud, Statistics, NLP, Leadership. Responsibilities include developing solutions, analyzing data, collaborating across teams, and implementing modern AI or software practices."
Business Analyst,"Deep Learning, Problem Solving, Statistics, Cloud, AWS, Java, SQL","We are looking for a Business Analyst with expertise in Deep Learning, Problem Solving, Statistics, Cloud, AWS, Java, SQL. Responsibilities include developing solutions, analyzing data, collaborating across teams, and implementing modern AI or software practices."
NLP Engineer,"Azure, Java, Statistics, Teamwork, Flask, Machine Learning, Data Analysis, NLP","We are looking for a NLP Engineer with expertise in Azure, Java, Statistics, Teamwork, Flask, Machine Learning, Data Analysis, NLP. Responsibilities include developing solutions, analyzing data, collaborating across teams, and implementing modern AI or software practices."
Cybersecurity Specialist,"Java, CSS, Problem Solving, Azure, Deep Learning","We are looking for a Cybersecurity Specialist with expertise in Java, CSS, Problem Solving, Azure, Deep Learning. Responsibilities include developing solutions, analyzing data, collaborating across teams, and implementing modern AI or software practices."
Data Analyst,"CSS, Python, SQL, HTML, Docker, Cloud, Flask, Leadership","We are looking for a Data Analyst with expertise in CSS, Python, SQL, HTML, Docker, Cloud, Flask, Leadership. Responsibilities include developing solutions, analyzing data, collaborating across teams, and implementing modern AI or software practices."
HR Specialist,"Flask, HTML, Teamwork, CSS, Data Analysis","We are looking for a HR Specialist with expertise in Flask, HTML, Teamwork, CSS, Data Analysis. Responsibilities include developing solutions, analyzing data, collaborating across teams, and implementing modern AI or software practices."
AI Engineer,"NLP, Communication, CSS, Cloud, Machine Learning","We are looking for a AI Engineer with expertise in NLP, Communication, CSS, Cloud, Machine Learning. Responsibilities include developing solutions, analyzing data, collaborating across teams, and implementing modern AI or software practices."
Machine Learning Engineer,"Leadership, Teamwork, AWS, HTML, Statistics, Machine Learning, Communication, Problem Solving","We are looking for a Machine Learning Engineer with expertise in Leadership, Teamwork, AWS, HTML, Statistics, Machine Learning, Communication, Problem Solving. Responsibilities include developing solutions, analyzing data, collaborating across teams, and implementing modern AI or software practices."
Web Developer,"AWS, Cloud, SQL, NLP, Deep Learning, Statistics, Machine Learning","We are looking for a Web Developer with expertise in AWS, Cloud, SQL, NLP, Deep Learning, Statistics, Machine Learning. Responsibilities include developing solutions, analyzing data, collaborating across teams, and implementing modern AI or software practices."
Software Engineer,"Cloud, Deep Learning, SQL, Communication, Problem Solving, NLP, Docker, CSS","We are looking for a Software Engineer with expertise in Cloud, Deep Learning, SQL, Communication, Problem Solving, NLP, Docker, CSS. Responsibilities include developing solutions, analyzing data, collaborating across teams, and implementing modern AI or software practices."
Python Developer,"Statistics, Communication, Leadership, TensorFlow, Data Analysis, Teamwork, HTML, Flask","We are looking for a Python Developer with expertise in Statistics, Communication, Leadership, TensorFlow, Data Analysis, Teamwork, HTML, Flask. Responsibilities include developing solutions, analyzing data, collaborating across teams, and implementing modern AI or software practices."
Data Scientist,"Azure, Leadership, Data Analysis, Statistics, Problem Solving, React, Flask","We are looking for a Data Scientist with expertise in Azure, Leadership, Data Analysis, Statistics, Problem Solving, React, Flask. Responsibilities include developing solutions, analyzing data, collaborating across teams, and implementing modern AI or software practices."
Cloud Engineer,"CSS, Data Analysis, Leadership, Deep Learning, Docker","We are looking for a Cloud Engineer with expertise in CSS, Data Analysis, Leadership, Deep Learning, Docker. Responsibilities include developing solutions, analyzing data, collaborating across teams, and implementing modern AI or software practices."
HR Recruiter,"Statistics, Teamwork, Machine Learning, Cloud, Docker, Deep Learning, AWS","We are looking for a HR Recruiter with expertise in Statistics, Teamwork, Machine Learning, Cloud, Docker, Deep Learning, AWS. Responsibilities include developing solutions, analyzing data, collaborating across teams, and implementing modern AI or software practices."
DevOps Engineer,"Java, CSS, Azure, Teamwork, Machine Learning, TensorFlow","We are looking for a DevOps Engineer with expertise in Java, CSS, Azure, Teamwork, Machine Learning, TensorFlow. Responsibilities include developing solutions, analyzing data, collaborating across teams, and implementing modern AI or software practices."
UI/UX Designer,"Azure, Statistics, Problem Solving, Leadership, Machine Learning, Cloud, Communication, AWS","We are looking for a UI/UX Designer with expertise in Azure, Statistics, Problem Solving, Leadership, Machine Learning, Cloud, Communication, AWS. Responsibilities include developing solutions, analyzing data, collaborating across teams, and implementing modern AI or software practices."
Business Analyst,"Leadership, Cloud, NLP, Java, Teamwork, Python, Kubernetes, Problem Solving, Docker","We are looking for a Business Analyst with expertise in Leadership, Cloud, NLP, Java, Teamwork, Python, Kubernetes, Problem Solving, Docker. Responsibilities include developing solutions, analyzing data, collaborating across teams, and implementing modern AI or software practices."
NLP Engineer,"React, TensorFlow, Python, Kubernetes, Data Analysis, Problem Solving, Cloud, Flask","We are looking for a NLP Engineer with expertise in React, TensorFlow, Python, Kubernetes, Data Analysis, Problem Solving, Cloud, Flask. Responsibilities include developing solutions, analyzing data, collaborating across teams, and implementing modern AI or software practices."
Cybersecurity Specialist,"Problem Solving, Docker, Deep Learning, Teamwork, Azure, Leadership, Machine Learning, Data Analysis","We are looking for a Cybersecurity Specialist with expertise in Problem Solving, Docker, Deep Learning, Teamwork, Azure, Leadership, Machine Learning, Data Analysis. Responsibilities include developing solutions, analyzing data, collaborating across teams, and implementing modern AI or software practices."
Data Analyst,"SQL, CSS, Cloud, TensorFlow, AWS, Docker, Flask, Leadership, Communication","We are looking for a Data Analyst with expertise in SQL, CSS, Cloud, TensorFlow, AWS, Docker, Flask, Leadership, Communication. Responsibilities include developing solutions, analyzing data, collaborating across teams, and implementing modern AI or software practices."
HR Specialist,"Kubernetes, Leadership, AWS, Azure, Flask, NLP, Docker, SQL","We are looking for a HR Specialist with expertise in Kubernetes, Leadership, AWS, Azure, Flask, NLP, Docker, SQL. Responsibilities include developing solutions, analyzing data, collaborating across teams, and implementing modern AI or software practices."
AI Engineer,"HTML, SQL, Problem Solving, Docker, Cloud, Flask, AWS","We are looking for a AI Engineer with expertise in HTML, SQL, Problem Solving, Docker, Cloud, Flask, AWS. Responsibilities include developing solutions, analyzing data, collaborating across teams, and implementing modern AI or software practices."
Machine Learning Engineer,"Problem Solving, Cloud, Azure, NLP, Deep Learning, Leadership","We are looking for a Machine Learning Engineer with expertise in Problem Solving, Cloud, Azure, NLP, Deep Learning, Leadership. Responsibilities include developing solutions, analyzing data, collaborating across teams, and implementing modern AI or software practices."
Web Developer,"NLP, React, Kubernetes, Deep Learning, AWS, HTML","We are looking for a Web Developer with expertise in NLP, React, Kubernetes, Deep Learning, AWS, HTML. Responsibilities include developing solutions, analyzing data, collaborating across teams, and implementing modern AI or software practices."
Software Engineer,"AWS, Statistics, Cloud, Teamwork, React, Flask, Azure, HTML","We are looking for a Software Engineer with expertise in AWS, Statistics, Cloud, Teamwork, React, Flask, Azure, HTML. Responsibilities include developing solutions, analyzing data, collaborating across teams, and implementing modern AI or software practices."
Python Developer,"AWS, Machine Learning, Problem Solving, Java, React, Data Analysis, HTML","We are looking for a Python Developer with expertise in AWS, Machine Learning, Problem Solving, Java, React, Data Analysis, HTML. Responsibilities include developing solutions, analyzing data, collaborating across teams, and implementing modern AI or software practices."
Data Scientist,"Flask, Kubernetes, Teamwork, SQL, AWS","We are looking for a Data Scientist with expertise in Flask, Kubernetes, Teamwork, SQL, AWS. Responsibilities include developing solutions, analyzing data, collaborating across teams, and implementing modern AI or software practices."
Cloud Engineer,"Teamwork, Leadership, AWS, NLP, SQL, Java, Docker","We are looking for a Cloud Engineer with expertise in Teamwork, Leadership, AWS, NLP, SQL, Java, Docker. Responsibilities include developing solutions, analyzing data, collaborating across teams, and implementing modern AI or software practices."
HR Recruiter,"Azure, Teamwork, HTML, SQL, Communication, Kubernetes","We are looking for a HR Recruiter with expertise in Azure, Teamwork, HTML, SQL, Communication, Kubernetes. Responsibilities include developing solutions, analyzing data, collaborating across teams, and implementing modern AI or software practices."
DevOps Engineer,"Deep Learning, TensorFlow, Communication, HTML, Azure, Teamwork, Data Analysis","We are looking for a DevOps Engineer with expertise in Deep Learning, TensorFlow, Communication, HTML, Azure, Teamwork, Data Analysis. Responsibilities include developing solutions, analyzing data, collaborating across teams, and implementing modern AI or software practices."
UI/UX Designer,"HTML, Communication, Data Analysis, SQL, Leadership, Docker, Flask, Statistics, NLP","We are looking for a UI/UX Designer with expertise in HTML, Communication, Data Analysis, SQL, Leadership, Docker, Flask, Statistics, NLP. Responsibilities include developing solutions, analyzing data, collaborating across teams, and implementing modern AI or software practices."
Business Analyst,"SQL, Azure, Cloud, Data Analysis, Python, Machine Learning","We are looking for a Business Analyst with expertise in SQL, Azure, Cloud, Data Analysis, Python, Machine Learning. Responsibilities include developing solutions, analyzing data, collaborating across teams, and implementing modern AI or software practices."
NLP Engineer,"Azure, TensorFlow, Communication, NLP, Leadership, Data Analysis, Problem Solving, AWS, React","We are looking for a NLP Engineer with expertise in Azure, TensorFlow, Communication, NLP, Leadership, Data Analysis, Problem Solving, AWS, React. Responsibilities include developing solutions, analyzing data, collaborating across teams, and implementing modern AI or software practices."
Cybersecurity Specialist,"Data Analysis, Kubernetes, Leadership, TensorFlow, Cloud, SQL, Statistics, CSS, HTML","We are looking for a Cybersecurity Specialist with expertise in Data Analysis, Kubernetes, Leadership, TensorFlow, Cloud, SQL, Statistics, CSS, HTML. Responsibilities include developing solutions, analyzing data, collaborating across teams, and implementing modern AI or software practices."
Data Analyst,"Azure, Teamwork, React, Problem Solving, HTML, NLP, Machine Learning, Kubernetes, Python","We are looking for a Data Analyst with expertise in Azure, Teamwork, React, Problem Solving, HTML, NLP, Machine Learning, Kubernetes, Python. Responsibilities include developing solutions, analyzing data, collaborating across teams, and implementing modern AI or software practices."
HR Specialist,"Problem Solving, Python, Teamwork, Flask, Machine Learning, Kubernetes","We are looking for a HR Specialist with expertise in Problem Solving, Python, Teamwork, Flask, Machine Learning, Kubernetes. Responsibilities include developing solutions, analyzing data, collaborating across teams, and implementing modern AI or software practices."
AI Engineer,"TensorFlow, CSS, NLP, Statistics, Kubernetes","We are looking for a AI Engineer with expertise in TensorFlow, CSS, NLP, Statistics, Kubernetes. Responsibilities include developing solutions, analyzing data, collaborating across teams, and implementing modern AI or software practices."
Machine Learning Engineer,"NLP, Leadership, Statistics, HTML, CSS, Java","We are looking for a Machine Learning Engineer with expertise in NLP, Leadership, Statistics, HTML, CSS, Java. Responsibilities include developing solutions, analyzing data, collaborating across teams, and implementing modern AI or software practices."
Web Developer,"Azure, Data Analysis, Python, HTML, Docker","We are looking for a Web Developer with expertise in Azure, Data Analysis, Python, HTML, Docker. Responsibilities include developing solutions, analyzing data, collaborating across teams, and implementing modern AI or software practices."
Software Engineer,"Statistics, Java, Teamwork, Docker, Problem Solving, HTML, SQL, CSS","We are looking for a Software Engineer with expertise in Statistics, Java, Teamwork, Docker, Problem Solving, HTML, SQL, CSS. Responsibilities include developing solutions, analyzing data, collaborating across teams, and implementing modern AI or software practices."
Python Developer,"Python, Docker, Azure, CSS, Cloud, Communication, NLP","We are looking for a Python Developer with expertise in Python, Docker, Azure, CSS, Cloud, Communication, NLP. Responsibilities include developing solutions, analyzing data, collaborating across teams, and implementing modern AI or software practices."
Data Scientist,"AWS, Java, TensorFlow, Python, Flask, Leadership","We are looking for a Data Scientist with expertise in AWS, Java, TensorFlow, Python, Flask, Leadership. Responsibilities include developing solutions, analyzing data, collaborating across teams, and implementing modern AI or software practices."
Cloud Engineer,"Machine Learning, Data Analysis, Python, Flask, Statistics, Docker, HTML, SQL, NLP","We are looking for a Cloud Engineer with expertise in Machine Learning, Data Analysis, Python, Flask, Statistics, Docker, HTML, SQL, NLP. Responsibilities include developing solutions, analyzing data, collaborating across teams, and implementing modern AI or software practices."
HR Recruiter,"NLP, Machine Learning, Docker, Teamwork, SQL, React, Cloud, Communication, Kubernetes","We are looking for a HR Recruiter with expertise in NLP, Machine Learning, Docker, Teamwork, SQL, React, Cloud, Communication, Kubernetes. Responsibilities include developing solutions, analyzing data, collaborating across teams, and implementing modern AI or software practices."
DevOps Engineer,"Machine Learning, React, Azure, Leadership, Deep Learning, Kubernetes","We are looking for a DevOps Engineer with expertise in Machine Learning, React, Azure, Leadership, Deep Learning, Kubernetes. Responsibilities include developing solutions, analyzing data, collaborating across teams, and implementing modern AI or software practices."
UI/UX Designer,"Java, Teamwork, Cloud, Data Analysis, Communication, NLP","We are looking for a UI/UX Designer with expertise in Java, Teamwork, Cloud, Data Analysis, Communication, NLP. Responsibilities include developing solutions, analyzing data, collaborating across teams, and implementing modern AI or software practices."
Business Analyst,"Kubernetes, Flask, Leadership, Teamwork, Deep Learning, CSS","We are looking for a Business Analyst with expertise in Kubernetes, Flask, Leadership, Teamwork, Deep Learning, CSS. Responsibilities include developing solutions, analyzing data, collaborating across teams, and implementing modern AI or software practices."
NLP Engineer,"Python, NLP, Kubernetes, React, Teamwork, Java","We are looking for a NLP Engineer with expertise in Python, NLP, Kubernetes, React, Teamwork, Java. Responsibilities include developing solutions, analyzing data, collaborating across teams, and implementing modern AI or software practices."
Cybersecurity Specialist,"Docker, NLP, Python, Flask, Kubernetes, Cloud, Communication","We are looking for a Cybersecurity Specialist with expertise in Docker, NLP, Python, Flask, Kubernetes, Cloud, Communication. Responsibilities include developing solutions, analyzing data, collaborating across teams, and implementing modern AI or software practices."
Data Analyst,"TensorFlow, Machine Learning, Communication, Teamwork, React, Data Analysis, Java","We are looking for a Data Analyst with expertise in TensorFlow, Machine Learning, Communication, Teamwork, React, Data Analysis, Java. Responsibilities include developing solutions, analyzing data, collaborating across teams, and implementing modern AI or software practices."
HR Specialist,"React, Communication, NLP, Kubernetes, Data Analysis, Docker, Flask","We are looking for a HR Specialist with expertise in React, Communication, NLP, Kubernetes, Data Analysis, Docker, Flask. Responsibilities include developing solutions, analyzing data, collaborating across teams, and implementing modern AI or software practices."
AI Engineer,"Python, Docker, Communication, Leadership, Kubernetes","We are looking for a AI Engineer with expertise in Python, Docker, Communication, Leadership, Kubernetes. Responsibilities include developing solutions, analyzing data, collaborating across teams, and implementing modern AI or software practices."
Machine Learning Engineer,"Problem Solving, SQL, Azure, Kubernetes, Teamwork","We are looking for a Machine Learning Engineer with expertise in Problem Solving, SQL, Azure, Kubernetes, Teamwork. Responsibilities include developing solutions, analyzing data, collaborating across teams, and implementing modern AI or software practices."
Web Developer,"Cloud, Communication, Data Analysis, Azure, TensorFlow, AWS","We are looking for a Web Developer with expertise in Cloud, Communication, Data Analysis, Azure, TensorFlow, AWS. Responsibilities include developing solutions, analyzing data, collaborating across teams, and implementing modern AI or software practices."
Software Engineer,"AWS, Docker, Kubernetes, Communication, CSS, TensorFlow","We are looking for a Software Engineer with expertise in AWS, Docker, Kubernetes, Communication, CSS, TensorFlow. Responsibilities include developing solutions, analyzing data, collaborating across teams, and implementing modern AI or software practices."
Python Developer,"Java, HTML, Machine Learning, CSS, Deep Learning, Kubernetes, Statistics","We are looking for a Python Developer with expertise in Java, HTML, Machine Learning, CSS, Deep Learning, Kubernetes, Statistics. Responsibilities include developing solutions, analyzing data, collaborating across teams, and implementing modern AI or software practices."
Data Scientist,"Azure, Kubernetes, Data Analysis, CSS, Cloud","We are looking for a Data Scientist with expertise in Azure, Kubernetes, Data Analysis, CSS, Cloud. Responsibilities include developing solutions, analyzing data, collaborating across teams, and implementing modern AI or software practices."
Cloud Engineer,"CSS, AWS, NLP, Deep Learning, Statistics, Communication, Java","We are looking for a Cloud Engineer with expertise in CSS, AWS, NLP, Deep Learning, Statistics, Communication, Java. Responsibilities include developing solutions, analyzing data, collaborating across teams, and implementing modern AI or software practices."
HR Recruiter,"Docker, Java, Data Analysis, Statistics, Communication, Python, Leadership, Flask","We are looking for a HR Recruiter with expertise in Docker, Java, Data Analysis, Statistics, Communication, Python, Leadership, Flask. Responsibilities include developing solutions, analyzing data, collaborating across teams, and implementing modern AI or software practices."
DevOps Engineer,"TensorFlow, Cloud, Docker, CSS, HTML, Data Analysis, SQL","We are looking for a DevOps Engineer with expertise in TensorFlow, Cloud, Docker, CSS, HTML, Data Analysis, SQL. Responsibilities include developing solutions, analyzing data, collaborating across teams, and implementing modern AI or software practices."
UI/UX Designer,"Teamwork, Java, Flask, Cloud, Data Analysis, Azure, Deep Learning, Kubernetes, Communication","We are looking for a UI/UX Designer with expertise in Teamwork, Java, Flask, Cloud, Data Analysis, Azure, Deep Learning, Kubernetes, Communication. Responsibilities include developing solutions, analyzing data, collaborating across teams, and implementing modern AI or software practices."
Business Analyst,"SQL, Python, Problem Solving, Java, Machine Learning, Data Analysis, Flask, Docker, TensorFlow","We are looking for a Business Analyst with expertise in SQL, Python, Problem Solving, Java, Machine Learning, Data Analysis, Flask, Docker, TensorFlow. Responsibilities include developing solutions, analyzing data, collaborating across teams, and implementing modern AI or software practices."
NLP Engineer,"React, Flask, Java, CSS, Statistics, NLP","We are looking for a NLP Engineer with expertise in React, Flask, Java, CSS, Statistics, NLP. Responsibilities include developing solutions, analyzing data, collaborating across teams, and implementing modern AI or software practices."
Cybersecurity Specialist,"Flask, Data Analysis, NLP, Java, Kubernetes, Communication","We are looking for a Cybersecurity Specialist with expertise in Flask, Data Analysis, NLP, Java, Kubernetes, Communication. Responsibilities include developing solutions, analyzing data, collaborating across teams, and implementing modern AI or software practices."
Data Analyst,"Teamwork, CSS, Machine Learning, React, Communication, TensorFlow, SQL, Docker","We are looking for a Data Analyst with expertise in Teamwork, CSS, Machine Learning, React, Communication, TensorFlow, SQL, Docker. Responsibilities include developing solutions, analyzing data, collaborating across teams, and implementing modern AI or software practices."
HR Specialist,"Teamwork, Deep Learning, NLP, Data Analysis, Leadership, HTML, CSS, Problem Solving","We are looking for a HR Specialist with expertise in Teamwork, Deep Learning, NLP, Data Analysis, Leadership, HTML, CSS, Problem Solving. Responsibilities include developing solutions, analyzing data, collaborating across teams, and implementing modern AI or software practices."
AI Engineer,"Teamwork, Flask, Statistics, Problem Solving, CSS, Azure, React, HTML","We are looking for a AI Engineer with expertise in Teamwork, Flask, Statistics, Problem Solving, CSS, Azure, React, HTML. Responsibilities include developing solutions, analyzing data, collaborating across teams, and implementing modern AI or software practices."
Machine Learning Engineer,"SQL, Statistics, TensorFlow, Docker, Deep Learning","We are looking for a Machine Learning Engineer with expertise in SQL, Statistics, TensorFlow, Docker, Deep Learning. Responsibilities include developing solutions, analyzing data, collaborating across teams, and implementing modern AI or software practices."
Web Developer,"Teamwork, TensorFlow, Kubernetes, HTML, Flask, SQL, Leadership","We are looking for a Web Developer with expertise in Teamwork, TensorFlow, Kubernetes, HTML, Flask, SQL, Leadership. Responsibilities include developing solutions, analyzing data, collaborating across teams, and implementing modern AI or software practices."
Software Engineer,"Leadership, Teamwork, NLP, Communication, HTML, Flask, React, CSS","We are looking for a Software Engineer with expertise in Leadership, Teamwork, NLP, Communication, HTML, Flask, React, CSS. Responsibilities include developing solutions, analyzing data, collaborating across teams, and implementing modern AI or software practices."
Python Developer,"TensorFlow, Flask, Statistics, React, SQL, Leadership, CSS, Python","We are looking for a Python Developer with expertise in TensorFlow, Flask, Statistics, React, SQL, Leadership, CSS, Python. Responsibilities include developing solutions, analyzing data, collaborating across teams, and implementing modern AI or software practices."
Data Scientist,"Azure, Leadership, Docker, TensorFlow, Problem Solving, Machine Learning, CSS, HTML","We are looking for a Data Scientist with expertise in Azure, Leadership, Docker, TensorFlow, Problem Solving, Machine Learning, CSS, HTML. Responsibilities include developing solutions, analyzing data, collaborating across teams, and implementing modern AI or software practices."
Cloud Engineer,"Flask, Statistics, Java, HTML, AWS","We are looking for a Cloud Engineer with expertise in Flask, Statistics, Java, HTML, AWS. Responsibilities include developing solutions, analyzing data, collaborating across teams, and implementing modern AI or software practices."
HR Recruiter,"NLP, React, Docker, Data Analysis, Communication, Leadership, Deep Learning, Azure","We are looking for a HR Recruiter with expertise in NLP, React, Docker, Data Analysis, Communication, Leadership, Deep Learning, Azure. Responsibilities include developing solutions, analyzing data, collaborating across teams, and implementing modern AI or software practices."
DevOps Engineer,"Teamwork, Flask, Data Analysis, Problem Solving, NLP, TensorFlow, Docker, Kubernetes, CSS","We are looking for a DevOps Engineer with expertise in Teamwork, Flask, Data Analysis, Problem Solving, NLP, TensorFlow, Docker, Kubernetes, CSS. Responsibilities include developing solutions, analyzing data, collaborating across teams, and implementing modern AI or software practices."
UI/UX Designer,"Python, AWS, Teamwork, Java, Flask, React, Leadership, Statistics, Azure","We are looking for a UI/UX Designer with expertise in Python, AWS, Teamwork, Java, Flask, React, Leadership, Statistics, Azure. Responsibilities include developing solutions, analyzing data, collaborating across teams, and implementing modern AI or software practices."
Business Analyst,"TensorFlow, Cloud, Leadership, Data Analysis, React, Communication","We are looking for a Business Analyst with expertise in TensorFlow, Cloud, Leadership, Data Analysis, React, Communication. Responsibilities include developing solutions, analyzing data, collaborating across teams, and implementing modern AI or software practices."
NLP Engineer,"Python, Communication, Java, Leadership, Flask, Statistics, Kubernetes","We are looking for a NLP Engineer with expertise in Python, Communication, Java, Leadership, Flask, Statistics, Kubernetes. Responsibilities include developing solutions, analyzing data, collaborating across teams, and implementing modern AI or software practices."
Cybersecurity Specialist,"React, Azure, Leadership, Problem Solving, TensorFlow, CSS, Data Analysis, NLP, Cloud","We are looking for a Cybersecurity Specialist with expertise in React, Azure, Leadership, Problem Solving, TensorFlow, CSS, Data Analysis, NLP, Cloud. Responsibilities include developing solutions, analyzing data, collaborating across teams, and implementing modern AI or software practices."
Data Analyst,"Statistics, React, Problem Solving, Kubernetes, HTML, TensorFlow, Deep Learning, Azure","We are looking for a Data Analyst with expertise in Statistics, React, Problem Solving, Kubernetes, HTML, TensorFlow, Deep Learning, Azure. Responsibilities include developing solutions, analyzing data, collaborating across teams, and implementing modern AI or software practices."
HR Specialist,"Flask, Communication, Statistics, HTML, Teamwork, Python, Cloud, Leadership","We are looking for a HR Specialist with expertise in Flask, Communication, Statistics, HTML, Teamwork, Python, Cloud, Leadership. Responsibilities include developing solutions, analyzing data, collaborating across teams, and implementing modern AI or software practices."
AI Engineer,"Data Analysis, Teamwork, Problem Solving, Docker, NLP","We are looking for a AI Engineer with expertise in Data Analysis, Teamwork, Problem Solving, Docker, NLP. Responsibilities include developing solutions, analyzing data, collaborating across teams, and implementing modern AI or software practices."
Machine Learning Engineer,"Java, Statistics, Docker, SQL, Communication, Teamwork, TensorFlow, NLP, Machine Learning","We are looking for a Machine Learning Engineer with expertise in Java, Statistics, Docker, SQL, Communication, Teamwork, TensorFlow, NLP, Machine Learning. Responsibilities include developing solutions, analyzing data, collaborating across teams, and implementing modern AI or software practices."
Web Developer,"Problem Solving, Deep Learning, Cloud, React, TensorFlow, Statistics, CSS, Python","We are looking for a Web Developer with expertise in Problem Solving, Deep Learning, Cloud, React, TensorFlow, Statistics, CSS, Python. Responsibilities include developing solutions, analyzing data, collaborating across teams, and implementing modern AI or software practices."
Software Engineer,"Deep Learning, Flask, Statistics, Cloud, Machine Learning, TensorFlow, Leadership, Problem Solving","We are looking for a Software Engineer with expertise in Deep Learning, Flask, Statistics, Cloud, Machine Learning, TensorFlow, Leadership, Problem Solving. Responsibilities include developing solutions, analyzing data, collaborating across teams, and implementing modern AI or software practices."
Python Developer,"Leadership, Data Analysis, Problem Solving, NLP, Teamwork, Cloud, CSS","We are looking for a Python Developer with expertise in Leadership, Data Analysis, Problem Solving, NLP, Teamwork, Cloud, CSS. Responsibilities include developing solutions, analyzing data, collaborating across teams, and implementing modern AI or software practices."
Data Scientist,"CSS, Python, Leadership, Deep Learning, Azure, Statistics, Data Analysis","We are looking for a Data Scientist with expertise in CSS, Python, Leadership, Deep Learning, Azure, Statistics, Data Analysis. Responsibilities include developing solutions, analyzing data, collaborating across teams, and implementing modern AI or software practices."
Cloud Engineer,"Deep Learning, Statistics, SQL, Python, HTML, React, Flask","We are looking for a Cloud Engineer with expertise in Deep Learning, Statistics, SQL, Python, HTML, React, Flask. Responsibilities include developing solutions, analyzing data, collaborating across teams, and implementing modern AI or software practices."
HR Recruiter,"Python, Azure, HTML, Cloud, Docker, Deep Learning","We are looking for a HR Recruiter with expertise in Python, Azure, HTML, Cloud, Docker, Deep Learning. Responsibilities include developing solutions, analyzing data, collaborating across teams, and implementing modern AI or software practices."
DevOps Engineer,"Flask, React, Docker, Problem Solving, SQL, NLP","We are looking for a DevOps Engineer with expertise in Flask, React, Docker, Problem Solving, SQL, NLP. Responsibilities include developing solutions, analyzing data, collaborating across teams, and implementing modern AI or software practices."
UI/UX Designer,"Python, Teamwork, Deep Learning, Cloud, Azure, Flask, Docker, Communication, AWS","We are looking for a UI/UX Designer with expertise in Python, Teamwork, Deep Learning, Cloud, Azure, Flask, Docker, Communication, AWS. Responsibilities include developing solutions, analyzing data, collaborating across teams, and implementing modern AI or software practices."
Business Analyst,"Leadership, React, Data Analysis, HTML, Statistics, Cloud","We are looking for a Business Analyst with expertise in Leadership, React, Data Analysis, HTML, Statistics, Cloud. Responsibilities include developing solutions, analyzing data, collaborating across teams, and implementing modern AI or software practices."
NLP Engineer,"Machine Learning, Statistics, NLP, TensorFlow, SQL, CSS, Docker","We are looking for a NLP Engineer with expertise in Machine Learning, Statistics, NLP, TensorFlow, SQL, CSS, Docker. Responsibilities include developing solutions, analyzing data, collaborating across teams, and implementing modern AI or software practices."
Cybersecurity Specialist,"NLP, React, Deep Learning, TensorFlow, Azure","We are looking for a Cybersecurity Specialist with expertise in NLP, React, Deep Learning, TensorFlow, Azure. Responsibilities include developing solutions, analyzing data, collaborating across teams, and implementing modern AI or software practices."
Data Analyst,"Communication, NLP, Azure, Cloud, Teamwork, TensorFlow, SQL, Problem Solving","We are looking for a Data Analyst with expertise in Communication, NLP, Azure, Cloud, Teamwork, TensorFlow, SQL, Problem Solving. Responsibilities include developing solutions, analyzing data, collaborating across teams, and implementing modern AI or software practices."
HR Specialist,"Leadership, Kubernetes, Deep Learning, Statistics, CSS, Flask, Problem Solving, Azure","We are looking for a HR Specialist with expertise in Leadership, Kubernetes, Deep Learning, Statistics, CSS, Flask, Problem Solving, Azure. Responsibilities include developing solutions, analyzing data, collaborating across teams, and implementing modern AI or software practices."
AI Engineer,"HTML, Cloud, React, Leadership, Kubernetes, Deep Learning, SQL, TensorFlow, Machine Learning","We are looking for a AI Engineer with expertise in HTML, Cloud, React, Leadership, Kubernetes, Deep Learning, SQL, TensorFlow, Machine Learning. Responsibilities include developing solutions, analyzing data, collaborating across teams, and implementing modern AI or software practices."
Machine Learning Engineer,"Java, Azure, Problem Solving, Kubernetes, Deep Learning, Docker","We are looking for a Machine Learning Engineer with expertise in Java, Azure, Problem Solving, Kubernetes, Deep Learning, Docker. Responsibilities include developing solutions, analyzing data, collaborating across teams, and implementing modern AI or software practices."
Web Developer,"Data Analysis, Deep Learning, Communication, HTML, TensorFlow, Flask","We are looking for a Web Developer with expertise in Data Analysis, Deep Learning, Communication, HTML, TensorFlow, Flask. Responsibilities include developing solutions, analyzing data, collaborating across teams, and implementing modern AI or software practices."
Software Engineer,"Deep Learning, Statistics, AWS, NLP, Docker, Flask, Leadership, Cloud","We are looking for a Software Engineer with expertise in Deep Learning, Statistics, AWS, NLP, Docker, Flask, Leadership, Cloud. Responsibilities include developing solutions, analyzing data, collaborating across teams, and implementing modern AI or software practices."
Python Developer,"Communication, React, NLP, Deep Learning, HTML, Cloud, CSS","We are looking for a Python Developer with expertise in Communication, React, NLP, Deep Learning, HTML, Cloud, CSS. Responsibilities include developing solutions, analyzing data, collaborating across teams, and implementing modern AI or software practices."
Data Scientist,"TensorFlow, Communication, Docker, Java, AWS","We are looking for a Data Scientist with expertise in TensorFlow, Communication, Docker, Java, AWS. Responsibilities include developing solutions, analyzing data, collaborating across teams, and implementing modern AI or software practices."
Cloud Engineer,"NLP, CSS, Cloud, Flask, Data Analysis","We are looking for a Cloud Engineer with expertise in NLP, CSS, Cloud, Flask, Data Analysis. Responsibilities include developing solutions, analyzing data, collaborating across teams, and implementing modern AI or software practices."
HR Recruiter,"TensorFlow, Statistics, Leadership, Deep Learning, CSS","We are looking for a HR Recruiter with expertise in TensorFlow, Statistics, Leadership, Deep Learning, CSS. Responsibilities include developing solutions, analyzing data, collaborating across teams, and implementing modern AI or software practices."
DevOps Engineer,"Kubernetes, CSS, Python, Teamwork, Docker, Azure, Data Analysis, Java, Leadership","We are looking for a DevOps Engineer with expertise in Kubernetes, CSS, Python, Teamwork, Docker, Azure, Data Analysis, Java, Leadership. Responsibilities include developing solutions, analyzing data, collaborating across teams, and implementing modern AI or software practices."
UI/UX Designer,"Python, NLP, Flask, Kubernetes, Problem Solving","We are looking for a UI/UX Designer with expertise in Python, NLP, Flask, Kubernetes, Problem Solving. Responsibilities include developing solutions, analyzing data, collaborating across teams, and implementing modern AI or software practices."
Business Analyst,"Problem Solving, Docker, Teamwork, Kubernetes, SQL, Statistics","We are looking for a Business Analyst with expertise in Problem Solving, Docker, Teamwork, Kubernetes, SQL, Statistics. Responsibilities include developing solutions, analyzing data, collaborating across teams, and implementing modern AI or software practices."
NLP Engineer,"Flask, Cloud, Statistics, Kubernetes, Leadership","We are looking for a NLP Engineer with expertise in Flask, Cloud, Statistics, Kubernetes, Leadership. Responsibilities include developing solutions, analyzing data, collaborating across teams, and implementing modern AI or software practices."
Cybersecurity Specialist,"Deep Learning, Statistics, NLP, Flask, Machine Learning, Data Analysis, Kubernetes","We are looking for a Cybersecurity Specialist with expertise in Deep Learning, Statistics, NLP, Flask, Machine Learning, Data Analysis, Kubernetes. Responsibilities include developing solutions, analyzing data, collaborating across teams, and implementing modern AI or software practices."
Data Analyst,"Kubernetes, NLP, Cloud, Flask, Machine Learning, Teamwork, Azure","We are looking for a Data Analyst with expertise in Kubernetes, NLP, Cloud, Flask, Machine Learning, Teamwork, Azure. Responsibilities include developing solutions, analyzing data, collaborating across teams, and implementing modern AI or software practices."
HR Specialist,"Azure, AWS, HTML, NLP, TensorFlow, Cloud, Machine Learning, Communication, Teamwork","We are looking for a HR Specialist with expertise in Azure, AWS, HTML, NLP, TensorFlow, Cloud, Machine Learning, Communication, Teamwork. Responsibilities include developing solutions, analyzing data, collaborating across teams, and implementing modern AI or software practices."
AI Engineer,"Kubernetes, Leadership, Problem Solving, Data Analysis, CSS, Flask","We are looking for a AI Engineer with expertise in Kubernetes, Leadership, Problem Solving, Data Analysis, CSS, Flask. Responsibilities include developing solutions, analyzing data, collaborating across teams, and implementing modern AI or software practices."
Machine Learning Engineer,"Python, SQL, Teamwork, Deep Learning, Statistics, TensorFlow","We are looking for a Machine Learning Engineer with expertise in Python, SQL, Teamwork, Deep Learning, Statistics, TensorFlow. Responsibilities include developing solutions, analyzing data, collaborating across teams, and implementing modern AI or software practices."
Web Developer,"Deep Learning, SQL, Azure, Machine Learning, CSS, HTML, Python, Docker, Cloud","We are looking for a Web Developer with expertise in Deep Learning, SQL, Azure, Machine Learning, CSS, HTML, Python, Docker, Cloud. Responsibilities include developing solutions, analyzing data, collaborating across teams, and implementing modern AI or software practices."
Software Engineer,"Machine Learning, Leadership, Python, Docker, HTML, Cloud, Communication, Kubernetes, React","We are looking for a Software Engineer with expertise in Machine Learning, Leadership, Python, Docker, HTML, Cloud, Communication, Kubernetes, React. Responsibilities include developing solutions, analyzing data, collaborating across teams, and implementing modern AI or software practices."
Python Developer,"SQL, Machine Learning, Kubernetes, Problem Solving, React","We are looking for a Python Developer with expertise in SQL, Machine Learning, Kubernetes, Problem Solving, React. Responsibilities include developing solutions, analyzing data, collaborating across teams, and implementing modern AI or software practices."
Data Scientist,"React, Cloud, Leadership, Teamwork, Data Analysis","We are looking for a Data Scientist with expertise in React, Cloud, Leadership, Teamwork, Data Analysis. Responsibilities include developing solutions, analyzing data, collaborating across teams, and implementing modern AI or software practices."
Cloud Engineer,"Deep Learning, Kubernetes, Leadership, Communication, CSS, Python, Java, React, SQL","We are looking for a Cloud Engineer with expertise in Deep Learning, Kubernetes, Leadership, Communication, CSS, Python, Java, React, SQL. Responsibilities include developing solutions, analyzing data, collaborating across teams, and implementing modern AI or software practices."
HR Recruiter,"AWS, Communication, Docker, Kubernetes, Leadership, Statistics, Problem Solving, Java","We are looking for a HR Recruiter with expertise in AWS, Communication, Docker, Kubernetes, Leadership, Statistics, Problem Solving, Java. Responsibilities include developing solutions, analyzing data, collaborating across teams, and implementing modern AI or software practices."
DevOps Engineer,"Azure, HTML, Kubernetes, Cloud, Machine Learning, Statistics, NLP, Docker, React","We are looking for a DevOps Engineer with expertise in Azure, HTML, Kubernetes, Cloud, Machine Learning, Statistics, NLP, Docker, React. Responsibilities include developing solutions, analyzing data, collaborating across teams, and implementing modern AI or software practices."
UI/UX Designer,"Java, NLP, Communication, Cloud, Azure","We are looking for a UI/UX Designer with expertise in Java, NLP, Communication, Cloud, Azure. Responsibilities include developing solutions, analyzing data, collaborating across teams, and implementing modern AI or software practices."
Business Analyst,"HTML, Data Analysis, Problem Solving, Communication, CSS, Azure, AWS","We are looking for a Business Analyst with expertise in HTML, Data Analysis, Problem Solving, Communication, CSS, Azure, AWS. Responsibilities include developing solutions, analyzing data, collaborating across teams, and implementing modern AI or software practices."
NLP Engineer,"Problem Solving, HTML, Kubernetes, Teamwork, Docker, Data Analysis","We are looking for a NLP Engineer with expertise in Problem Solving, HTML, Kubernetes, Teamwork, Docker, Data Analysis. Responsibilities include developing solutions, analyzing data, collaborating across teams, and implementing modern AI or software practices."
Cybersecurity Specialist,"Docker, Cloud, CSS, HTML, Teamwork","We are looking for a Cybersecurity Specialist with expertise in Docker, Cloud, CSS, HTML, Teamwork. Responsibilities include developing solutions, analyzing data, collaborating across teams, and implementing modern AI or software practices."
Data Analyst,"Deep Learning, Problem Solving, Java, Cloud, Kubernetes, React, Python","We are looking for a Data Analyst with expertise in Deep Learning, Problem Solving, Java, Cloud, Kubernetes, React, Python. Responsibilities include developing solutions, analyzing data, collaborating across teams, and implementing modern AI or software practices."
HR Specialist,"SQL, Data Analysis, Java, NLP, Statistics, Python, Teamwork, Communication, Kubernetes","We are looking for a HR Specialist with expertise in SQL, Data Analysis, Java, NLP, Statistics, Python, Teamwork, Communication, Kubernetes. Responsibilities include developing solutions, analyzing data, collaborating across teams, and implementing modern AI or software practices."
AI Engineer,"Deep Learning, NLP, HTML, Problem Solving, Statistics","We are looking for a AI Engineer with expertise in Deep Learning, NLP, HTML, Problem Solving, Statistics. Responsibilities include developing solutions, analyzing data, collaborating across teams, and implementing modern AI or software practices."
Machine Learning Engineer,"CSS, HTML, Python, Cloud, Statistics, TensorFlow, Azure, Teamwork","We are looking for a Machine Learning Engineer with expertise in CSS, HTML, Python, Cloud, Statistics, TensorFlow, Azure, Teamwork. Responsibilities include developing solutions, analyzing data, collaborating across teams, and implementing modern AI or software practices."
Web Developer,"Leadership, NLP, SQL, Java, Azure","We are looking for a Web Developer with expertise in Leadership, NLP, SQL, Java, Azure. Responsibilities include developing solutions, analyzing data, collaborating across teams, and implementing modern AI or software practices."
Software Engineer,"Python, Leadership, HTML, SQL, Cloud, CSS, Azure, AWS, Communication","We are looking for a Software Engineer with expertise in Python, Leadership, HTML, SQL, Cloud, CSS, Azure, AWS, Communication. Responsibilities include developing solutions, analyzing data, collaborating across teams, and implementing modern AI or software practices."
Python Developer,"Deep Learning, Statistics, TensorFlow, Problem Solving, Docker, Cloud, React, AWS","We are looking for a Python Developer with expertise in Deep Learning, Statistics, TensorFlow, Problem Solving, Docker, Cloud, React, AWS. Responsibilities include developing solutions, analyzing data, collaborating across teams, and implementing modern AI or software practices."
Data Scientist,"Statistics, TensorFlow, Leadership, Communication, Azure, Problem Solving, Data Analysis","We are looking for a Data Scientist with expertise in Statistics, TensorFlow, Leadership, Communication, Azure, Problem Solving, Data Analysis. Responsibilities include developing solutions, analyzing data, collaborating across teams, and implementing modern AI or software practices."
Cloud Engineer,"Kubernetes, Problem Solving, HTML, NLP, Leadership, AWS","We are looking for a Cloud Engineer with expertise in Kubernetes, Problem Solving, HTML, NLP, Leadership, AWS. Responsibilities include developing solutions, analyzing data, collaborating across teams, and implementing modern AI or software practices."
HR Recruiter,"SQL, Machine Learning, NLP, Kubernetes, Java, TensorFlow","We are looking for a HR Recruiter with expertise in SQL, Machine Learning, NLP, Kubernetes, Java, TensorFlow. Responsibilities include developing solutions, analyzing data, collaborating across teams, and implementing modern AI or software practices."
DevOps Engineer,"NLP, CSS, Azure, Communication, Deep Learning, Flask, Docker, Data Analysis, Problem Solving","We are looking for a DevOps Engineer with expertise in NLP, CSS, Azure, Communication, Deep Learning, Flask, Docker, Data Analysis, Problem Solving. Responsibilities include developing solutions, analyzing data, collaborating across teams, and implementing modern AI or software practices."
UI/UX Designer,"Leadership, Deep Learning, NLP, React, AWS, Azure","We are looking for a UI/UX Designer with expertise in Leadership, Deep Learning, NLP, React, AWS, Azure. Responsibilities include developing solutions, analyzing data, collaborating across teams, and implementing modern AI or software practices."
Business Analyst,"Java, React, Problem Solving, AWS, Kubernetes, Data Analysis","We are looking for a Business Analyst with expertise in Java, React, Problem Solving, AWS, Kubernetes, Data Analysis. Responsibilities include developing solutions, analyzing data, collaborating across teams, and implementing modern AI or software practices."
NLP Engineer,"TensorFlow, Deep Learning, Statistics, Communication, Cloud","We are looking for a NLP Engineer with expertise in TensorFlow, Deep Learning, Statistics, Communication, Cloud. Responsibilities include developing solutions, analyzing data, collaborating across teams, and implementing modern AI or software practices."
Cybersecurity Specialist,"Deep Learning, Problem Solving, Machine Learning, Statistics, NLP, AWS, Flask, Teamwork","We are looking for a Cybersecurity Specialist with expertise in Deep Learning, Problem Solving, Machine Learning, Statistics, NLP, AWS, Flask, Teamwork. Responsibilities include developing solutions, analyzing data, collaborating across teams, and implementing modern AI or software practices."
Data Analyst,"React, HTML, Communication, Python, Flask, CSS, Azure, Statistics, Teamwork","We are looking for a Data Analyst with expertise in React, HTML, Communication, Python, Flask, CSS, Azure, Statistics, Teamwork. Responsibilities include developing solutions, analyzing data, collaborating across teams, and implementing modern AI or software practices."
HR Specialist,"Azure, Cloud, Machine Learning, React, Python, Docker, NLP, Leadership, SQL","We are looking for a HR Specialist with expertise in Azure, Cloud, Machine Learning, React, Python, Docker, NLP, Leadership, SQL. Responsibilities include developing solutions, analyzing data, collaborating across teams, and implementing modern AI or software practices."
AI Engineer,"Kubernetes, Data Analysis, Docker, Java, Cloud, Python, TensorFlow","We are looking for a AI Engineer with expertise in Kubernetes, Data Analysis, Docker, Java, Cloud, Python, TensorFlow. Responsibilities include developing solutions, analyzing data, collaborating across teams, and implementing modern AI or software practices."
Machine Learning Engineer,"Teamwork, Data Analysis, CSS, Communication, SQL, React","We are looking for a Machine Learning Engineer with expertise in Teamwork, Data Analysis, CSS, Communication, SQL, React. Responsibilities include developing solutions, analyzing data, collaborating across teams, and implementing modern AI or software practices."
Web Developer,"Leadership, Communication, HTML, Teamwork, Flask","We are looking for a Web Developer with expertise in Leadership, Communication, HTML, Teamwork, Flask. Responsibilities include developing solutions, analyzing data, collaborating across teams, and implementing modern AI or software practices."
Software Engineer,"AWS, Deep Learning, NLP, Azure, Java, Flask","We are looking for a Software Engineer with expertise in AWS, Deep Learning, NLP, Azure, Java, Flask. Responsibilities include developing solutions, analyzing data, collaborating across teams, and implementing modern AI or software practices."
Python Developer,"Kubernetes, SQL, Leadership, Flask, HTML","We are looking for a Python Developer with expertise in Kubernetes, SQL, Leadership, Flask, HTML. Responsibilities include developing solutions, analyzing data, collaborating across teams, and implementing modern AI or software practices."
Data Scientist,"Deep Learning, AWS, NLP, Statistics, Kubernetes, Data Analysis, TensorFlow, Docker, Leadership","We are looking for a Data Scientist with expertise in Deep Learning, AWS, NLP, Statistics, Kubernetes, Data Analysis, TensorFlow, Docker, Leadership. Responsibilities include developing solutions, analyzing data, collaborating across teams, and implementing modern AI or software practices."
Cloud Engineer,"Python, NLP, AWS, Docker, HTML, Machine Learning, Flask, Azure","We are looking for a Cloud Engineer with expertise in Python, NLP, AWS, Docker, HTML, Machine Learning, Flask, Azure. Responsibilities include developing solutions, analyzing data, collaborating across teams, and implementing modern AI or software practices."
HR Recruiter,"TensorFlow, Leadership, SQL, Communication, Kubernetes","We are looking for a HR Recruiter with expertise in TensorFlow, Leadership, SQL, Communication, Kubernetes. Responsibilities include developing solutions, analyzing data, collaborating across teams, and implementing modern AI or software practices."
DevOps Engineer,"Java, Statistics, Docker, Data Analysis, HTML, SQL","We are looking for a DevOps Engineer with expertise in Java, Statistics, Docker, Data Analysis, HTML, SQL. Responsibilities include developing solutions, analyzing data, collaborating across teams, and implementing modern AI or software practices."
UI/UX Designer,"AWS, Data Analysis, SQL, Cloud, TensorFlow","We are looking for a UI/UX Designer with expertise in AWS, Data Analysis, SQL, Cloud, TensorFlow. Responsibilities include developing solutions, analyzing data, collaborating across teams, and implementing modern AI or software practices."
Business Analyst,"Cloud, AWS, Flask, Leadership, NLP","We are looking for a Business Analyst with expertise in Cloud, AWS, Flask, Leadership, NLP. Responsibilities include developing solutions, analyzing data, collaborating across teams, and implementing modern AI or software practices."
NLP Engineer,"Communication, Java, AWS, TensorFlow, CSS, Deep Learning","We are looking for a NLP Engineer with expertise in Communication, Java, AWS, TensorFlow, CSS, Deep Learning. Responsibilities include developing solutions, analyzing data, collaborating across teams, and implementing modern AI or software practices."
Cybersecurity Specialist,"Machine Learning, SQL, React, AWS, Docker, Problem Solving, Teamwork, Deep Learning","We are looking for a Cybersecurity Specialist with expertise in Machine Learning, SQL, React, AWS, Docker, Problem Solving, Teamwork, Deep Learning. Responsibilities include developing solutions, analyzing data, collaborating across teams, and implementing modern AI or software practices."
Data Analyst,"Communication, Cloud, React, Leadership, Data Analysis, TensorFlow","We are looking for a Data Analyst with expertise in Communication, Cloud, React, Leadership, Data Analysis, TensorFlow. Responsibilities include developing solutions, analyzing data, collaborating across teams, and implementing modern AI or software practices."
HR Specialist,"Problem Solving, Python, AWS, Statistics, Deep Learning, Teamwork, Flask","We are looking for a HR Specialist with expertise in Problem Solving, Python, AWS, Statistics, Deep Learning, Teamwork, Flask. Responsibilities include developing solutions, analyzing data, collaborating across teams, and implementing modern AI or software practices."
AI Engineer,"HTML, Machine Learning, CSS, Docker, Problem Solving, Kubernetes, Teamwork, Python","We are looking for a AI Engineer with expertise in HTML, Machine Learning, CSS, Docker, Problem Solving, Kubernetes, Teamwork, Python. Responsibilities include developing solutions, analyzing data, collaborating across teams, and implementing modern AI or software practices."
Machine Learning Engineer,"CSS, Problem Solving, Flask, Teamwork, Data Analysis, Machine Learning, Communication, HTML, Deep Learning","We are looking for a Machine Learning Engineer with expertise in CSS, Problem Solving, Flask, Teamwork, Data Analysis, Machine Learning, Communication, HTML, Deep Learning. Responsibilities include developing solutions, analyzing data, collaborating across teams, and implementing modern AI or software practices."
Web Developer,"Deep Learning, Flask, Leadership, TensorFlow, HTML, SQL, Problem Solving, Teamwork","We are looking for a Web Developer with expertise in Deep Learning, Flask, Leadership, TensorFlow, HTML, SQL, Problem Solving, Teamwork. Responsibilities include developing solutions, analyzing data, collaborating across teams, and implementing modern AI or software practices."
Software Engineer,"React, Problem Solving, AWS, Azure, Leadership","We are looking for a Software Engineer with expertise in React, Problem Solving, AWS, Azure, Leadership. Responsibilities include developing solutions, analyzing data, collaborating across teams, and implementing modern AI or software practices."
Python Developer,"React, Flask, Machine Learning, Leadership, Teamwork, Statistics, Cloud, HTML","We are looking for a Python Developer with expertise in React, Flask, Machine Learning, Leadership, Teamwork, Statistics, Cloud, HTML. Responsibilities include developing solutions, analyzing data, collaborating across teams, and implementing modern AI or software practices."
Data Scientist,"Leadership, Data Analysis, AWS, HTML, Statistics","We are looking for a Data Scientist with expertise in Leadership, Data Analysis, AWS, HTML, Statistics. Responsibilities include developing solutions, analyzing data, collaborating across teams, and implementing modern AI or software practices."
Cloud Engineer,"Teamwork, Docker, AWS, Kubernetes, Python, Leadership, TensorFlow, NLP, Problem Solving","We are looking for a Cloud Engineer with expertise in Teamwork, Docker, AWS, Kubernetes, Python, Leadership, TensorFlow, NLP, Problem Solving. Responsibilities include developing solutions, analyzing data, collaborating across teams, and implementing modern AI or software practices."
HR Recruiter,"Java, Kubernetes, Machine Learning, React, Azure, Cloud, Flask, NLP, Python","We are looking for a HR Recruiter with expertise in Java, Kubernetes, Machine Learning, React, Azure, Cloud, Flask, NLP, Python. Responsibilities include developing solutions, analyzing data, collaborating across teams, and implementing modern AI or software practices."
DevOps Engineer,"Flask, Leadership, AWS, HTML, Teamwork, Kubernetes, Deep Learning, SQL, NLP","We are looking for a DevOps Engineer with expertise in Flask, Leadership, AWS, HTML, Teamwork, Kubernetes, Deep Learning, SQL, NLP. Responsibilities include developing solutions, analyzing data, collaborating across teams, and implementing modern AI or software practices."
UI/UX Designer,"Problem Solving, Data Analysis, Docker, Kubernetes, Statistics","We are looking for a UI/UX Designer with expertise in Problem Solving, Data Analysis, Docker, Kubernetes, Statistics. Responsibilities include developing solutions, analyzing data, collaborating across teams, and implementing modern AI or software practices."
Business Analyst,"Machine Learning, Deep Learning, Python, Cloud, HTML, Java, Azure, Teamwork, Problem Solving","We are looking for a Business Analyst with expertise in Machine Learning, Deep Learning, Python, Cloud, HTML, Java, Azure, Teamwork, Problem Solving. Responsibilities include developing solutions, analyzing data, collaborating across teams, and implementing modern AI or software practices."
NLP Engineer,"Data Analysis, Teamwork, Docker, Python, CSS, Cloud, Azure, AWS","We are looking for a NLP Engineer with expertise in Data Analysis, Teamwork, Docker, Python, CSS, Cloud, Azure, AWS. Responsibilities include developing solutions, analyzing data, collaborating across teams, and implementing modern AI or software practices."
Cybersecurity Specialist,"TensorFlow, HTML, CSS, Flask, Kubernetes","We are looking for a Cybersecurity Specialist with expertise in TensorFlow, HTML, CSS, Flask, Kubernetes. Responsibilities include developing solutions, analyzing data, collaborating across teams, and implementing modern AI or software practices."
Data Analyst,"Leadership, SQL, Kubernetes, Java, Azure, AWS, Machine Learning","We are looking for a Data Analyst with expertise in Leadership, SQL, Kubernetes, Java, Azure, AWS, Machine Learning. Responsibilities include developing solutions, analyzing data, collaborating across teams, and implementing modern AI or software practices."
HR Specialist,"SQL, Problem Solving, Communication, Flask, Cloud, Leadership, Statistics, Docker","We are looking for a HR Specialist with expertise in SQL, Problem Solving, Communication, Flask, Cloud, Leadership, Statistics, Docker. Responsibilities include developing solutions, analyzing data, collaborating across teams, and implementing modern AI or software practices."
AI Engineer,"Cloud, HTML, Docker, Python, Data Analysis","We are looking for a AI Engineer with expertise in Cloud, HTML, Docker, Python, Data Analysis. Responsibilities include developing solutions, analyzing data, collaborating across teams, and implementing modern AI or software practices."
Machine Learning Engineer,"Statistics, Kubernetes, Deep Learning, AWS, React, Flask, Communication, Java","We are looking for a Machine Learning Engineer with expertise in Statistics, Kubernetes, Deep Learning, AWS, React, Flask, Communication, Java. Responsibilities include developing solutions, analyzing data, collaborating across teams, and implementing modern AI or software practices."
Web Developer,"HTML, TensorFlow, Machine Learning, Docker, Java, Cloud, Leadership","We are looking for a Web Developer with expertise in HTML, TensorFlow, Machine Learning, Docker, Java, Cloud, Leadership. Responsibilities include developing solutions, analyzing data, collaborating across teams, and implementing modern AI or software practices."
Software Engineer,"Communication, HTML, Docker, Machine Learning, NLP, Java, CSS","We are looking for a Software Engineer with expertise in Communication, HTML, Docker, Machine Learning, NLP, Java, CSS. Responsibilities include developing solutions, analyzing data, collaborating across teams, and implementing modern AI or software practices."
Python Developer,"Deep Learning, Flask, Machine Learning, Docker, HTML, Problem Solving, Communication","We are looking for a Python Developer with expertise in Deep Learning, Flask, Machine Learning, Docker, HTML, Problem Solving, Communication. Responsibilities include developing solutions, analyzing data, collaborating across teams, and implementing modern AI or software practices."
Data Scientist,"Cloud, Problem Solving, Python, Teamwork, TensorFlow, Deep Learning, AWS","We are looking for a Data Scientist with expertise in Cloud, Problem Solving, Python, Teamwork, TensorFlow, Deep Learning, AWS. Responsibilities include developing solutions, analyzing data, collaborating across teams, and implementing modern AI or software practices."
Cloud Engineer,"AWS, Kubernetes, SQL, Cloud, Java, NLP","We are looking for a Cloud Engineer with expertise in AWS, Kubernetes, SQL, Cloud, Java, NLP. Responsibilities include developing solutions, analyzing data, collaborating across teams, and implementing modern AI or software practices."
HR Recruiter,"HTML, Docker, TensorFlow, CSS, Problem Solving, Cloud, Leadership, Data Analysis","We are looking for a HR Recruiter with expertise in HTML, Docker, TensorFlow, CSS, Problem Solving, Cloud, Leadership, Data Analysis. Responsibilities include developing solutions, analyzing data, collaborating across teams, and implementing modern AI or software practices."
DevOps Engineer,"Statistics, Problem Solving, Azure, Docker, Communication","We are looking for a DevOps Engineer with expertise in Statistics, Problem Solving, Azure, Docker, Communication. Responsibilities include developing solutions, analyzing data, collaborating across teams, and implementing modern AI or software practices."
UI/UX Designer,"Java, Flask, HTML, Communication, Statistics, Machine Learning, NLP, Problem Solving, CSS","We are looking for a UI/UX Designer with expertise in Java, Flask, HTML, Communication, Statistics, Machine Learning, NLP, Problem Solving, CSS. Responsibilities include developing solutions, analyzing data, collaborating across teams, and implementing modern AI or software practices."
Business Analyst,"Java, NLP, Teamwork, Communication, CSS, TensorFlow, Machine Learning","We are looking for a Business Analyst with expertise in Java, NLP, Teamwork, Communication, CSS, TensorFlow, Machine Learning. Responsibilities include developing solutions, analyzing data, collaborating across teams, and implementing modern AI or software practices."
NLP Engineer,"Deep Learning, AWS, Flask, Java, NLP, HTML, Statistics","We are looking for a NLP Engineer with expertise in Deep Learning, AWS, Flask, Java, NLP, HTML, Statistics. Responsibilities include developing solutions, analyzing data, collaborating across teams, and implementing modern AI or software practices."
Cybersecurity Specialist,"Deep Learning, SQL, AWS, Teamwork, Machine Learning","We are looking for a Cybersecurity Specialist with expertise in Deep Learning, SQL, AWS, Teamwork, Machine Learning. Responsibilities include developing solutions, analyzing data, collaborating across teams, and implementing modern AI or software practices."
Data Analyst,"TensorFlow, Flask, React, NLP, Java, Deep Learning, Cloud","We are looking for a Data Analyst with expertise in TensorFlow, Flask, React, NLP, Java, Deep Learning, Cloud. Responsibilities include developing solutions, analyzing data, collaborating across teams, and implementing modern AI or software practices."
HR Specialist,"Python, Flask, HTML, SQL, Problem Solving, Data Analysis, Teamwork","We are looking for a HR Specialist with expertise in Python, Flask, HTML, SQL, Problem Solving, Data Analysis, Teamwork. Responsibilities include developing solutions, analyzing data, collaborating across teams, and implementing modern AI or software practices."
AI Engineer,"Data Analysis, React, TensorFlow, HTML, Python","We are looking for a AI Engineer with expertise in Data Analysis, React, TensorFlow, HTML, Python. Responsibilities include developing solutions, analyzing data, collaborating across teams, and implementing modern AI or software practices."
Machine Learning Engineer,"TensorFlow, Cloud, NLP, Flask, AWS, React, Java, Machine Learning","We are looking for a Machine Learning Engineer with expertise in TensorFlow, Cloud, NLP, Flask, AWS, React, Java, Machine Learning. Responsibilities include developing solutions, analyzing data, collaborating across teams, and implementing modern AI or software practices."
Web Developer,"Flask, Leadership, CSS, TensorFlow, Azure, Kubernetes, Deep Learning, Machine Learning, Teamwork","We are looking for a Web Developer with expertise in Flask, Leadership, CSS, TensorFlow, Azure, Kubernetes, Deep Learning, Machine Learning, Teamwork. Responsibilities include developing solutions, analyzing data, collaborating across teams, and implementing modern AI or software practices."
Software Engineer,"Machine Learning, HTML, Azure, Kubernetes, CSS, SQL, Teamwork, Problem Solving","We are looking for a Software Engineer with expertise in Machine Learning, HTML, Azure, Kubernetes, CSS, SQL, Teamwork, Problem Solving. Responsibilities include developing solutions, analyzing data, collaborating across teams, and implementing modern AI or software practices."
Python Developer,"HTML, Teamwork, AWS, TensorFlow, Java, Azure, Statistics","We are looking for a Python Developer with expertise in HTML, Teamwork, AWS, TensorFlow, Java, Azure, Statistics. Responsibilities include developing solutions, analyzing data, collaborating across teams, and implementing modern AI or software practices."
Data Scientist,"Java, Flask, Statistics, Leadership, HTML, Data Analysis","We are looking for a Data Scientist with expertise in Java, Flask, Statistics, Leadership, HTML, Data Analysis. Responsibilities include developing solutions, analyzing data, collaborating across teams, and implementing modern AI or software practices."
Cloud Engineer,"React, Java, NLP, Machine Learning, AWS, Leadership, Data Analysis, Problem Solving","We are looking for a Cloud Engineer with expertise in React, Java, NLP, Machine Learning, AWS, Leadership, Data Analysis, Problem Solving. Responsibilities include developing solutions, analyzing data, collaborating across teams, and implementing modern AI or software practices."
HR Recruiter,"Machine Learning, React, AWS, Deep Learning, SQL, Problem Solving","We are looking for a HR Recruiter with expertise in Machine Learning, React, AWS, Deep Learning, SQL, Problem Solving. Responsibilities include developing solutions, analyzing data, collaborating across teams, and implementing modern AI or software practices."
DevOps Engineer,"Java, Python, SQL, TensorFlow, Communication, Cloud","We are looking for a DevOps Engineer with expertise in Java, Python, SQL, TensorFlow, Communication, Cloud. Responsibilities include developing solutions, analyzing data, collaborating across teams, and implementing modern AI or software practices."
UI/UX Designer,"Statistics, Azure, Deep Learning, Communication, Cloud, AWS, Java, Machine Learning","We are looking for a UI/UX Designer with expertise in Statistics, Azure, Deep Learning, Communication, Cloud, AWS, Java, Machine Learning. Responsibilities include developing solutions, analyzing data, collaborating across teams, and implementing modern AI or software practices."
Business Analyst,"Data Analysis, Communication, CSS, TensorFlow, React","We are looking for a Business Analyst with expertise in Data Analysis, Communication, CSS, TensorFlow, React. Responsibilities include developing solutions, analyzing data, collaborating across teams, and implementing modern AI or software practices."
NLP Engineer,"Statistics, Azure, Teamwork, Data Analysis, Deep Learning, AWS","We are looking for a NLP Engineer with expertise in Statistics, Azure, Teamwork, Data Analysis, Deep Learning, AWS. Responsibilities include developing solutions, analyzing data, collaborating across teams, and implementing modern AI or software practices."
Cybersecurity Specialist,"Communication, Azure, Leadership, HTML, TensorFlow","We are looking for a Cybersecurity Specialist with expertise in Communication, Azure, Leadership, HTML, TensorFlow. Responsibilities include developing solutions, analyzing data, collaborating across teams, and implementing modern AI or software practices."
Data Analyst,"Leadership, CSS, HTML, Communication, NLP, Machine Learning","We are looking for a Data Analyst with expertise in Leadership, CSS, HTML, Communication, NLP, Machine Learning. Responsibilities include developing solutions, analyzing data, collaborating across teams, and implementing modern AI or software practices."
HR Specialist,"React, Azure, HTML, Data Analysis, Teamwork, Flask, NLP, Communication, Machine Learning","We are looking for a HR Specialist with expertise in React, Azure, HTML, Data Analysis, Teamwork, Flask, NLP, Communication, Machine Learning. Responsibilities include developing solutions, analyzing data, collaborating across teams, and implementing modern AI or software practices."
AI Engineer,"Statistics, CSS, Leadership, Java, Teamwork, Problem Solving, Python, Flask, Docker","We are looking for a AI Engineer with expertise in Statistics, CSS, Leadership, Java, Teamwork, Problem Solving, Python, Flask, Docker. Responsibilities include developing solutions, analyzing data, collaborating across teams, and implementing modern AI or software practices."
Machine Learning Engineer,"TensorFlow, Machine Learning, Docker, Statistics, HTML, SQL, Teamwork, Java, NLP","We are looking for a Machine Learning Engineer with expertise in TensorFlow, Machine Learning, Docker, Statistics, HTML, SQL, Teamwork, Java, NLP. Responsibilities include developing solutions, analyzing data, collaborating across teams, and implementing modern AI or software practices."
Web Developer,"Deep Learning, HTML, Communication, AWS, Machine Learning, Data Analysis, Cloud","We are looking for a Web Developer with expertise in Deep Learning, HTML, Communication, AWS, Machine Learning, Data Analysis, Cloud. Responsibilities include developing solutions, analyzing data, collaborating across teams, and implementing modern AI or software practices."
Software Engineer,"React, Cloud, CSS, TensorFlow, Docker, Kubernetes, Statistics","We are looking for a Software Engineer with expertise in React, Cloud, CSS, TensorFlow, Docker, Kubernetes, Statistics. Responsibilities include developing solutions, analyzing data, collaborating across teams, and implementing modern AI or software practices."
Python Developer,"Problem Solving, NLP, CSS, Flask, SQL","We are looking for a Python Developer with expertise in Problem Solving, NLP, CSS, Flask, SQL. Responsibilities include developing solutions, analyzing data, collaborating across teams, and implementing modern AI or software practices."
Data Scientist,"Cloud, Python, Statistics, Docker, Leadership, Data Analysis, Kubernetes","We are looking for a Data Scientist with expertise in Cloud, Python, Statistics, Docker, Leadership, Data Analysis, Kubernetes. Responsibilities include developing solutions, analyzing data, collaborating across teams, and implementing modern AI or software practices."
Cloud Engineer,"Machine Learning, TensorFlow, Teamwork, SQL, Docker","We are looking for a Cloud Engineer with expertise in Machine Learning, TensorFlow, Teamwork, SQL, Docker. Responsibilities include developing solutions, analyzing data, collaborating across teams, and implementing modern AI or software practices."
HR Recruiter,"Azure, Statistics, Problem Solving, Communication, CSS, Machine Learning, React, Python","We are looking for a HR Recruiter with expertise in Azure, Statistics, Problem Solving, Communication, CSS, Machine Learning, React, Python. Responsibilities include developing solutions, analyzing data, collaborating across teams, and implementing modern AI or software practices."
DevOps Engineer,"Machine Learning, Problem Solving, Cloud, Statistics, Azure, TensorFlow, Docker, Flask, Python","We are looking for a DevOps Engineer with expertise in Machine Learning, Problem Solving, Cloud, Statistics, Azure, TensorFlow, Docker, Flask, Python. Responsibilities include developing solutions, analyzing data, collaborating across teams, and implementing modern AI or software practices."
UI/UX Designer,"Docker, Azure, Problem Solving, Teamwork, Python","We are looking for a UI/UX Designer with expertise in Docker, Azure, Problem Solving, Teamwork, Python. Responsibilities include developing solutions, analyzing data, collaborating across teams, and implementing modern AI or software practices."
Business Analyst,"Docker, Machine Learning, AWS, Communication, Data Analysis","We are looking for a Business Analyst with expertise in Docker, Machine Learning, AWS, Communication, Data Analysis. Responsibilities include developing solutions, analyzing data, collaborating across teams, and implementing modern AI or software practices."
NLP Engineer,"Communication, Teamwork, Deep Learning, AWS, Data Analysis","We are looking for a NLP Engineer with expertise in Communication, Teamwork, Deep Learning, AWS, Data Analysis. Responsibilities include developing solutions, analyzing data, collaborating across teams, and implementing modern AI or software practices."
Cybersecurity Specialist,"HTML, Data Analysis, Machine Learning, Java, Azure, Communication, React, AWS, Cloud","We are looking for a Cybersecurity Specialist with expertise in HTML, Data Analysis, Machine Learning, Java, Azure, Communication, React, AWS, Cloud. Responsibilities include developing solutions, analyzing data, collaborating across teams, and implementing modern AI or software practices."
Data Analyst,"Machine Learning, React, Communication, Python, Deep Learning","We are looking for a Data Analyst with expertise in Machine Learning, React, Communication, Python, Deep Learning. Responsibilities include developing solutions, analyzing data, collaborating across teams, and implementing modern AI or software practices."
HR Specialist,"Problem Solving, CSS, Deep Learning, Flask, Cloud","We are looking for a HR Specialist with expertise in Problem Solving, CSS, Deep Learning, Flask, Cloud. Responsibilities include developing solutions, analyzing data, collaborating across teams, and implementing modern AI or software practices."
AI Engineer,"Leadership, Python, Machine Learning, CSS, SQL, Java, AWS","We are looking for a AI Engineer with expertise in Leadership, Python, Machine Learning, CSS, SQL, Java, AWS. Responsibilities include developing solutions, analyzing data, collaborating across teams, and implementing modern AI or software practices."
Machine Learning Engineer,"Communication, Deep Learning, Statistics, CSS, Python, Azure, Problem Solving, Cloud","We are looking for a Machine Learning Engineer with expertise in Communication, Deep Learning, Statistics, CSS, Python, Azure, Problem Solving, Cloud. Responsibilities include developing solutions, analyzing data, collaborating across teams, and implementing modern AI or software practices."
Web Developer,"Deep Learning, Flask, AWS, Docker, CSS, Teamwork, Cloud, Machine Learning, Communication","We are looking for a Web Developer with expertise in Deep Learning, Flask, AWS, Docker, CSS, Teamwork, Cloud, Machine Learning, Communication. Responsibilities include developing solutions, analyzing data, collaborating across teams, and implementing modern AI or software practices."
Software Engineer,"Communication, Python, Leadership, Teamwork, SQL, Java, Flask, AWS","We are looking for a Software Engineer with expertise in Communication, Python, Leadership, Teamwork, SQL, Java, Flask, AWS. Responsibilities include developing solutions, analyzing data, collaborating across teams, and implementing modern AI or software practices."
Python Developer,"Azure, CSS, Java, React, Cloud, Leadership, Flask, Docker","We are looking for a Python Developer with expertise in Azure, CSS, Java, React, Cloud, Leadership, Flask, Docker. Responsibilities include developing solutions, analyzing data, collaborating across teams, and implementing modern AI or software practices."
Data Scientist,"Docker, Statistics, Java, Data Analysis, Azure, Kubernetes","We are looking for a Data Scientist with expertise in Docker, Statistics, Java, Data Analysis, Azure, Kubernetes. Responsibilities include developing solutions, analyzing data, collaborating across teams, and implementing modern AI or software practices."
Cloud Engineer,"TensorFlow, SQL, Cloud, HTML, Leadership, Statistics, Teamwork, Machine Learning, AWS","We are looking for a Cloud Engineer with expertise in TensorFlow, SQL, Cloud, HTML, Leadership, Statistics, Teamwork, Machine Learning, AWS. Responsibilities include developing solutions, analyzing data, collaborating across teams, and implementing modern AI or software practices."
HR Recruiter,"HTML, Leadership, Statistics, Azure, Problem Solving, Java, Kubernetes, NLP, Deep Learning","We are looking for a HR Recruiter with expertise in HTML, Leadership, Statistics, Azure, Problem Solving, Java, Kubernetes, NLP, Deep Learning. Responsibilities include developing solutions, analyzing data, collaborating across teams, and implementing modern AI or software practices."
DevOps Engineer,"TensorFlow, Communication, Flask, Machine Learning, React, Python","We are looking for a DevOps Engineer with expertise in TensorFlow, Communication, Flask, Machine Learning, React, Python. Responsibilities include developing solutions, analyzing data, collaborating across teams, and implementing modern AI or software practices."
UI/UX Designer,"Java, Kubernetes, Azure, Cloud, Statistics, Problem Solving, Deep Learning, Python, CSS","We are looking for a UI/UX Designer with expertise in Java, Kubernetes, Azure, Cloud, Statistics, Problem Solving, Deep Learning, Python, CSS. Responsibilities include developing solutions, analyzing data, collaborating across teams, and implementing modern AI or software practices."
Business Analyst,"SQL, Azure, Teamwork, NLP, Leadership, Communication, Java","We are looking for a Business Analyst with expertise in SQL, Azure, Teamwork, NLP, Leadership, Communication, Java. Responsibilities include developing solutions, analyzing data, collaborating across teams, and implementing modern AI or software practices."
NLP Engineer,"Problem Solving, Machine Learning, Java, SQL, Flask, Python, Teamwork","We are looking for a NLP Engineer with expertise in Problem Solving, Machine Learning, Java, SQL, Flask, Python, Teamwork. Responsibilities include developing solutions, analyzing data, collaborating across teams, and implementing modern AI or software practices."
Cybersecurity Specialist,"Problem Solving, React, TensorFlow, Data Analysis, HTML, Python, Docker, Leadership","We are looking for a Cybersecurity Specialist with expertise in Problem Solving, React, TensorFlow, Data Analysis, HTML, Python, Docker, Leadership. Responsibilities include developing solutions, analyzing data, collaborating across teams, and implementing modern AI or software practices."
Data Analyst,"Python, Teamwork, Data Analysis, Deep Learning, React","We are looking for a Data Analyst with expertise in Python, Teamwork, Data Analysis, Deep Learning, React. Responsibilities include developing solutions, analyzing data, collaborating across teams, and implementing modern AI or software practices."
HR Specialist,"React, HTML, Leadership, Cloud, Docker","We are looking for a HR Specialist with expertise in React, HTML, Leadership, Cloud, Docker. Responsibilities include developing solutions, analyzing data, collaborating across teams, and implementing modern AI or software practices."
AI Engineer,"Flask, Kubernetes, Azure, Data Analysis, HTML, Docker, TensorFlow, NLP, Java","We are looking for a AI Engineer with expertise in Flask, Kubernetes, Azure, Data Analysis, HTML, Docker, TensorFlow, NLP, Java. Responsibilities include developing solutions, analyzing data, collaborating across teams, and implementing modern AI or software practices."
Machine Learning Engineer,"CSS, Python, HTML, Data Analysis, Cloud, Docker","We are looking for a Machine Learning Engineer with expertise in CSS, Python, HTML, Data Analysis, Cloud, Docker. Responsibilities include developing solutions, analyzing data, collaborating across teams, and implementing modern AI or software practices."
Web Developer,"Data Analysis, Docker, Kubernetes, Flask, Statistics, NLP, AWS, Machine Learning, SQL","We are looking for a Web Developer with expertise in Data Analysis, Docker, Kubernetes, Flask, Statistics, NLP, AWS, Machine Learning, SQL. Responsibilities include developing solutions, analyzing data, collaborating across teams, and implementing modern AI or software practices."
Software Engineer,"Flask, Deep Learning, Cloud, Python, Java, CSS, TensorFlow, Problem Solving","We are looking for a Software Engineer with expertise in Flask, Deep Learning, Cloud, Python, Java, CSS, TensorFlow, Problem Solving. Responsibilities include developing solutions, analyzing data, collaborating across teams, and implementing modern AI or software practices."
Python Developer,"CSS, Leadership, HTML, NLP, Teamwork","We are looking for a Python Developer with expertise in CSS, Leadership, HTML, NLP, Teamwork. Responsibilities include developing solutions, analyzing data, collaborating across teams, and implementing modern AI or software practices."
Data Scientist,"React, Problem Solving, Deep Learning, Kubernetes, CSS, TensorFlow","We are looking for a Data Scientist with expertise in React, Problem Solving, Deep Learning, Kubernetes, CSS, TensorFlow. Responsibilities include developing solutions, analyzing data, collaborating across teams, and implementing modern AI or software practices."
Cloud Engineer,"React, Cloud, Flask, Java, Communication, Python, Teamwork, TensorFlow, Data Analysis","We are looking for a Cloud Engineer with expertise in React, Cloud, Flask, Java, Communication, Python, Teamwork, TensorFlow, Data Analysis. Responsibilities include developing solutions, analyzing data, collaborating across teams, and implementing modern AI or software practices."
HR Recruiter,"AWS, Deep Learning, TensorFlow, Machine Learning, Kubernetes, Azure, Statistics, NLP","We are looking for a HR Recruiter with expertise in AWS, Deep Learning, TensorFlow, Machine Learning, Kubernetes, Azure, Statistics, NLP. Responsibilities include developing solutions, analyzing data, collaborating across teams, and implementing modern AI or software practices."
DevOps Engineer,"Python, Teamwork, Java, Leadership, Kubernetes, TensorFlow, CSS, Deep Learning","We are looking for a DevOps Engineer with expertise in Python, Teamwork, Java, Leadership, Kubernetes, TensorFlow, CSS, Deep Learning. Responsibilities include developing solutions, analyzing data, collaborating across teams, and implementing modern AI or software practices."
UI/UX Designer,"Leadership, Teamwork, Docker, Azure, Data Analysis, Statistics, Cloud, HTML","We are looking for a UI/UX Designer with expertise in Leadership, Teamwork, Docker, Azure, Data Analysis, Statistics, Cloud, HTML. Responsibilities include developing solutions, analyzing data, collaborating across teams, and implementing modern AI or software practices."
Business Analyst,"Docker, Deep Learning, Teamwork, Python, NLP, React, AWS, Problem Solving","We are looking for a Business Analyst with expertise in Docker, Deep Learning, Teamwork, Python, NLP, React, AWS, Problem Solving. Responsibilities include developing solutions, analyzing data, collaborating across teams, and implementing modern AI or software practices."
NLP Engineer,"HTML, Cloud, Kubernetes, AWS, Statistics, Machine Learning, Data Analysis","We are looking for a NLP Engineer with expertise in HTML, Cloud, Kubernetes, AWS, Statistics, Machine Learning, Data Analysis. Responsibilities include developing solutions, analyzing data, collaborating across teams, and implementing modern AI or software practices."
Cybersecurity Specialist,"Teamwork, Flask, AWS, React, CSS, NLP, Deep Learning, Leadership, SQL","We are looking for a Cybersecurity Specialist with expertise in Teamwork, Flask, AWS, React, CSS, NLP, Deep Learning, Leadership, SQL. Responsibilities include developing solutions, analyzing data, collaborating across teams, and implementing modern AI or software practices."
Data Analyst,"NLP, Teamwork, Cloud, Kubernetes, Machine Learning, Deep Learning, Java","We are looking for a Data Analyst with expertise in NLP, Teamwork, Cloud, Kubernetes, Machine Learning, Deep Learning, Java. Responsibilities include developing solutions, analyzing data, collaborating across teams, and implementing modern AI or software practices."
HR Specialist,"Statistics, React, Cloud, HTML, Docker, TensorFlow, Communication","We are looking for a HR Specialist with expertise in Statistics, React, Cloud, HTML, Docker, TensorFlow, Communication. Responsibilities include developing solutions, analyzing data, collaborating across teams, and implementing modern AI or software practices."
AI Engineer,"Problem Solving, NLP, Communication, SQL, Teamwork, Cloud, Azure, Deep Learning, Python","We are looking for a AI Engineer with expertise in Problem Solving, NLP, Communication, SQL, Teamwork, Cloud, Azure, Deep Learning, Python. Responsibilities include developing solutions, analyzing data, collaborating across teams, and implementing modern AI or software practices."
Machine Learning Engineer,"Data Analysis, CSS, Problem Solving, Machine Learning, NLP","We are looking for a Machine Learning Engineer with expertise in Data Analysis, CSS, Problem Solving, Machine Learning, NLP. Responsibilities include developing solutions, analyzing data, collaborating across teams, and implementing modern AI or software practices."
Web Developer,"Leadership, Azure, Teamwork, Problem Solving, Deep Learning, React, AWS, NLP","We are looking for a Web Developer with expertise in Leadership, Azure, Teamwork, Problem Solving, Deep Learning, React, AWS, NLP. Responsibilities include developing solutions, analyzing data, collaborating across teams, and implementing modern AI or software practices."
Software Engineer,"Cloud, Communication, HTML, Python, Java","We are looking for a Software Engineer with expertise in Cloud, Communication, HTML, Python, Java. Responsibilities include developing solutions, analyzing data, collaborating across teams, and implementing modern AI or software practices."
Python Developer,"Deep Learning, Problem Solving, HTML, NLP, SQL, TensorFlow, Communication, Docker, Teamwork","We are looking for a Python Developer with expertise in Deep Learning, Problem Solving, HTML, NLP, SQL, TensorFlow, Communication, Docker, Teamwork. Responsibilities include developing solutions, analyzing data, collaborating across teams, and implementing modern AI or software practices."
Data Scientist,"SQL, Java, Data Analysis, TensorFlow, Teamwork, CSS, Flask, HTML","We are looking for a Data Scientist with expertise in SQL, Java, Data Analysis, TensorFlow, Teamwork, CSS, Flask, HTML. Responsibilities include developing solutions, analyzing data, collaborating across teams, and implementing modern AI or software practices."
Cloud Engineer,"CSS, Leadership, Azure, Flask, TensorFlow, Cloud, AWS, Communication","We are looking for a Cloud Engineer with expertise in CSS, Leadership, Azure, Flask, TensorFlow, Cloud, AWS, Communication. Responsibilities include developing solutions, analyzing data, collaborating across teams, and implementing modern AI or software practices."
HR Recruiter,"Kubernetes, HTML, TensorFlow, Leadership, Docker","We are looking for a HR Recruiter with expertise in Kubernetes, HTML, TensorFlow, Leadership, Docker. Responsibilities include developing solutions, analyzing data, collaborating across teams, and implementing modern AI or software practices."
DevOps Engineer,"Azure, Java, Statistics, Docker, React, NLP, Cloud, Problem Solving, Teamwork","We are looking for a DevOps Engineer with expertise in Azure, Java, Statistics, Docker, React, NLP, Cloud, Problem Solving, Teamwork. Responsibilities include developing solutions, analyzing data, collaborating across teams, and implementing modern AI or software practices."
UI/UX Designer,"Azure, Flask, AWS, Deep Learning, Problem Solving, Teamwork, Data Analysis","We are looking for a UI/UX Designer with expertise in Azure, Flask, AWS, Deep Learning, Problem Solving, Teamwork, Data Analysis. Responsibilities include developing solutions, analyzing data, collaborating across teams, and implementing modern AI or software practices."
Business Analyst,"Docker, Statistics, Kubernetes, AWS, Flask","We are looking for a Business Analyst with expertise in Docker, Statistics, Kubernetes, AWS, Flask. Responsibilities include developing solutions, analyzing data, collaborating across teams, and implementing modern AI or software practices."
NLP Engineer,"HTML, Statistics, CSS, Machine Learning, TensorFlow, Azure, NLP, Docker","We are looking for a NLP Engineer with expertise in HTML, Statistics, CSS, Machine Learning, TensorFlow, Azure, NLP, Docker. Responsibilities include developing solutions, analyzing data, collaborating across teams, and implementing modern AI or software practices."
Cybersecurity Specialist,"TensorFlow, Java, NLP, Kubernetes, Leadership, HTML, Python, Statistics","We are looking for a Cybersecurity Specialist with expertise in TensorFlow, Java, NLP, Kubernetes, Leadership, HTML, Python, Statistics. Responsibilities include developing solutions, analyzing data, collaborating across teams, and implementing modern AI or software practices."
Data Analyst,"Data Analysis, Python, Statistics, Communication, Leadership, HTML, Kubernetes","We are looking for a Data Analyst with expertise in Data Analysis, Python, Statistics, Communication, Leadership, HTML, Kubernetes. Responsibilities include developing solutions, analyzing data, collaborating across teams, and implementing modern AI or software practices."
HR Specialist,"Machine Learning, Flask, Teamwork, CSS, Leadership, Data Analysis, Cloud","We are looking for a HR Specialist with expertise in Machine Learning, Flask, Teamwork, CSS, Leadership, Data Analysis, Cloud. Responsibilities include developing solutions, analyzing data, collaborating across teams, and implementing modern AI or software practices."
AI Engineer,"CSS, Data Analysis, HTML, Flask, Java, Deep Learning","We are looking for a AI Engineer with expertise in CSS, Data Analysis, HTML, Flask, Java, Deep Learning. Responsibilities include developing solutions, analyzing data, collaborating across teams, and implementing modern AI or software practices."
Machine Learning Engineer,"Kubernetes, CSS, Communication, TensorFlow, Problem Solving, HTML, Azure, Flask, Machine Learning","We are looking for a Machine Learning Engineer with expertise in Kubernetes, CSS, Communication, TensorFlow, Problem Solving, HTML, Azure, Flask, Machine Learning. Responsibilities include developing solutions, analyzing data, collaborating across teams, and implementing modern AI or software practices."
Web Developer,"Python, AWS, TensorFlow, Leadership, SQL, NLP, CSS, Flask","We are looking for a Web Developer with expertise in Python, AWS, TensorFlow, Leadership, SQL, NLP, CSS, Flask. Responsibilities include developing solutions, analyzing data, collaborating across teams, and implementing modern AI or software practices."
Software Engineer,"Cloud, NLP, Azure, Teamwork, Docker, Kubernetes, SQL, Communication, Java","We are looking for a Software Engineer with expertise in Cloud, NLP, Azure, Teamwork, Docker, Kubernetes, SQL, Communication, Java. Responsibilities include developing solutions, analyzing data, collaborating across teams, and implementing modern AI or software practices."
Python Developer,"Deep Learning, CSS, AWS, Statistics, Teamwork, Communication, HTML, Kubernetes","We are looking for a Python Developer with expertise in Deep Learning, CSS, AWS, Statistics, Teamwork, Communication, HTML, Kubernetes. Responsibilities include developing solutions, analyzing data, collaborating across teams, and implementing modern AI or software practices."
Data Scientist,"NLP, Azure, Docker, Java, Python, CSS","We are looking for a Data Scientist with expertise in NLP, Azure, Docker, Java, Python, CSS. Responsibilities include developing solutions, analyzing data, collaborating across teams, and implementing modern AI or software practices."
Cloud Engineer,"TensorFlow, Kubernetes, Leadership, AWS, Machine Learning","We are looking for a Cloud Engineer with expertise in TensorFlow, Kubernetes, Leadership, AWS, Machine Learning. Responsibilities include developing solutions, analyzing data, collaborating across teams, and implementing modern AI or software practices."
HR Recruiter,"CSS, HTML, Leadership, Azure, Cloud, SQL, Docker, Python","We are looking for a HR Recruiter with expertise in CSS, HTML, Leadership, Azure, Cloud, SQL, Docker, Python. Responsibilities include developing solutions, analyzing data, collaborating across teams, and implementing modern AI or software practices."
DevOps Engineer,"Cloud, Flask, Deep Learning, Java, Python","We are looking for a DevOps Engineer with expertise in Cloud, Flask, Deep Learning, Java, Python. Responsibilities include developing solutions, analyzing data, collaborating across teams, and implementing modern AI or software practices."
UI/UX Designer,"Teamwork, Machine Learning, React, Problem Solving, Python","We are looking for a UI/UX Designer with expertise in Teamwork, Machine Learning, React, Problem Solving, Python. Responsibilities include developing solutions, analyzing data, collaborating across teams, and implementing modern AI or software practices."
Business Analyst,"Communication, NLP, Teamwork, Docker, Leadership, Deep Learning","We are looking for a Business Analyst with expertise in Communication, NLP, Teamwork, Docker, Leadership, Deep Learning. Responsibilities include developing solutions, analyzing data, collaborating across teams, and implementing modern AI or software practices."
NLP Engineer,"Machine Learning, NLP, AWS, Problem Solving, Flask, TensorFlow, CSS","We are looking for a NLP Engineer with expertise in Machine Learning, NLP, AWS, Problem Solving, Flask, TensorFlow, CSS. Responsibilities include developing solutions, analyzing data, collaborating across teams, and implementing modern AI or software practices."
Cybersecurity Specialist,"HTML, Deep Learning, Flask, Kubernetes, AWS, CSS, Python, Machine Learning","We are looking for a Cybersecurity Specialist with expertise in HTML, Deep Learning, Flask, Kubernetes, AWS, CSS, Python, Machine Learning. Responsibilities include developing solutions, analyzing data, collaborating across teams, and implementing modern AI or software practices."
Data Analyst,"Flask, NLP, Python, Docker, React","We are looking for a Data Analyst with expertise in Flask, NLP, Python, Docker, React. Responsibilities include developing solutions, analyzing data, collaborating across teams, and implementing modern AI or software practices."
HR Specialist,"Kubernetes, Problem Solving, SQL, Teamwork, Data Analysis, Deep Learning, Docker, Leadership, Communication","We are looking for a HR Specialist with expertise in Kubernetes, Problem Solving, SQL, Teamwork, Data Analysis, Deep Learning, Docker, Leadership, Communication. Responsibilities include developing solutions, analyzing data, collaborating across teams, and implementing modern AI or software practices."
AI Engineer,"React, CSS, TensorFlow, Problem Solving, Statistics, Azure, Java, Docker, AWS","We are looking for a AI Engineer with expertise in React, CSS, TensorFlow, Problem Solving, Statistics, Azure, Java, Docker, AWS. Responsibilities include developing solutions, analyzing data, collaborating across teams, and implementing modern AI or software practices."
Machine Learning Engineer,"Communication, Machine Learning, React, NLP, TensorFlow, Cloud","We are looking for a Machine Learning Engineer with expertise in Communication, Machine Learning, React, NLP, TensorFlow, Cloud. Responsibilities include developing solutions, analyzing data, collaborating across teams, and implementing modern AI or software practices."
Web Developer,"Statistics, Flask, Leadership, Problem Solving, CSS, Kubernetes, TensorFlow, Teamwork, Deep Learning","We are looking for a Web Developer with expertise in Statistics, Flask, Leadership, Problem Solving, CSS, Kubernetes, TensorFlow, Teamwork, Deep Learning. Responsibilities include developing solutions, analyzing data, collaborating across teams, and implementing modern AI or software practices."
Software Engineer,"Java, NLP, Cloud, TensorFlow, Python, Flask, AWS","We are looking for a Software Engineer with expertise in Java, NLP, Cloud, TensorFlow, Python, Flask, AWS. Responsibilities include developing solutions, analyzing data, collaborating across teams, and implementing modern AI or software practices."
Python Developer,"Azure, CSS, React, Flask, Python, Problem Solving","We are looking for a Python Developer with expertise in Azure, CSS, React, Flask, Python, Problem Solving. Responsibilities include developing solutions, analyzing data, collaborating across teams, and implementing modern AI or software practices."
Data Scientist,"TensorFlow, CSS, Teamwork, Problem Solving, AWS, Python, NLP","We are looking for a Data Scientist with expertise in TensorFlow, CSS, Teamwork, Problem Solving, AWS, Python, NLP. Responsibilities include developing solutions, analyzing data, collaborating across teams, and implementing modern AI or software practices."
Cloud Engineer,"Teamwork, HTML, Problem Solving, Data Analysis, AWS, CSS, Communication, TensorFlow, Leadership","We are looking for a Cloud Engineer with expertise in Teamwork, HTML, Problem Solving, Data Analysis, AWS, CSS, Communication, TensorFlow, Leadership. Responsibilities include developing solutions, analyzing data, collaborating across teams, and implementing modern AI or software practices."
HR Recruiter,"Statistics, CSS, React, Deep Learning, Java, Machine Learning, SQL, Flask, AWS","We are looking for a HR Recruiter with expertise in Statistics, CSS, React, Deep Learning, Java, Machine Learning, SQL, Flask, AWS. Responsibilities include developing solutions, analyzing data, collaborating across teams, and implementing modern AI or software practices."
DevOps Engineer,"Data Analysis, Azure, Python, Kubernetes, AWS","We are looking for a DevOps Engineer with expertise in Data Analysis, Azure, Python, Kubernetes, AWS. Responsibilities include developing solutions, analyzing data, collaborating across teams, and implementing modern AI or software practices."
UI/UX Designer,"NLP, Flask, Deep Learning, Leadership, CSS, Teamwork, React, Communication, Java","We are looking for a UI/UX Designer with expertise in NLP, Flask, Deep Learning, Leadership, CSS, Teamwork, React, Communication, Java. Responsibilities include developing solutions, analyzing data, collaborating across teams, and implementing modern AI or software practices."
Business Analyst,"React, Statistics, Leadership, AWS, Azure, Cloud","We are looking for a Business Analyst with expertise in React, Statistics, Leadership, AWS, Azure, Cloud. Responsibilities include developing solutions, analyzing data, collaborating across teams, and implementing modern AI or software practices."
NLP Engineer,"Communication, Deep Learning, Java, SQL, Leadership, Kubernetes, Teamwork, Docker","We are looking for a NLP Engineer with expertise in Communication, Deep Learning, Java, SQL, Leadership, Kubernetes, Teamwork, Docker. Responsibilities include developing solutions, analyzing data, collaborating across teams, and implementing modern AI or software practices."
Cybersecurity Specialist,"NLP, Flask, React, Communication, Machine Learning, Statistics, Leadership","We are looking for a Cybersecurity Specialist with expertise in NLP, Flask, React, Communication, Machine Learning, Statistics, Leadership. Responsibilities include developing solutions, analyzing data, collaborating across teams, and implementing modern AI or software practices."
Data Analyst,"Flask, Cloud, NLP, Kubernetes, Python","We are looking for a Data Analyst with expertise in Flask, Cloud, NLP, Kubernetes, Python. Responsibilities include developing solutions, analyzing data, collaborating across teams, and implementing modern AI or software practices."
HR Specialist,"SQL, Deep Learning, Leadership, HTML, Machine Learning, Java, AWS","We are looking for a HR Specialist with expertise in SQL, Deep Learning, Leadership, HTML, Machine Learning, Java, AWS. Responsibilities include developing solutions, analyzing data, collaborating across teams, and implementing modern AI or software practices."
AI Engineer,"AWS, Kubernetes, Azure, NLP, Problem Solving, HTML, Communication, SQL, Machine Learning","We are looking for a AI Engineer with expertise in AWS, Kubernetes, Azure, NLP, Problem Solving, HTML, Communication, SQL, Machine Learning. Responsibilities include developing solutions, analyzing data, collaborating across teams, and implementing modern AI or software practices."
Machine Learning Engineer,"AWS, HTML, Communication, Python, Docker, Deep Learning, Leadership, Statistics, Data Analysis","We are looking for a Machine Learning Engineer with expertise in AWS, HTML, Communication, Python, Docker, Deep Learning, Leadership, Statistics, Data Analysis. Responsibilities include developing solutions, analyzing data, collaborating across teams, and implementing modern AI or software practices."
Web Developer,"Deep Learning, TensorFlow, Cloud, HTML, Leadership","We are looking for a Web Developer with expertise in Deep Learning, TensorFlow, Cloud, HTML, Leadership. Responsibilities include developing solutions, analyzing data, collaborating across teams, and implementing modern AI or software practices."
Software Engineer,"Problem Solving, Machine Learning, TensorFlow, Python, Communication","We are looking for a Software Engineer with expertise in Problem Solving, Machine Learning, TensorFlow, Python, Communication. Responsibilities include developing solutions, analyzing data, collaborating across teams, and implementing modern AI or software practices."
Python Developer,"Azure, CSS, Communication, Java, SQL, Python","We are looking for a Python Developer with expertise in Azure, CSS, Communication, Java, SQL, Python. Responsibilities include developing solutions, analyzing data, collaborating across teams, and implementing modern AI or software practices."
Data Scientist,"Deep Learning, SQL, Azure, Statistics, Flask, HTML, Cloud, Problem Solving, Data Analysis","We are looking for a Data Scientist with expertise in Deep Learning, SQL, Azure, Statistics, Flask, HTML, Cloud, Problem Solving, Data Analysis. Responsibilities include developing solutions, analyzing data, collaborating across teams, and implementing modern AI or software practices."
Cloud Engineer,"Problem Solving, Kubernetes, HTML, Flask, CSS, AWS","We are looking for a Cloud Engineer with expertise in Problem Solving, Kubernetes, HTML, Flask, CSS, AWS. Responsibilities include developing solutions, analyzing data, collaborating across teams, and implementing modern AI or software practices."
HR Recruiter,"Python, Docker, Java, TensorFlow, Data Analysis","We are looking for a HR Recruiter with expertise in Python, Docker, Java, TensorFlow, Data Analysis. Responsibilities include developing solutions, analyzing data, collaborating across teams, and implementing modern AI or software practices."
DevOps Engineer,"Machine Learning, CSS, Cloud, Deep Learning, Teamwork, Kubernetes","We are looking for a DevOps Engineer with expertise in Machine Learning, CSS, Cloud, Deep Learning, Teamwork, Kubernetes. Responsibilities include developing solutions, analyzing data, collaborating across teams, and implementing modern AI or software practices."
UI/UX Designer,"HTML, React, TensorFlow, Python, Data Analysis, Java, Deep Learning, AWS, Cloud","We are looking for a UI/UX Designer with expertise in HTML, React, TensorFlow, Python, Data Analysis, Java, Deep Learning, AWS, Cloud. Responsibilities include developing solutions, analyzing data, collaborating across teams, and implementing modern AI or software practices."
Business Analyst,"Data Analysis, Communication, CSS, Cloud, HTML, Java, AWS, Docker, Machine Learning","We are looking for a Business Analyst with expertise in Data Analysis, Communication, CSS, Cloud, HTML, Java, AWS, Docker, Machine Learning. Responsibilities include developing solutions, analyzing data, collaborating across teams, and implementing modern AI or software practices."
NLP Engineer,"HTML, Machine Learning, Cloud, Problem Solving, CSS, React, Statistics, SQL","We are looking for a NLP Engineer with expertise in HTML, Machine Learning, Cloud, Problem Solving, CSS, React, Statistics, SQL. Responsibilities include developing solutions, analyzing data, collaborating across teams, and implementing modern AI or software practices."
Cybersecurity Specialist,"Leadership, Data Analysis, Teamwork, CSS, Cloud","We are looking for a Cybersecurity Specialist with expertise in Leadership, Data Analysis, Teamwork, CSS, Cloud. Responsibilities include developing solutions, analyzing data, collaborating across teams, and implementing modern AI or software practices."
Data Analyst,"Deep Learning, NLP, Teamwork, React, Leadership, HTML","We are looking for a Data Analyst with expertise in Deep Learning, NLP, Teamwork, React, Leadership, HTML. Responsibilities include developing solutions, analyzing data, collaborating across teams, and implementing modern AI or software practices."
HR Specialist,"Communication, Machine Learning, Flask, CSS, React, Java, SQL, AWS, Azure","We are looking for a HR Specialist with expertise in Communication, Machine Learning, Flask, CSS, React, Java, SQL, AWS, Azure. Responsibilities include developing solutions, analyzing data, collaborating across teams, and implementing modern AI or software practices."
AI Engineer,"Statistics, Problem Solving, Machine Learning, Java, Data Analysis, Python, HTML, NLP","We are looking for a AI Engineer with expertise in Statistics, Problem Solving, Machine Learning, Java, Data Analysis, Python, HTML, NLP. Responsibilities include developing solutions, analyzing data, collaborating across teams, and implementing modern AI or software practices."
Machine Learning Engineer,"TensorFlow, Python, HTML, Cloud, Data Analysis, AWS","We are looking for a Machine Learning Engineer with expertise in TensorFlow, Python, HTML, Cloud, Data Analysis, AWS. Responsibilities include developing solutions, analyzing data, collaborating across teams, and implementing modern AI or software practices."
Web Developer,"Data Analysis, Statistics, Teamwork, Communication, CSS","We are looking for a Web Developer with expertise in Data Analysis, Statistics, Teamwork, Communication, CSS. Responsibilities include developing solutions, analyzing data, collaborating across teams, and implementing modern AI or software practices."
